#
# A fatal error has been detected by the Java Runtime Environment:
#
#  SIGSEGV (0xb) at pc=0x00007f26366207b8, pid=17165, tid=17166
#
# JRE version: OpenJDK Runtime Environment (25.0.4+7) (build 25.0.4+7-1-26.04-Ubuntu)
# Java VM: OpenJDK 64-Bit Server VM (25.0.4+7-1-26.04-Ubuntu, mixed mode, sharing, tiered, compressed oops, compressed class ptrs, g1 gc, linux-amd64)
# Problematic frame:
# C  [libgdx-freetype64.so+0x207b8]  FT_Request_Size+0x48
#
# Core dump will be written. Default location: Determined by the following: "/usr/lib/systemd/systemd-coredump %P %u %g %s %t %c %h %d %F" (alternatively, falling back to /home/abdullah/shattered-pixel-dungeon-ar/desktop/core.17165)
#
# If you would like to submit a bug report, please visit:
#   https://bugs.launchpad.net/ubuntu/+source/openjdk-25
# The crash happened outside the Java Virtual Machine in native code.
# See problematic frame for where to report the bug.
#

---------------  S U M M A R Y ------------

Command Line: -DImplementation-Title=com.shatteredpixel.shatteredpixeldungeon -DImplementation-Version=896 -DSpecification-Title=Shattered Pixel Dungeon -DSpecification-Version=3.3.8-INDEV -Dfile.encoding=UTF-8 -Duser.country=YE -Duser.language=ar -Duser.variant com.shatteredpixel.shatteredpixeldungeon.desktop.DesktopLauncher

Host: Intel(R) Core(TM) i7-5600U CPU @ 2.60GHz, 4 cores, 7G, Ubuntu 26.04.1 LTS
Time: Sun Sep 13 14:50:27 2026 +03 elapsed time: 37.857404 seconds (0d 0h 0m 37s)

---------------  T H R E A D  ---------------

Current thread (0x00007f26bc01c4b0):  JavaThread "SHPD Render Thread"        [_thread_in_native, id=17166, stack(0x00007f26c3700000,0x00007f26c3800000) (1024K)]

Stack: [0x00007f26c3700000,0x00007f26c3800000],  sp=0x00007f26c37fd600,  free space=1013k
Native frames: (J=compiled Java code, j=interpreted, Vv=VM code, C=native code)
C  [libgdx-freetype64.so+0x207b8]  FT_Request_Size+0x48
J 3540 c1 com.badlogic.gdx.graphics.g2d.freetype.FreeTypeFontGenerator.setPixelSizes(II)V (41 bytes) @ 0x00007f26a4ac4efc [0x00007f26a4ac4e00+0x00000000000000fc]
j  com.badlogic.gdx.graphics.g2d.freetype.FreeTypeFontGenerator.generateData(Lcom/badlogic/gdx/graphics/g2d/freetype/FreeTypeFontGenerator$FreeTypeFontParameter;Lcom/badlogic/gdx/graphics/g2d/freetype/FreeTypeFontGenerator$FreeTypeBitmapFontData;)Lcom/badlogic/gdx/graphics/g2d/freetype/FreeTypeFontGenerator$FreeTypeBitmapFontData;+65
j  com.badlogic.gdx.graphics.g2d.freetype.FreeTypeFontGenerator.generateFont(Lcom/badlogic/gdx/graphics/g2d/freetype/FreeTypeFontGenerator$FreeTypeFontParameter;Lcom/badlogic/gdx/graphics/g2d/freetype/FreeTypeFontGenerator$FreeTypeBitmapFontData;)Lcom/badlogic/gdx/graphics/g2d/BitmapFont;+38
J 3751 c1 com.watabou.utils.PlatformSupport.getFont(ILjava/lang/String;ZZ)Lcom/badlogic/gdx/graphics/g2d/BitmapFont; (252 bytes) @ 0x00007f26a4b257ac [0x00007f26a4b24ca0+0x0000000000000b0c]
J 3664 c1 com.watabou.noosa.RenderedText.measure()V (378 bytes) @ 0x00007f26a4af7734 [0x00007f26a4af72a0+0x0000000000000494]
J 4053 c1 com.shatteredpixel.shatteredpixeldungeon.ui.RenderedTextBlock.build()V (251 bytes) @ 0x00007f26a4baed04 [0x00007f26a4badf00+0x0000000000000e04]
J 4011 c1 com.shatteredpixel.shatteredpixeldungeon.ui.RenderedTextBlock.text(Ljava/lang/String;)V (50 bytes) @ 0x00007f26a4b9dfe4 [0x00007f26a4b9db00+0x00000000000004e4]
j  com.shatteredpixel.shatteredpixeldungeon.ui.StyledButton.<init>(Lcom/shatteredpixel/shatteredpixeldungeon/Chrome$Type;Ljava/lang/String;I)V+39
J 4056 c1 com.shatteredpixel.shatteredpixeldungeon.ui.RedButton.<init>(Ljava/lang/String;I)V (10 bytes) @ 0x00007f26a4bb2b14 [0x00007f26a4bb2a80+0x0000000000000094]
j  com.shatteredpixel.shatteredpixeldungeon.windows.WndSettings$LangsTab$1.<init>(Lcom/shatteredpixel/shatteredpixeldungeon/windows/WndSettings$LangsTab;Ljava/lang/String;ILjava/util/ArrayList;I)V+20
j  com.shatteredpixel.shatteredpixeldungeon.windows.WndSettings$LangsTab.createChildren()V+370
J 3508 c1 com.watabou.noosa.ui.Component.<init>()V (9 bytes) @ 0x00007f26a4ab3b74 [0x00007f26a4ab3800+0x0000000000000374]
j  com.shatteredpixel.shatteredpixeldungeon.windows.WndSettings$LangsTab.<init>()V+1
j  com.shatteredpixel.shatteredpixeldungeon.windows.WndSettings.<init>()V+366
J 2215 c1 java.lang.invoke.DirectMethodHandle$Holder.newInvokeSpecial(Ljava/lang/Object;)Ljava/lang/Object; java.base@25.0.4 (20 bytes) @ 0x00007f26a48f07d4 [0x00007f26a48f0700+0x00000000000000d4]
J 2003 c1 jdk.internal.reflect.DirectConstructorHandleAccessor.newInstance([Ljava/lang/Object;)Ljava/lang/Object; java.base@25.0.4 (130 bytes) @ 0x00007f26a48ac3c4 [0x00007f26a48ac080+0x0000000000000344]
J 1956 c1 java.lang.reflect.Constructor.newInstanceWithCaller([Ljava/lang/Object;ZLjava/lang/Class;)Ljava/lang/Object; java.base@25.0.4 (51 bytes) @ 0x00007f26a48a1b5c [0x00007f26a48a1a80+0x00000000000000dc]
J 3939 c1 java.lang.Class.newInstance()Ljava/lang/Object; java.base@25.0.4 (106 bytes) @ 0x00007f26a4b7d66c [0x00007f26a4b7cc00+0x0000000000000a6c]
J 3941 c1 com.badlogic.gdx.utils.reflect.ClassReflection.newInstance(Ljava/lang/Class;)Ljava/lang/Object; (69 bytes) @ 0x00007f26a4b7e36c [0x00007f26a4b7e280+0x00000000000000ec]
j  com.watabou.utils.Reflection.newInstanceUnhandled(Ljava/lang/Class;)Ljava/lang/Object;+1
j  com.shatteredpixel.shatteredpixeldungeon.scenes.PixelScene.restoreWindows()V+41
j  com.shatteredpixel.shatteredpixeldungeon.scenes.GameScene.restoreWindows()V+1
j  com.shatteredpixel.shatteredpixeldungeon.ShatteredPixelDungeon.switchScene()V+21
J 3400 c1 com.watabou.noosa.Game.step()V (41 bytes) @ 0x00007f26a4a8e01c [0x00007f26a4a8dd00+0x000000000000031c]
J 4026 c1 com.watabou.noosa.Game.render()V (97 bytes) @ 0x00007f26a4ba518c [0x00007f26a4ba4700+0x0000000000000a8c]
J 3416 c1 com.badlogic.gdx.backends.lwjgl3.Lwjgl3Window.update()Z (312 bytes) @ 0x00007f26a4a97f04 [0x00007f26a4a96f80+0x0000000000000f84]
j  com.badlogic.gdx.backends.lwjgl3.Lwjgl3Application.loop()V+120
j  com.badlogic.gdx.backends.lwjgl3.Lwjgl3Application.<init>(Lcom/badlogic/gdx/ApplicationListener;Lcom/badlogic/gdx/backends/lwjgl3/Lwjgl3ApplicationConfiguration;)V+269
j  com.shatteredpixel.shatteredpixeldungeon.desktop.DesktopLauncher.main([Ljava/lang/String;)V+528
v  ~StubRoutines::call_stub 0x00007f26abb37fa6
V  [libjvm.so+0xa357d5]  JavaCalls::call_helper(JavaValue*, methodHandle const&, JavaCallArguments*, JavaThread*)+0x295
V  [libjvm.so+0xafe6a4]  jni_invoke_static(JNIEnv_*, JavaValue*, _jobject*, JNICallType, _jmethodID*, JNI_ArgumentPusher*, JavaThread*) [clone .constprop.1]+0x354
V  [libjvm.so+0xb10df3]  jni_CallStaticVoidMethod+0x243
C  [libjli.so+0x400e]  invokeStaticMainWithArgs+0x4e
C  [libjli.so+0x512d]  JavaMain+0xf3d
C  [libjli.so+0x888d]  ThreadJavaMain+0xd
C  [libc.so.6+0xa3dfa]
Java frames: (J=compiled Java code, j=interpreted, Vv=VM code)
J 2997  com.badlogic.gdx.graphics.g2d.freetype.FreeType$Face.setPixelSizes(JII)Z (0 bytes) @ 0x00007f26ac1bfccf [0x00007f26ac1bfc80+0x000000000000004f]
J 3540 c1 com.badlogic.gdx.graphics.g2d.freetype.FreeTypeFontGenerator.setPixelSizes(II)V (41 bytes) @ 0x00007f26a4ac4efc [0x00007f26a4ac4e00+0x00000000000000fc]
j  com.badlogic.gdx.graphics.g2d.freetype.FreeTypeFontGenerator.generateData(Lcom/badlogic/gdx/graphics/g2d/freetype/FreeTypeFontGenerator$FreeTypeFontParameter;Lcom/badlogic/gdx/graphics/g2d/freetype/FreeTypeFontGenerator$FreeTypeBitmapFontData;)Lcom/badlogic/gdx/graphics/g2d/freetype/FreeTypeFontGenerator$FreeTypeBitmapFontData;+65
j  com.badlogic.gdx.graphics.g2d.freetype.FreeTypeFontGenerator.generateFont(Lcom/badlogic/gdx/graphics/g2d/freetype/FreeTypeFontGenerator$FreeTypeFontParameter;Lcom/badlogic/gdx/graphics/g2d/freetype/FreeTypeFontGenerator$FreeTypeBitmapFontData;)Lcom/badlogic/gdx/graphics/g2d/BitmapFont;+38
J 3751 c1 com.watabou.utils.PlatformSupport.getFont(ILjava/lang/String;ZZ)Lcom/badlogic/gdx/graphics/g2d/BitmapFont; (252 bytes) @ 0x00007f26a4b257ac [0x00007f26a4b24ca0+0x0000000000000b0c]
J 3664 c1 com.watabou.noosa.RenderedText.measure()V (378 bytes) @ 0x00007f26a4af7734 [0x00007f26a4af72a0+0x0000000000000494]
J 4053 c1 com.shatteredpixel.shatteredpixeldungeon.ui.RenderedTextBlock.build()V (251 bytes) @ 0x00007f26a4baed04 [0x00007f26a4badf00+0x0000000000000e04]
J 4011 c1 com.shatteredpixel.shatteredpixeldungeon.ui.RenderedTextBlock.text(Ljava/lang/String;)V (50 bytes) @ 0x00007f26a4b9dfe4 [0x00007f26a4b9db00+0x00000000000004e4]
j  com.shatteredpixel.shatteredpixeldungeon.ui.StyledButton.<init>(Lcom/shatteredpixel/shatteredpixeldungeon/Chrome$Type;Ljava/lang/String;I)V+39
J 4056 c1 com.shatteredpixel.shatteredpixeldungeon.ui.RedButton.<init>(Ljava/lang/String;I)V (10 bytes) @ 0x00007f26a4bb2b14 [0x00007f26a4bb2a80+0x0000000000000094]
j  com.shatteredpixel.shatteredpixeldungeon.windows.WndSettings$LangsTab$1.<init>(Lcom/shatteredpixel/shatteredpixeldungeon/windows/WndSettings$LangsTab;Ljava/lang/String;ILjava/util/ArrayList;I)V+20
j  com.shatteredpixel.shatteredpixeldungeon.windows.WndSettings$LangsTab.createChildren()V+370
J 3508 c1 com.watabou.noosa.ui.Component.<init>()V (9 bytes) @ 0x00007f26a4ab3b74 [0x00007f26a4ab3800+0x0000000000000374]
j  com.shatteredpixel.shatteredpixeldungeon.windows.WndSettings$LangsTab.<init>()V+1
j  com.shatteredpixel.shatteredpixeldungeon.windows.WndSettings.<init>()V+366
J 2215 c1 java.lang.invoke.DirectMethodHandle$Holder.newInvokeSpecial(Ljava/lang/Object;)Ljava/lang/Object; java.base@25.0.4 (20 bytes) @ 0x00007f26a48f07d4 [0x00007f26a48f0700+0x00000000000000d4]
J 2003 c1 jdk.internal.reflect.DirectConstructorHandleAccessor.newInstance([Ljava/lang/Object;)Ljava/lang/Object; java.base@25.0.4 (130 bytes) @ 0x00007f26a48ac3c4 [0x00007f26a48ac080+0x0000000000000344]
J 1956 c1 java.lang.reflect.Constructor.newInstanceWithCaller([Ljava/lang/Object;ZLjava/lang/Class;)Ljava/lang/Object; java.base@25.0.4 (51 bytes) @ 0x00007f26a48a1b5c [0x00007f26a48a1a80+0x00000000000000dc]
J 3939 c1 java.lang.Class.newInstance()Ljava/lang/Object; java.base@25.0.4 (106 bytes) @ 0x00007f26a4b7d66c [0x00007f26a4b7cc00+0x0000000000000a6c]
J 3941 c1 com.badlogic.gdx.utils.reflect.ClassReflection.newInstance(Ljava/lang/Class;)Ljava/lang/Object; (69 bytes) @ 0x00007f26a4b7e36c [0x00007f26a4b7e280+0x00000000000000ec]
j  com.watabou.utils.Reflection.newInstanceUnhandled(Ljava/lang/Class;)Ljava/lang/Object;+1
j  com.shatteredpixel.shatteredpixeldungeon.scenes.PixelScene.restoreWindows()V+41
j  com.shatteredpixel.shatteredpixeldungeon.scenes.GameScene.restoreWindows()V+1
j  com.shatteredpixel.shatteredpixeldungeon.ShatteredPixelDungeon.switchScene()V+21
J 3400 c1 com.watabou.noosa.Game.step()V (41 bytes) @ 0x00007f26a4a8e01c [0x00007f26a4a8dd00+0x000000000000031c]
J 4026 c1 com.watabou.noosa.Game.render()V (97 bytes) @ 0x00007f26a4ba518c [0x00007f26a4ba4700+0x0000000000000a8c]
J 3416 c1 com.badlogic.gdx.backends.lwjgl3.Lwjgl3Window.update()Z (312 bytes) @ 0x00007f26a4a97f04 [0x00007f26a4a96f80+0x0000000000000f84]
j  com.badlogic.gdx.backends.lwjgl3.Lwjgl3Application.loop()V+120
j  com.badlogic.gdx.backends.lwjgl3.Lwjgl3Application.<init>(Lcom/badlogic/gdx/ApplicationListener;Lcom/badlogic/gdx/backends/lwjgl3/Lwjgl3ApplicationConfiguration;)V+269
j  com.shatteredpixel.shatteredpixeldungeon.desktop.DesktopLauncher.main([Ljava/lang/String;)V+528
v  ~StubRoutines::call_stub 0x00007f26abb37fa6

siginfo: si_signo: 11 (SIGSEGV), si_code: 1 (SEGV_MAPERR), si_addr: 0x0000000000000073

Registers:
RAX=0x0000000000000006, RBX=0x00007f26bd471ea0, RCX=0x0000000000000000, RDX=0x0000000000000000
RSP=0x00007f26c37fd600, RBP=0x00007f26c37fd6b0, RSI=0x00007f26c37fd620, RDI=0x0000000000000023
R8 =0x000000000000000e, R9 =0x0000000000000001, R10=0x00007f26ac1bfccf, R11=0x00007f26a4ac4e20
R12=0x0000000000000000, R13=0x00007f26c37fd730, R14=0x00007f26c37fd6a0, R15=0x00007f26bc01c4b0
RIP=0x00007f26366207b8, EFLAGS=0x0000000000010297, CSGSFS=0x002b000000000033, ERR=0x0000000000000004
  TRAPNO=0x000000000000000e

XMM[0]=0x0000000000000000 0x0000000000000000
XMM[1]=0x0000000000000000 0x00007f26bc01c4b0
XMM[2]=0x0000000000000000 0x00007f26abb50719
XMM[3]=0x0000000000000000 0x00007f26bc01c4b0
XMM[4]=0x0000000000000000 0x000000003ea80000
XMM[5]=0x0000000000000000 0x000000003eb00000
XMM[6]=0x0000000000000000 0x000000003d800000
XMM[7]=0x0000000000000000 0x000000003dc00000
XMM[8]=0x0000000000000000 0x000000003d000000
XMM[9]=0x0000000000000000 0x000000003d800000
XMM[10]=0x0000000000000000 0x000000003e980000
XMM[11]=0x0000000000000000 0x0000000000000000
XMM[12]=0x0000000000000000 0x0000000000000000
XMM[13]=0x0000000000000000 0x0000000043ed0000
XMM[14]=0x0000000000000000 0x0000000040c00000
XMM[15]=0x0000000000000000 0x0000000000000000
  MXCSR=0x00001fa7


Register to memory mapping:

RAX=0x0000000000000006 is an unknown value
RBX=0x00007f26bd471ea0 points into unknown readable memory: 0x00007f26bc0004a8 | a8 04 00 bc 26 7f 00 00
RCX=0x0 is null
RDX=0x0 is null
RSP=0x00007f26c37fd600 is pointing into the stack for thread: 0x00007f26bc01c4b0
RBP=0x00007f26c37fd6b0 is pointing into the stack for thread: 0x00007f26bc01c4b0
RSI=0x00007f26c37fd620 is pointing into the stack for thread: 0x00007f26bc01c4b0
RDI=0x0000000000000023 is an unknown value
R8 =0x000000000000000e is an unknown value
R9 =0x0000000000000001 is an unknown value
R10=0x00007f26ac1bfccf is at entry_point+79 in (nmethod*)0x00007f26ac1bfb88
Compiled method (n/a) 37873 2997     n 0       com.badlogic.gdx.graphics.g2d.freetype.FreeType$Face::setPixelSizes (native)
 total in heap  [0x00007f26ac1bfb88,0x00007f26ac1bfdf8] = 624
 main code      [0x00007f26ac1bfc80,0x00007f26ac1bfdee] = 366
 stub code      [0x00007f26ac1bfdee,0x00007f26ac1bfdf0] = 2
 oops           [0x00007f26ac1bfdf0,0x00007f26ac1bfdf8] = 8
 mutable data [0x00007f26be008c70,0x00007f26be008c90] = 32
 relocation     [0x00007f26be008c70,0x00007f26be008c90] = 32
0x00007f26ac1bfcaf:   4c 8b c1 48 8b ca 48 8b d6 49 be 68 57 dc 86 00
0x00007f26ac1bfcbf:   00 00 00 4c 89 74 24 30 4c 8d 74 24 30 49 8b f6
0x00007f26ac1bfccf:   c5 f8 77 
R11=0x00007f26a4ac4e20 is at entry_point+14 in (nmethod*)0x00007f26a4ac4d08
Compiled method (c1) 37873 3540       3       com.badlogic.gdx.graphics.g2d.freetype.FreeTypeFontGenerator::setPixelSizes (41 bytes)
 total in heap  [0x00007f26a4ac4d08,0x00007f26a4ac50d8] = 976
 main code      [0x00007f26a4ac4e00,0x00007f26a4ac5088] = 648
 stub code      [0x00007f26a4ac5088,0x00007f26a4ac50d0] = 72
 oops           [0x00007f26a4ac50d0,0x00007f26a4ac50d8] = 8
 mutable data [0x00007f26685162d0,0x00007f2668516350] = 128
 relocation     [0x00007f26685162d0,0x00007f2668516338] = 104
 metadata       [0x00007f2668516338,0x00007f2668516350] = 24
 immutable data [0x00007f26685161e0,0x00007f26685162c0] = 224
 dependencies   [0x00007f26685161e0,0x00007f26685161e8] = 8
 nul chk table  [0x00007f26685161e8,0x00007f26685161f8] = 16
 scopes pcs     [0x00007f26685161f8,0x00007f2668516288] = 144
 scopes data    [0x00007f2668516288,0x00007f26685162c0] = 56
0x00007f26a4ac4e20:   89 84 24 00 c0 fe ff 55 48 83 ec 60 41 81 7f 20
0x00007f26a4ac4e30:   03 00 00 00 74 05 
R12=0x0 is null
R13=0x00007f26c37fd730 is pointing into the stack for thread: 0x00007f26bc01c4b0
R14=0x00007f26c37fd6a0 is pointing into the stack for thread: 0x00007f26bc01c4b0
R15=0x00007f26bc01c4b0 is a thread

Top of Stack: (sp=0x00007f26c37fd600)
0x00007f26c37fd600:   0000000020172dc8 4eb794f539239400   .-. ......#9...N
0x00007f26c37fd610:   000000000000097e 00007f263662097c   ~.......|.b6&...
0x00007f26c37fd620:   00007f2600000000 0000000000000380   ....&...........
0x00007f26c37fd630:   0000000000000380 0000000000000000   ................
0x00007f26c37fd640:   00007f26c37fd670 4eb794f539239400   p...&.....#9...N
0x00007f26c37fd650:   00007f26c37fd6d8 00007f2636614c61   ....&...aLa6&...
0x00007f26c37fd660:   00007f26abb3f438 00007f26ac1bfd01   8...&.......&...
0x00007f26c37fd670:   0000000087fff308 0000000000000001   ................
0x00007f26c37fd680:   0000000000000000 0000000085fdfe48   ........H.......
0x00007f26c37fd690:   fffffffffffffff7 0000000020743f4d   ........M?t ....
0x00007f26c37fd6a0:   0000000086dc5768 000000002018e620   hW...... .. ....
0x00007f26c37fd6b0:   00007f26c37fd790 00007f26a4ac4efc   ....&....N..&...
0x00007f26c37fd6c0:   000000002018f108 0000000000000000   ... ............
0x00007f26c37fd6d0:   00007f26c37fd700 00007f26c37fd790   ....&.......&...
0x00007f26c37fd6e0:   00007f26a4866c04 0000000087fff308   .l..&...........
0x00007f26c37fd6f0:   0000000085fdfe48 00007f26a4866c04   H........l..&...
0x00007f26c37fd700:   0000000087fff2b0 0000000087fff298   ................
0x00007f26c37fd710:   0000000000000000 00007f26c45c97cd   ..........\.&...
0x00007f26c37fd720:   00007f26c37fd790 00007f26abb3f438   ....&...8...&...
0x00007f26c37fd730:   000000000000000e 0000000000000000   ................
0x00007f26c37fd740:   000000008a8bb508 fffffffffffffff7   ................
0x00007f26c37fd750:   00007f267c81d649 0000000000000018   I..|&...........
0x00007f26c37fd760:   00007f267c8251f0 0000000000000000   .Q.|&...........
0x00007f26c37fd770:   0000000086e65cc8 00007f267c81de50   .\......P..|&...
0x00007f26c37fd780:   fffffffffffffff4 00007f26c37fd840   ........@...&...
0x00007f26c37fd790:   00007f26c37fd8a0 00007f26abb3f5d2   ....&.......&...
0x00007f26c37fd7a0:   0000000000000000 0000000000000000   ................
0x00007f26c37fd7b0:   0000000000000000 0000000000000000   ................
0x00007f26c37fd7c0:   0000000000000000 0000000000000000   ................
0x00007f26c37fd7d0:   0000000000000000 0000000000000000   ................
0x00007f26c37fd7e0:   0000000000000000 0000000000000000   ................
0x00007f26c37fd7f0:   0000000000000000 0000000000000000   ................

Instructions: (pc=0x00007f26366207b8)
  0x00007f26366206b8:   0f 1f 84 00 00 00 00 00 48 85 ff 0f 85 97 fe ff
  0x00007f26366206c8:   ff 49 89 76 28 e9 8e fe ff ff 66 0f 1f 44 00 00
  0x00007f26366206d8:   49 89 76 20 e9 7f fe ff ff 49 8b 76 20 e9 76 fe
  0x00007f26366206e8:   ff ff 45 31 c0 45 31 ff e9 42 fd ff ff 90 66 2e
  0x00007f26366206f8:   0f 1f 84 00 00 00 00 00 48 85 ff 74 4b f6 47 10
  0x00007f2636620708:   02 74 45 85 f6 78 31 39 77 38 7e 2c 48 8b 87 b0
  0x00007f2636620718:   00 00 00 48 63 f6 48 8b 40 18 48 8b 80 b8 00 00
  0x00007f2636620728:   00 48 85 c0 74 32 48 8b bf a0 00 00 00 ff e0 66
  0x00007f2636620738:   0f 1f 84 00 00 00 00 00 b8 06 00 00 00 c3 66 2e
  0x00007f2636620748:   0f 1f 84 00 00 00 00 00 b8 23 00 00 00 c3 66 2e
  0x00007f2636620758:   0f 1f 84 00 00 00 00 00 48 83 ec 08 e8 57 fb ff
  0x00007f2636620768:   ff 31 c0 48 83 c4 08 c3 53 48 83 ec 10 64 48 8b
  0x00007f2636620778:   04 25 28 00 00 00 48 89 44 24 08 31 c0 48 85 ff
  0x00007f2636620788:   74 76 48 89 fb 48 8b bf a0 00 00 00 48 85 ff 74
  0x00007f2636620798:   77 48 85 f6 74 5a 48 83 7e 08 00 78 53 48 83 7e
  0x00007f26366207a8:   10 00 78 4c 8b 16 b8 06 00 00 00 83 fa 04 77 25
=>0x00007f26366207b8:   48 8b 47 50 48 c7 40 18 00 00 00 00 48 8b 83 b0
  0x00007f26366207c8:   00 00 00 48 8b 40 18 48 8b 80 b0 00 00 00 48 85
  0x00007f26366207d8:   c0 74 45 ff d0 48 8b 4c 24 08 64 48 33 0c 25 28
  0x00007f26366207e8:   00 00 00 75 79 48 83 c4 10 5b c3 0f 1f 44 00 00
  0x00007f26366207f8:   b8 06 00 00 00 eb de 90 b8 23 00 00 00 eb d6 66
  0x00007f2636620808:   0f 1f 84 00 00 00 00 00 b8 24 00 00 00 eb c6 66
  0x00007f2636620818:   0f 1f 84 00 00 00 00 00 48 8b 43 10 48 89 c1 83
  0x00007f2636620828:   e1 03 48 83 f9 02 75 29 a8 02 74 cc 85 d2 b8 07
  0x00007f2636620838:   00 00 00 75 a0 48 89 e1 48 89 df e8 68 e3 ff ff
  0x00007f2636620848:   85 c0 75 91 8b 34 24 48 89 df e8 49 32 ff ff eb
  0x00007f2636620858:   84 48 89 df e8 0f fb ff ff e9 77 ff ff ff e8 05
  0x00007f2636620868:   2e ff ff 0f 1f 44 00 00 48 83 ec 38 64 48 8b 04
  0x00007f2636620878:   25 28 00 00 00 48 89 44 24 28 31 c0 48 85 f6 74
  0x00007f2636620888:   67 48 85 d2 48 0f 44 d6 b8 40 00 00 00 48 83 fe
  0x00007f2636620898:   40 48 0f 4c f0 48 83 fa 40 48 0f 4c d0 85 c9 74
  0x00007f26366208a8:   4f 45 85 c0 44 0f 44 c1 48 89 74 24 08 48 89 e6


Stack slot to memory mapping:

stack at sp + 0 slots: 0x0000000020172dc8 is a pointer to class: 
stack at sp + 1 slots: 0x4eb794f539239400 is an unknown value
stack at sp + 2 slots: 0x000000000000097e is an unknown value
stack at sp + 3 slots: 0x00007f263662097c: FT_Set_Pixel_Sizes+0x000000000000005c in /tmp/libgdxabdullah/b3addf20/libgdx-freetype64.so at 0x00007f2636600000
stack at sp + 4 slots: 0x00007f2600000000 is an unknown value
stack at sp + 5 slots: 0x0000000000000380 is an unknown value
stack at sp + 6 slots: 0x0000000000000380 is an unknown value
stack at sp + 7 slots: 0x0 is null

Lock stack of current Java thread (top to bottom):
LockStack[3]: com.watabou.noosa.RenderedText 
{0x0000000087ffdff0} - klass: 'com/watabou/noosa/RenderedText' - flags: 

 - ---- fields (total size 22 words):
 - public 'exists' 'Z' @12  true (0x01)
 - public 'alive' 'Z' @13  true (0x01)
 - public 'active' 'Z' @14  true (0x01)
 - public 'visible' 'Z' @15  true (0x01)
 - public 'parent' 'Lcom/watabou/noosa/Group;' @16  null (0x00000000)
 - public 'camera' 'Lcom/watabou/noosa/Camera;' @20  null (0x00000000)
 - public 'scale' 'Lcom/watabou/utils/PointF;' @24  a 'com/watabou/utils/PointF'{0x0000000087ffe0d0} (0x87ffe0d0)
 - public 'origin' 'Lcom/watabou/utils/PointF;' @28  a 'com/watabou/utils/PointF'{0x0000000087ffe0e8} (0x87ffe0e8)
 - protected 'matrix' '[F' @32  [F{0x0000000087ffe100} (0x87ffe100)
 - public 'speed' 'Lcom/watabou/utils/PointF;' @36  a 'com/watabou/utils/PointF'{0x0000000087ffe150} (0x87ffe150)
 - public 'acc' 'Lcom/watabou/utils/PointF;' @40  a 'com/watabou/utils/PointF'{0x0000000087ffe168} (0x87ffe168)
 - private 'lastScale' 'Lcom/watabou/utils/PointF;' @44  a 'com/watabou/utils/PointF'{0x0000000087ffe0a0} (0x87ffe0a0)
 - private 'lastOrigin' 'Lcom/watabou/utils/PointF;' @48  a 'com/watabou/utils/PointF'{0x0000000087ffe0b8} (0x87ffe0b8)
 - public 'x' 'F' @52  0.000000 (0x00000000)
 - public 'y' 'F' @56  0.000000 (0x00000000)
 - public 'width' 'F' @60  0.000000 (0x00000000)
 - public 'height' 'F' @64  0.000000 (0x00000000)
 - public 'rm' 'F' @68  1.000000 (0x3f800000)
 - public 'gm' 'F' @72  1.000000 (0x3f800000)
 - public 'bm' 'F' @76  1.000000 (0x3f800000)
 - public 'am' 'F' @80  1.000000 (0x3f800000)
 - public 'ra' 'F' @84  0.000000 (0x00000000)
 - public 'ga' 'F' @88  0.000000 (0x00000000)
 - public 'ba' 'F' @92  0.000000 (0x00000000)
 - public 'aa' 'F' @96  0.000000 (0x00000000)
 - public 'angle' 'F' @100  0.000000 (0x00000000)
 - public 'angularSpeed' 'F' @104  0.000000 (0x00000000)
 - private 'lastX' 'F' @108  0.000000 (0x00000000)
 - private 'lastY' 'F' @112  0.000000 (0x00000000)
 - private 'lastW' 'F' @116  0.000000 (0x00000000)
 - private 'lastH' 'F' @120  0.000000 (0x00000000)
 - private 'lastA' 'F' @124  0.000000 (0x00000000)
 - public 'flipHorizontal' 'Z' @128  false (0x00)
 - public 'flipVertical' 'Z' @129  false (0x00)
 - protected 'dirty' 'Z' @130  false (0x00)
 - public 'texture' 'Lcom/watabou/gltextures/SmartTexture;' @132  null (0x00000000)
 - protected 'frame' 'Lcom/watabou/utils/RectF;' @136  null (0x00000000)
 - protected 'vertices' '[F' @140  [F{0x0000000087ffe180} (0x87ffe180)
 - protected 'verticesBuffer' 'Ljava/nio/FloatBuffer;' @144  a 'java/nio/DirectFloatBufferU'{0x0000000087ffe258} (0x87ffe258)
 - protected 'buffer' 'Lcom/watabou/glwrap/Vertexbuffer;' @148  null (0x00000000)
 - private 'font' 'Lcom/badlogic/gdx/graphics/g2d/BitmapFont;' @152  null (0x00000000)
 - private 'text' 'Ljava/lang/String;' @156  "'ßÌ®‘ô”"{0x0000000087ffdeb0} (0x87ffdeb0)
 - private 'displayText' 'Ljava/lang/String;' @160  "”ô‘®Ìß'"{0x0000000087ffee48} (0x87ffee48)
 - private 'size' 'I' @164  18 (0x00000012)
 - private 'renderedHeight' 'F' @168  0.000000 (0x00000000)
LockStack[2]: com.shatteredpixel.shatteredpixeldungeon.ui.RenderedTextBlock 
{0x0000000087ffd478} - klass: 'com/shatteredpixel/shatteredpixeldungeon/ui/RenderedTextBlock' - flags: 

 - ---- fields (total size 12 words):
 - public 'exists' 'Z' @12  true (0x01)
 - public 'alive' 'Z' @13  true (0x01)
 - public 'active' 'Z' @14  true (0x01)
 - public 'visible' 'Z' @15  true (0x01)
 - public 'parent' 'Lcom/watabou/noosa/Group;' @16  null (0x00000000)
 - public 'camera' 'Lcom/watabou/noosa/Camera;' @20  null (0x00000000)
 - protected 'members' 'Ljava/util/ArrayList;' @24  a 'java/util/ArrayList'{0x0000000087ffd4d8} (0x87ffd4d8)
 - public 'length' 'I' @28  0 (0x00000000)
 - protected 'x' 'F' @32  0.000000 (0x00000000)
 - protected 'y' 'F' @36  0.000000 (0x00000000)
 - protected 'width' 'F' @40  0.000000 (0x00000000)
 - protected 'height' 'F' @44  0.000000 (0x00000000)
 - private 'maxWidth' 'I' @48  2147483647 (0x7fffffff)
 - public 'nLines' 'I' @52  1 (0x00000001)
 - private 'size' 'I' @56  18 (0x00000012)
 - private 'zoom' 'F' @60  0.333333 (0x3eaaaaab)
 - private 'color' 'I' @64  -1 (0xffffffff)
 - private 'hightlightColor' 'I' @68  16777028 (0x00ffff44)
 - private 'alignment' 'I' @72  1 (0x00000001)
 - protected 'multiline' 'Z' @76  false (0x00)
 - private 'highlightingEnabled' 'Z' @77  true (0x01)
 - protected 'text' 'Ljava/lang/String;' @80  "'ßÌ®‘ô”"{0x0000000087ffdeb0} (0x87ffdeb0)
 - protected 'tokens' '[Ljava/lang/String;' @84  a 'java/lang/String'[1] {0x0000000087ffdfc0} (0x87ffdfc0)
 - protected 'words' 'Ljava/util/ArrayList;' @88  a 'java/util/ArrayList'{0x0000000087ffdfd8} (0x87ffdfd8)
LockStack[1]: com.shatteredpixel.shatteredpixeldungeon.scenes.GameScene 
{0x00000000880f9730} - klass: 'com/shatteredpixel/shatteredpixeldungeon/scenes/GameScene' - flags: 

 - ---- fields (total size 27 words):
 - public 'exists' 'Z' @12  true (0x01)
 - public 'alive' 'Z' @13  true (0x01)
 - public 'active' 'Z' @14  true (0x01)
 - public 'visible' 'Z' @15  true (0x01)
 - public 'parent' 'Lcom/watabou/noosa/Group;' @16  null (0x00000000)
 - public 'camera' 'Lcom/watabou/noosa/Camera;' @20  null (0x00000000)
 - protected 'members' 'Ljava/util/ArrayList;' @24  a 'java/util/ArrayList'{0x00000000880f9808} (0x880f9808)
 - public 'length' 'I' @28  31 (0x0000001f)
 - private 'keyListener' 'Lcom/watabou/utils/Signal$Listener;' @32  a 'com/watabou/noosa/Scene$1'{0x0000000087f0ee80} (0x87f0ee80)
 - private 'fullscreenListener' 'Lcom/watabou/utils/Signal$Listener;' @36  null (0x00000000)
 - private 'cursor' 'Lcom/watabou/noosa/Image;' @40  null (0x00000000)
 - protected 'inGameScene' 'Z' @44  true (0x01)
 - private 'tagAttack' 'Z' @45  false (0x00)
 - private 'tagLoot' 'Z' @46  false (0x00)
 - private 'tagAction' 'Z' @47  false (0x00)
 - private 'notifyDelay' 'F' @48  0.016667 (0x3c888889)
 - private 'tagResume' 'Z' @52  false (0x00)
 - private 'water' 'Lcom/watabou/noosa/SkinnedBlock;' @56  a 'com/shatteredpixel/shatteredpixeldungeon/scenes/GameScene$1'{0x0000000087f16bb8} (0x87f16bb8)
 - private 'tiles' 'Lcom/shatteredpixel/shatteredpixeldungeon/tiles/DungeonTerrainTilemap;' @60  a 'com/shatteredpixel/shatteredpixeldungeon/tiles/DungeonTerrainTilemap'{0x0000000087f17478} (0x87f17478)
 - private 'visualGrid' 'Lcom/shatteredpixel/shatteredpixeldungeon/tiles/GridTileMap;' @64  a 'com/shatteredpixel/shatteredpixeldungeon/tiles/GridTileMap'{0x0000000087f1e3c8} (0x87f1e3c8)
 - private 'terrainFeatures' 'Lcom/shatteredpixel/shatteredpixeldungeon/tiles/TerrainFeaturesTilemap;' @68  a 'com/shatteredpixel/shatteredpixeldungeon/tiles/TerrainFeaturesTilemap'{0x0000000087f1ffb0} (0x87f1ffb0)
 - private 'raisedTerrain' 'Lcom/shatteredpixel/shatteredpixeldungeon/tiles/RaisedTerrainTilemap;' @72  a 'com/shatteredpixel/shatteredpixeldungeon/tiles/RaisedTerrainTilemap'{0x0000000087f38a08} (0x87f38a08)
 - private 'walls' 'Lcom/shatteredpixel/shatteredpixeldungeon/tiles/DungeonWallsTilemap;' @76  a 'com/shatteredpixel/shatteredpixeldungeon/tiles/DungeonWallsTilemap'{0x0000000087f43fa0} (0x87f43fa0)
 - private 'wallBlocking' 'Lcom/shatteredpixel/shatteredpixeldungeon/tiles/WallBlockingTilemap;' @80  a 'com/shatteredpixel/shatteredpixeldungeon/tiles/WallBlockingTilemap'{0x0000000087f4ccf8} (0x87f4ccf8)
 - private 'fog' 'Lcom/shatteredpixel/shatteredpixeldungeon/tiles/FogOfWar;' @84  a 'com/shatteredpixel/shatteredpixeldungeon/tiles/FogOfWar'{0x0000000087f4e5c8} (0x87f4e5c8)
 - private 'hero' 'Lcom/shatteredpixel/shatteredpixeldungeon/sprites/HeroSprite;' @88  a 'com/shatteredpixel/shatteredpixeldungeon/sprites/HeroSprite'{0x0000000087f26fb0} (0x87f26fb0)
 - private 'menu' 'Lcom/shatteredpixel/shatteredpixeldungeon/ui/MenuPane;' @92  a 'com/shatteredpixel/shatteredpixeldungeon/ui/MenuPane'{0x0000000087f4f628} (0x87f4f628)
 - private 'status' 'Lcom/shatteredpixel/shatteredpixeldungeon/ui/StatusPane;' @96  a 'com/shatteredpixel/shatteredpixeldungeon/ui/StatusPane'{0x0000000087f52250} (0x87f52250)
 - private 'boss' 'Lcom/shatteredpixel/shatteredpixeldungeon/ui/BossHealthBar;' @100  a 'com/shatteredpixel/shatteredpixeldungeon/ui/BossHealthBar'{0x0000000087f55478} (0x87f55478)
 - private 'log' 'Lcom/shatteredpixel/shatteredpixeldungeon/ui/GameLog;' @104  a 'com/shatteredpixel/shatteredpixeldungeon/ui/GameLog'{0x0000000087f58890} (0x87f58890)
 - private 'terrain' 'Lcom/watabou/noosa/Group;' @108  a 'com/watabou/noosa/Group'{0x0000000087f16b48} (0x87f16b48)
 - private 'customTiles' 'Lcom/watabou/noosa/Group;' @112  a 'com/watabou/noosa/Group'{0x0000000087f1e370} (0x87f1e370)
 - private 'levelVisuals' 'Lcom/watabou/noosa/Group;' @116  a 'com/watabou/noosa/Group'{0x0000000087f23ea0} (0x87f23ea0)
 - private 'levelWallVisuals' 'Lcom/watabou/noosa/Group;' @120  a 'com/watabou/noosa/Group'{0x0000000087f4ccc0} (0x87f4ccc0)
 - private 'customWalls' 'Lcom/watabou/noosa/Group;' @124  a 'com/watabou/noosa/Group'{0x0000000087f4cc68} (0x87f4cc68)
 - private 'ripples' 'Lcom/watabou/noosa/Group;' @128  a 'com/watabou/noosa/Group'{0x0000000087f16ed0} (0x87f16ed0)
 - private 'plants' 'Lcom/watabou/noosa/Group;' @132  null (0x00000000)
 - private 'traps' 'Lcom/watabou/noosa/Group;' @136  null (0x00000000)
 - private 'heaps' 'Lcom/watabou/noosa/Group;' @140  a 'com/watabou/noosa/Group'{0x0000000087f24410} (0x87f24410)
 - private 'mobs' 'Lcom/watabou/noosa/Group;' @144  a 'com/watabou/noosa/Group'{0x0000000087f26f78} (0x87f26f78)
 - private 'floorEmitters' 'Lcom/watabou/noosa/Group;' @148  a 'com/watabou/noosa/Group'{0x0000000087f243d8} (0x87f243d8)
 - private 'emitters' 'Lcom/watabou/noosa/Group;' @152  a 'com/watabou/noosa/Group'{0x0000000087f26e60} (0x87f26e60)
 - private 'effects' 'Lcom/watabou/noosa/Group;' @156  a 'com/watabou/noosa/Group'{0x0000000087f26e98} (0x87f26e98)
 - private 'gases' 'Lcom/watabou/noosa/Group;' @160  a 'com/watabou/noosa/Group'{0x0000000087f4e570} (0x87f4e570)
 - private 'spells' 'Lcom/watabou/noosa/Group;' @164  a 'com/watabou/noosa/Group'{0x0000000087f4e950} (0x87f4e950)
 - private 'statuses' 'Lcom/watabou/noosa/Group;' @168  a 'com/watabou/noosa/Group'{0x0000000087f4e9f0} (0x87f4e9f0)
 - private 'emoicons' 'Lcom/watabou/noosa/Group;' @172  a 'com/watabou/noosa/Group'{0x0000000087f26f08} (0x87f26f08)
 - private 'overFogEffects' 'Lcom/watabou/noosa/Group;' @176  a 'com/watabou/noosa/Group'{0x0000000087f26f40} (0x87f26f40)
 - private 'healthIndicators' 'Lcom/watabou/noosa/Group;' @180  a 'com/watabou/noosa/Group'{0x0000000087f26ed0} (0x87f26ed0)
 - private 'inventory' 'Lcom/shatteredpixel/shatteredpixeldungeon/ui/InventoryPane;' @184  a 'com/shatteredpixel/shatteredpixeldungeon/ui/InventoryPane'{0x0000000087f65598} (0x87f65598)
 - private 'toolbar' 'Lcom/shatteredpixel/shatteredpixeldungeon/ui/Toolbar;' @188  a 'com/shatteredpixel/shatteredpixeldungeon/ui/Toolbar'{0x0000000087f58918} (0x87f58918)
 - private 'prompt' 'Lcom/shatteredpixel/shatteredpixeldungeon/ui/Toast;' @192  null (0x00000000)
 - private 'attack' 'Lcom/shatteredpixel/shatteredpixeldungeon/ui/AttackIndicator;' @196  a 'com/shatteredpixel/shatteredpixeldungeon/ui/AttackIndicator'{0x0000000087f58320} (0x87f58320)
 - private 'loot' 'Lcom/shatteredpixel/shatteredpixeldungeon/ui/LootIndicator;' @200  a 'com/shatteredpixel/shatteredpixeldungeon/ui/LootIndicator'{0x0000000087f57290} (0x87f57290)
 - private 'action' 'Lcom/shatteredpixel/shatteredpixeldungeon/ui/ActionIndicator;' @204  a 'com/shatteredpixel/shatteredpixeldungeon/ui/ActionIndicator'{0x0000000087f56d40} (0x87f56d40)
 - private 'resume' 'Lcom/shatteredpixel/shatteredpixeldungeon/ui/ResumeIndicator;' @208  a 'com/shatteredpixel/shatteredpixeldungeon/ui/ResumeIndicator'{0x0000000087f56528} (0x87f56528)
 - private 'toDestroy' 'Ljava/util/ArrayList;' @212  a 'java/util/ArrayList'{0x00000000880f9820} (0x880f9820)
LockStack[0]: com.shatteredpixel.shatteredpixeldungeon.scenes.GameScene 
{0x00000000880f9730} - klass: 'com/shatteredpixel/shatteredpixeldungeon/scenes/GameScene' - flags: 

 - ---- fields (total size 27 words):
 - public 'exists' 'Z' @12  true (0x01)
 - public 'alive' 'Z' @13  true (0x01)
 - public 'active' 'Z' @14  true (0x01)
 - public 'visible' 'Z' @15  true (0x01)
 - public 'parent' 'Lcom/watabou/noosa/Group;' @16  null (0x00000000)
 - public 'camera' 'Lcom/watabou/noosa/Camera;' @20  null (0x00000000)
 - protected 'members' 'Ljava/util/ArrayList;' @24  a 'java/util/ArrayList'{0x00000000880f9808} (0x880f9808)
 - public 'length' 'I' @28  31 (0x0000001f)
 - private 'keyListener' 'Lcom/watabou/utils/Signal$Listener;' @32  a 'com/watabou/noosa/Scene$1'{0x0000000087f0ee80} (0x87f0ee80)
 - private 'fullscreenListener' 'Lcom/watabou/utils/Signal$Listener;' @36  null (0x00000000)
 - private 'cursor' 'Lcom/watabou/noosa/Image;' @40  null (0x00000000)
 - protected 'inGameScene' 'Z' @44  true (0x01)
 - private 'tagAttack' 'Z' @45  false (0x00)
 - private 'tagLoot' 'Z' @46  false (0x00)
 - private 'tagAction' 'Z' @47  false (0x00)
 - private 'notifyDelay' 'F' @48  0.016667 (0x3c888889)
 - private 'tagResume' 'Z' @52  false (0x00)
 - private 'water' 'Lcom/watabou/noosa/SkinnedBlock;' @56  a 'com/shatteredpixel/shatteredpixeldungeon/scenes/GameScene$1'{0x0000000087f16bb8} (0x87f16bb8)
 - private 'tiles' 'Lcom/shatteredpixel/shatteredpixeldungeon/tiles/DungeonTerrainTilemap;' @60  a 'com/shatteredpixel/shatteredpixeldungeon/tiles/DungeonTerrainTilemap'{0x0000000087f17478} (0x87f17478)
 - private 'visualGrid' 'Lcom/shatteredpixel/shatteredpixeldungeon/tiles/GridTileMap;' @64  a 'com/shatteredpixel/shatteredpixeldungeon/tiles/GridTileMap'{0x0000000087f1e3c8} (0x87f1e3c8)
 - private 'terrainFeatures' 'Lcom/shatteredpixel/shatteredpixeldungeon/tiles/TerrainFeaturesTilemap;' @68  a 'com/shatteredpixel/shatteredpixeldungeon/tiles/TerrainFeaturesTilemap'{0x0000000087f1ffb0} (0x87f1ffb0)
 - private 'raisedTerrain' 'Lcom/shatteredpixel/shatteredpixeldungeon/tiles/RaisedTerrainTilemap;' @72  a 'com/shatteredpixel/shatteredpixeldungeon/tiles/RaisedTerrainTilemap'{0x0000000087f38a08} (0x87f38a08)
 - private 'walls' 'Lcom/shatteredpixel/shatteredpixeldungeon/tiles/DungeonWallsTilemap;' @76  a 'com/shatteredpixel/shatteredpixeldungeon/tiles/DungeonWallsTilemap'{0x0000000087f43fa0} (0x87f43fa0)
 - private 'wallBlocking' 'Lcom/shatteredpixel/shatteredpixeldungeon/tiles/WallBlockingTilemap;' @80  a 'com/shatteredpixel/shatteredpixeldungeon/tiles/WallBlockingTilemap'{0x0000000087f4ccf8} (0x87f4ccf8)
 - private 'fog' 'Lcom/shatteredpixel/shatteredpixeldungeon/tiles/FogOfWar;' @84  a 'com/shatteredpixel/shatteredpixeldungeon/tiles/FogOfWar'{0x0000000087f4e5c8} (0x87f4e5c8)
 - private 'hero' 'Lcom/shatteredpixel/shatteredpixeldungeon/sprites/HeroSprite;' @88  a 'com/shatteredpixel/shatteredpixeldungeon/sprites/HeroSprite'{0x0000000087f26fb0} (0x87f26fb0)
 - private 'menu' 'Lcom/shatteredpixel/shatteredpixeldungeon/ui/MenuPane;' @92  a 'com/shatteredpixel/shatteredpixeldungeon/ui/MenuPane'{0x0000000087f4f628} (0x87f4f628)
 - private 'status' 'Lcom/shatteredpixel/shatteredpixeldungeon/ui/StatusPane;' @96  a 'com/shatteredpixel/shatteredpixeldungeon/ui/StatusPane'{0x0000000087f52250} (0x87f52250)
 - private 'boss' 'Lcom/shatteredpixel/shatteredpixeldungeon/ui/BossHealthBar;' @100  a 'com/shatteredpixel/shatteredpixeldungeon/ui/BossHealthBar'{0x0000000087f55478} (0x87f55478)
 - private 'log' 'Lcom/shatteredpixel/shatteredpixeldungeon/ui/GameLog;' @104  a 'com/shatteredpixel/shatteredpixeldungeon/ui/GameLog'{0x0000000087f58890} (0x87f58890)
 - private 'terrain' 'Lcom/watabou/noosa/Group;' @108  a 'com/watabou/noosa/Group'{0x0000000087f16b48} (0x87f16b48)
 - private 'customTiles' 'Lcom/watabou/noosa/Group;' @112  a 'com/watabou/noosa/Group'{0x0000000087f1e370} (0x87f1e370)
 - private 'levelVisuals' 'Lcom/watabou/noosa/Group;' @116  a 'com/watabou/noosa/Group'{0x0000000087f23ea0} (0x87f23ea0)
 - private 'levelWallVisuals' 'Lcom/watabou/noosa/Group;' @120  a 'com/watabou/noosa/Group'{0x0000000087f4ccc0} (0x87f4ccc0)
 - private 'customWalls' 'Lcom/watabou/noosa/Group;' @124  a 'com/watabou/noosa/Group'{0x0000000087f4cc68} (0x87f4cc68)
 - private 'ripples' 'Lcom/watabou/noosa/Group;' @128  a 'com/watabou/noosa/Group'{0x0000000087f16ed0} (0x87f16ed0)
 - private 'plants' 'Lcom/watabou/noosa/Group;' @132  null (0x00000000)
 - private 'traps' 'Lcom/watabou/noosa/Group;' @136  null (0x00000000)
 - private 'heaps' 'Lcom/watabou/noosa/Group;' @140  a 'com/watabou/noosa/Group'{0x0000000087f24410} (0x87f24410)
 - private 'mobs' 'Lcom/watabou/noosa/Group;' @144  a 'com/watabou/noosa/Group'{0x0000000087f26f78} (0x87f26f78)
 - private 'floorEmitters' 'Lcom/watabou/noosa/Group;' @148  a 'com/watabou/noosa/Group'{0x0000000087f243d8} (0x87f243d8)
 - private 'emitters' 'Lcom/watabou/noosa/Group;' @152  a 'com/watabou/noosa/Group'{0x0000000087f26e60} (0x87f26e60)
 - private 'effects' 'Lcom/watabou/noosa/Group;' @156  a 'com/watabou/noosa/Group'{0x0000000087f26e98} (0x87f26e98)
 - private 'gases' 'Lcom/watabou/noosa/Group;' @160  a 'com/watabou/noosa/Group'{0x0000000087f4e570} (0x87f4e570)
 - private 'spells' 'Lcom/watabou/noosa/Group;' @164  a 'com/watabou/noosa/Group'{0x0000000087f4e950} (0x87f4e950)
 - private 'statuses' 'Lcom/watabou/noosa/Group;' @168  a 'com/watabou/noosa/Group'{0x0000000087f4e9f0} (0x87f4e9f0)
 - private 'emoicons' 'Lcom/watabou/noosa/Group;' @172  a 'com/watabou/noosa/Group'{0x0000000087f26f08} (0x87f26f08)
 - private 'overFogEffects' 'Lcom/watabou/noosa/Group;' @176  a 'com/watabou/noosa/Group'{0x0000000087f26f40} (0x87f26f40)
 - private 'healthIndicators' 'Lcom/watabou/noosa/Group;' @180  a 'com/watabou/noosa/Group'{0x0000000087f26ed0} (0x87f26ed0)
 - private 'inventory' 'Lcom/shatteredpixel/shatteredpixeldungeon/ui/InventoryPane;' @184  a 'com/shatteredpixel/shatteredpixeldungeon/ui/InventoryPane'{0x0000000087f65598} (0x87f65598)
 - private 'toolbar' 'Lcom/shatteredpixel/shatteredpixeldungeon/ui/Toolbar;' @188  a 'com/shatteredpixel/shatteredpixeldungeon/ui/Toolbar'{0x0000000087f58918} (0x87f58918)
 - private 'prompt' 'Lcom/shatteredpixel/shatteredpixeldungeon/ui/Toast;' @192  null (0x00000000)
 - private 'attack' 'Lcom/shatteredpixel/shatteredpixeldungeon/ui/AttackIndicator;' @196  a 'com/shatteredpixel/shatteredpixeldungeon/ui/AttackIndicator'{0x0000000087f58320} (0x87f58320)
 - private 'loot' 'Lcom/shatteredpixel/shatteredpixeldungeon/ui/LootIndicator;' @200  a 'com/shatteredpixel/shatteredpixeldungeon/ui/LootIndicator'{0x0000000087f57290} (0x87f57290)
 - private 'action' 'Lcom/shatteredpixel/shatteredpixeldungeon/ui/ActionIndicator;' @204  a 'com/shatteredpixel/shatteredpixeldungeon/ui/ActionIndicator'{0x0000000087f56d40} (0x87f56d40)
 - private 'resume' 'Lcom/shatteredpixel/shatteredpixeldungeon/ui/ResumeIndicator;' @208  a 'com/shatteredpixel/shatteredpixeldungeon/ui/ResumeIndicator'{0x0000000087f56528} (0x87f56528)
 - private 'toDestroy' 'Ljava/util/ArrayList;' @212  a 'java/util/ArrayList'{0x00000000880f9820} (0x880f9820)


Compiled method (c1) 37879 3540       3       com.badlogic.gdx.graphics.g2d.freetype.FreeTypeFontGenerator::setPixelSizes (41 bytes)
 total in heap  [0x00007f26a4ac4d08,0x00007f26a4ac50d8] = 976
 main code      [0x00007f26a4ac4e00,0x00007f26a4ac5088] = 648
 stub code      [0x00007f26a4ac5088,0x00007f26a4ac50d0] = 72
 oops           [0x00007f26a4ac50d0,0x00007f26a4ac50d8] = 8
 mutable data [0x00007f26685162d0,0x00007f2668516350] = 128
 relocation     [0x00007f26685162d0,0x00007f2668516338] = 104
 metadata       [0x00007f2668516338,0x00007f2668516350] = 24
 immutable data [0x00007f26685161e0,0x00007f26685162c0] = 224
 dependencies   [0x00007f26685161e0,0x00007f26685161e8] = 8
 nul chk table  [0x00007f26685161e8,0x00007f26685161f8] = 16
 scopes pcs     [0x00007f26685161f8,0x00007f2668516288] = 144
 scopes data    [0x00007f2668516288,0x00007f26685162c0] = 56

[Constant Pool (empty)]

[MachCode]
[Instructions begin]
  0x00007f26a4ac4e00: 6666 660f | 1f84 0000 | 0000 0066 | 6666 9066 | 6690 448b | 5608 443b 

  0x00007f26a4ac4e18: ;   {runtime_call Shared Runtime ic_miss_blob}
  0x00007f26a4ac4e18: 5008 0f85 | c005 0c07 
[Verified Entry Point]
  0x00007f26a4ac4e20: 8984 2400 | c0fe ff55 | 4883 ec60 | 4181 7f20 | 0300 0000 

  0x00007f26a4ac4e34: ;   {runtime_call Stub::method_entry_barrier}
  0x00007f26a4ac4e34: 7405 e825 

  0x00007f26a4ac4e38: ;   {metadata(method data for {method} {0x00007f267c81d568} 'setPixelSizes' '(II)V' in 'com/badlogic/gdx/graphics/g2d/freetype/FreeTypeFontGenerator')}
  0x00007f26a4ac4e38: 810a 0748 | bf50 b3b7 | 7c26 7f00 | 008b 9f90 | 0000 0083 | c302 899f | 9000 0000 | 81e3 fe07 
  0x00007f26a4ac4e58: 0000 85db | 0f84 7c01 | 0000 8956 | 0c89 4e10 | 0fbe 7e14 

  0x00007f26a4ac4e6c: ;   {metadata(method data for {method} {0x00007f267c81d568} 'setPixelSizes' '(II)V' in 'com/badlogic/gdx/graphics/g2d/freetype/FreeTypeFontGenerator')}
  0x00007f26a4ac4e6c: 85ff 48bf | 50b3 b77c | 267f 0000 | bbd8 0000 | 0075 05bb | e800 0000 | 488b 041f | 488d 4001 
  0x00007f26a4ac4e8c: 4889 041f | 0f85 9b00 | 0000 8b76 | 1c48 3b06 

  0x00007f26a4ac4e9c: ;   {metadata(method data for {method} {0x00007f267c81d568} 'setPixelSizes' '(II)V' in 'com/badlogic/gdx/graphics/g2d/freetype/FreeTypeFontGenerator')}
  0x00007f26a4ac4e9c: 488b fe48 | bb50 b3b7 | 7c26 7f00 | 0048 8383 | 0801 0000 

  0x00007f26a4ac4eb0: ;   {metadata(method data for {method} {0x00007f267c82aaf8} 'setPixelSizes' '(II)Z' in 'com/badlogic/gdx/graphics/g2d/freetype/FreeType$Face')}
  0x00007f26a4ac4eb0: 0148 bf80 | c72c 7d26 | 7f00 008b | 9f90 0000 | 0083 c302 | 899f 9000 | 0000 81e3 | feff 1f00 
  0x00007f26a4ac4ed0: 85db 0f84 | 2c01 0000 | 488b 7e10 

  0x00007f26a4ac4edc: ;   {metadata(method data for {method} {0x00007f267c82aaf8} 'setPixelSizes' '(II)Z' in 'com/badlogic/gdx/graphics/g2d/freetype/FreeType$Face')}
  0x00007f26a4ac4edc: 48be 80c7 | 2c7d 267f | 0000 4883 | 86d8 0000 | 0001 488b | f766 0f1f 

  0x00007f26a4ac4ef4: ;   {static_call}
  0x00007f26a4ac4ef4: 4400 00e8 

  0x00007f26a4ac4ef8: ; ImmutableOopMap {}
                      ;*invokestatic setPixelSizes {reexecute=0 rethrow=0 return_oop=0}
                      ; - com.badlogic.gdx.graphics.g2d.freetype.FreeType$Face::setPixelSizes@6 (line 278)
                      ; - com.badlogic.gdx.graphics.g2d.freetype.FreeTypeFontGenerator::setPixelSizes@23 (line 286)
  0x00007f26a4ac4ef8: 94ad 6f07 

  0x00007f26a4ac4efc: ;   {post_call_nop}
  0x00007f26a4ac4efc: 0f1f 8400 | f401 0000 | 83e0 0185 

  0x00007f26a4ac4f08: ;   {metadata(method data for {method} {0x00007f267c81d568} 'setPixelSizes' '(II)V' in 'com/badlogic/gdx/graphics/g2d/freetype/FreeTypeFontGenerator')}
  0x00007f26a4ac4f08: c048 ba50 | b3b7 7c26 | 7f00 00be | 3801 0000 | 7405 be28 | 0100 0048 | 8b3c 3248 | 8d7f 0148 
  0x00007f26a4ac4f28: 893c 320f | 8410 0000 | 0048 83c4 

  0x00007f26a4ac4f34: ;   {poll_return}
  0x00007f26a4ac4f34: 605d 493b | 6728 0f87 | e500 0000 | c30f 1f80 | 0000 0000 

  0x00007f26a4ac4f48: ;   {other}
  0x00007f26a4ac4f48: e9fd 0000 | 0000 0000 | 0000 498b | 87c8 0100 | 0048 8d78 | 2849 3bbf | d801 0000 | 0f87 ea00 
  0x00007f26a4ac4f68: 0000 4989 | bfc8 0100 | 0048 c700 | 0100 0000 | 488b ca41 | ba00 0000 | 2049 2bca | 8948 0848 
  0x00007f26a4ac4f88: 33c9 8948 | 0c48 33c9 | 4889 4810 | 4889 4818 | 4889 4820 

  0x00007f26a4ac4f9c: ;   {metadata(method data for {method} {0x00007f267c81d568} 'setPixelSizes' '(II)V' in 'com/badlogic/gdx/graphics/g2d/freetype/FreeTypeFontGenerator')}
  0x00007f26a4ac4f9c: 488b d048 | be50 b3b7 | 7c26 7f00 | 0048 8386 | 4801 0000 

  0x00007f26a4ac4fb0: ;   {oop("Couldn't set size for font"{0x000000008a6f6cc8})}
  0x00007f26a4ac4fb0: 0148 bac8 | 6c6f 8a00 | 0000 0048 | 8bf0 4889 | 4424 480f 

  0x00007f26a4ac4fc4: ;   {optimized virtual_call}
  0x00007f26a4ac4fc4: 1f40 00e8 

  0x00007f26a4ac4fc8: ; ImmutableOopMap {[72]=Oop }
                      ;*invokespecial <init> {reexecute=0 rethrow=0 return_oop=0}
                      ; - com.badlogic.gdx.graphics.g2d.freetype.FreeTypeFontGenerator::setPixelSizes@36 (line 286)
  0x00007f26a4ac4fc8: 1407 0c07 

  0x00007f26a4ac4fcc: ;   {post_call_nop}
  0x00007f26a4ac4fcc: 0f1f 8400 | c402 0001 | 488b 4424 | 48e9 a000 

  0x00007f26a4ac4fdc: ;   {metadata({method} {0x00007f267c81d568} 'setPixelSizes' '(II)V' in 'com/badlogic/gdx/graphics/g2d/freetype/FreeTypeFontGenerator')}
  0x00007f26a4ac4fdc: 0000 49ba | 68d5 817c | 267f 0000 | 4c89 5424 | 0848 c704 | 24ff ffff 

  0x00007f26a4ac4ff4: ;   {runtime_call C1 Runtime counter_overflow_blob}
  0x00007f26a4ac4ff4: ffe8 661c 

  0x00007f26a4ac4ff8: ; ImmutableOopMap {rsi=Oop }
                      ;*synchronization entry
                      ; - com.badlogic.gdx.graphics.g2d.freetype.FreeTypeFontGenerator::setPixelSizes@-1 (line 284)
  0x00007f26a4ac4ff8: 1907 e963 

  0x00007f26a4ac4ffc: ;   {runtime_call C1 Runtime throw_null_pointer_exception_blob}
  0x00007f26a4ac4ffc: feff ffe8 

  0x00007f26a4ac5000: ; ImmutableOopMap {rsi=Oop }
                      ;*invokevirtual setPixelSizes {reexecute=0 rethrow=0 return_oop=0}
                      ; - com.badlogic.gdx.graphics.g2d.freetype.FreeTypeFontGenerator::setPixelSizes@23 (line 286)
  0x00007f26a4ac5000: dcb3 1807 

  0x00007f26a4ac5004: ;   {metadata({method} {0x00007f267c82aaf8} 'setPixelSizes' '(II)Z' in 'com/badlogic/gdx/graphics/g2d/freetype/FreeType$Face')}
  0x00007f26a4ac5004: 49ba f8aa | 827c 267f | 0000 4c89 | 5424 0848 | c704 24ff 

  0x00007f26a4ac5018: ;   {runtime_call C1 Runtime counter_overflow_blob}
  0x00007f26a4ac5018: ffff ffe8 

  0x00007f26a4ac501c: ; ImmutableOopMap {rsi=Oop }
                      ;*synchronization entry
                      ; - com.badlogic.gdx.graphics.g2d.freetype.FreeType$Face::setPixelSizes@-1 (line 278)
                      ; - com.badlogic.gdx.graphics.g2d.freetype.FreeTypeFontGenerator::setPixelSizes@23 (line 286)
  0x00007f26a4ac501c: 401c 1907 | e9b3 feff 

  0x00007f26a4ac5024: ;   {internal_word}
  0x00007f26a4ac5024: ff49 ba36 | 4fac a426 | 7f00 004d | 8997 3805 

  0x00007f26a4ac5034: ;   {runtime_call SafepointBlob}
  0x00007f26a4ac5034: 0000 e925 

  0x00007f26a4ac5038: ;   {metadata(nullptr)}
  0x00007f26a4ac5038: 280c 0748 | ba00 0000 | 0000 0000 | 00b8 000f 

  0x00007f26a4ac5048: ;   {runtime_call C1 Runtime load_klass_patching_blob}
  0x00007f26a4ac5048: 050a e891 

  0x00007f26a4ac504c: ; ImmutableOopMap {}
                      ;*new {reexecute=1 rethrow=0 return_oop=0}
                      ; - (reexecute) com.badlogic.gdx.graphics.g2d.freetype.FreeTypeFontGenerator::setPixelSizes@29 (line 286)
  0x00007f26a4ac504c: 0819 07e9 | f4fe ffff 

  0x00007f26a4ac5054: ;   {runtime_call C1 Runtime fast_new_instance_blob}
  0x00007f26a4ac5054: 488b d2e8 

  0x00007f26a4ac5058: ; ImmutableOopMap {}
                      ;*new {reexecute=0 rethrow=0 return_oop=0}
                      ; - com.badlogic.gdx.graphics.g2d.freetype.FreeTypeFontGenerator::setPixelSizes@29 (line 286)
  0x00007f26a4ac5058: 84c5 1807 | e93b ffff | ff49 8b87 | e005 0000 | 49c7 87e0 | 0500 0000 | 0000 0049 | c787 e805 
  0x00007f26a4ac5078: 0000 0000 | 0000 4883 

  0x00007f26a4ac5080: ;   {runtime_call C1 Runtime unwind_exception_blob}
  0x00007f26a4ac5080: c460 5de9 | 58a4 1807 
[Stub Code]
  0x00007f26a4ac5088: ;   {static_stub}
  0x00007f26a4ac5088: 48bb 0000 | 0000 0000 

  0x00007f26a4ac5090: ;   {runtime_call nmethod}
  0x00007f26a4ac5090: 0000 e9fb 

  0x00007f26a4ac5094: ;   {static_stub}
  0x00007f26a4ac5094: ffff ff48 | bb00 0000 | 0000 0000 

  0x00007f26a4ac50a0: ;   {runtime_call nmethod}
  0x00007f26a4ac50a0: 00e9 fbff 

  0x00007f26a4ac50a4: ;   {runtime_call C1 Runtime handle_exception_from_callee_blob}
  0x00007f26a4ac50a4: ffff e835 

  0x00007f26a4ac50a8: ;   {external_word}
  0x00007f26a4ac50a8: da18 0748 | bfda 17b9 | c426 7f00 | 0048 83e4 

  0x00007f26a4ac50b8: ;   {runtime_call MacroAssembler::debug64(char*, long, long*)}
  0x00007f26a4ac50b8: f0e8 8273 

  0x00007f26a4ac50bc: ;   {section_word}
  0x00007f26a4ac50bc: aa1f f449 | babf 50ac | a426 7f00 

  0x00007f26a4ac50c8: ;   {runtime_call DeoptimizationBlob}
  0x00007f26a4ac50c8: 0041 52e9 | 902a 0c07 
[/MachCode]


Compiled method (c1) 37882 3751   !   3       com.watabou.utils.PlatformSupport::getFont (252 bytes)
 total in heap  [0x00007f26a4b24b88,0x00007f26a4b26750] = 7112
 constants      [0x00007f26a4b24c80,0x00007f26a4b24ca0] = 32
 main code      [0x00007f26a4b24ca0,0x00007f26a4b26648] = 6568
 stub code      [0x00007f26a4b26648,0x00007f26a4b26748] = 256
 oops           [0x00007f26a4b26748,0x00007f26a4b26750] = 8
 mutable data [0x00007f26688136f0,0x00007f26688139d0] = 736
 relocation     [0x00007f26688136f0,0x00007f2668813930] = 576
 metadata       [0x00007f2668813930,0x00007f26688139d0] = 160
 immutable data [0x00007f266804a4d0,0x00007f266804ad10] = 2112
 dependencies   [0x00007f266804a4d0,0x00007f266804a500] = 48
 nul chk table  [0x00007f266804a500,0x00007f266804a550] = 80
 handler table  [0x00007f266804a550,0x00007f266804a688] = 312
 scopes pcs     [0x00007f266804a688,0x00007f266804a9b8] = 816
 scopes data    [0x00007f266804a9b8,0x00007f266804ad10] = 856


[Constant Pool]
             Address          hex4                    hex8      
  0x00007f26a4b24c80:   0x3f4ccccd      0x412000003f4ccccd      
  0x00007f26a4b24c84:   0x41200000                              
  0x00007f26a4b24c88:   0xf4f4f4f4      0xf4f4f4f4f4f4f4f4      
  0x00007f26a4b24c8c:   0xf4f4f4f4                              
  0x00007f26a4b24c90:   0xf4f4f4f4      0xf4f4f4f4f4f4f4f4      
  0x00007f26a4b24c94:   0xf4f4f4f4                              
  0x00007f26a4b24c98:   0xf4f4f4f4      0xf4f4f4f4f4f4f4f4      
  0x00007f26a4b24c9c:   0xf4f4f4f4                              

[MachCode]
[Instructions begin]
  0x00007f26a4b24ca0: ;   {other}
  0x00007f26a4b24ca0: 6666 660f | 1f84 0000 | 0000 0066 | 6666 9066 | 6690 448b | 5608 443b 

  0x00007f26a4b24cb8: ;   {runtime_call Shared Runtime ic_miss_blob}
  0x00007f26a4b24cb8: 5008 0f85 | 2007 0607 
[Verified Entry Point]
  0x00007f26a4b24cc0: 8984 2400 | c0fe ff55 | 4881 ecc0 | 0000 0090 | 4181 7f20 | 0300 0000 

  0x00007f26a4b24cd8: ;   {runtime_call Stub::method_entry_barrier}
  0x00007f26a4b24cd8: 7405 e881 | 8204 0789 | 5424 7c44 | 8984 2480 | 0000 0044 | 894c 2478 

  0x00007f26a4b24cf0: ;   {metadata(method data for {method} {0x00007f267c40ac40} 'getFont' '(ILjava/lang/String;ZZ)Lcom/badlogic/gdx/graphics/g2d/BitmapFont;' in 'com/watabou/utils/PlatformSupport')}
  0x00007f26a4b24cf0: 48bf 4845 | 2e7d 267f | 0000 8b9f | 9000 0000 | 83c3 0289 | 9f90 0000 | 0081 e3fe | 0700 0085 
  0x00007f26a4b24d10: db0f 8412 | 1500 0048 

  0x00007f26a4b24d18: ;   {metadata(method data for {method} {0x00007f267c40ac40} 'getFont' '(ILjava/lang/String;ZZ)Lcom/badlogic/gdx/graphics/g2d/BitmapFont;' in 'com/watabou/utils/PlatformSupport')}
  0x00007f26a4b24d18: 8bfe 48bb | 4845 2e7d | 267f 0000 | 4883 83e8 | 0000 0001 | 488b d148 | 8bde 488b | f348 899c 
  0x00007f26a4b24d38: 2488 0000 

  0x00007f26a4b24d3c: ;   {optimized virtual_call}
  0x00007f26a4b24d3c: 0066 90e8 

  0x00007f26a4b24d40: ; ImmutableOopMap {[136]=Oop }
                      ;*invokevirtual getGeneratorForString {reexecute=0 rethrow=0 return_oop=0}
                      ; - com.watabou.utils.PlatformSupport::getFont@2 (line 147)
  0x00007f26a4b24d40: dc2b 0200 

  0x00007f26a4b24d44: ;   {post_call_nop}
  0x00007f26a4b24d44: 0f1f 8400 | bc01 0000 | 4889 8424 | 9000 0000 

  0x00007f26a4b24d54: ;   {metadata(method data for {method} {0x00007f267c40ac40} 'getFont' '(ILjava/lang/String;ZZ)Lcom/badlogic/gdx/graphics/g2d/BitmapFont;' in 'com/watabou/utils/PlatformSupport')}
  0x00007f26a4b24d54: 4885 c048 | ba48 452e | 7d26 7f00 | 00be 1801 | 0000 7405 | be08 0100 | 0048 8b3c | 3248 8d7f 
  0x00007f26a4b24d74: 0148 893c | 320f 8431 | 1400 0044 | 8b4c 2478 

  0x00007f26a4b24d84: ;   {metadata(method data for {method} {0x00007f267c40ac40} 'getFont' '(ILjava/lang/String;ZZ)Lcom/badlogic/gdx/graphics/g2d/BitmapFont;' in 'com/watabou/utils/PlatformSupport')}
  0x00007f26a4b24d84: 4585 c948 | ba48 452e | 7d26 7f00 | 00be 2801 | 0000 7405 | be38 0100 | 0048 8b3c | 3248 8d7f 
  0x00007f26a4b24da4: 0148 893c | 328b 5424 | 7c0f 8406 | 0000 0081 | c2ff 7f00 | 0044 8b84 | 2480 0000 | 0045 85c0 
  0x00007f26a4b24dc4: ;   {metadata(method data for {method} {0x00007f267c40ac40} 'getFont' '(ILjava/lang/String;ZZ)Lcom/badlogic/gdx/graphics/g2d/BitmapFont;' in 'com/watabou/utils/PlatformSupport')}
  0x00007f26a4b24dc4: 48be 4845 | 2e7d 267f | 0000 bf48 | 0100 0074 | 05bf 5801 | 0000 488b | 1c3e 488d | 5b01 4889 
  0x00007f26a4b24de4: 1c3e 0f84 | 0200 0000 | f7da 8994 | 2484 0000 

  0x00007f26a4b24df4: ;   {oop(a 'java/lang/Class'{0x0000000086d901a0} = 'com/watabou/utils/PlatformSupport')}
  0x00007f26a4b24df4: 0048 bea0 | 01d9 8600 | 0000 008b | 7678 483b | 0648 8bfe 

  0x00007f26a4b24e08: ;   {metadata(method data for {method} {0x00007f267c40ac40} 'getFont' '(ILjava/lang/String;ZZ)Lcom/badlogic/gdx/graphics/g2d/BitmapFont;' in 'com/watabou/utils/PlatformSupport')}
  0x00007f26a4b24e08: 48bb 4845 | 2e7d 267f | 0000 8b7f | 0841 ba00 | 0000 2049 | 03fa 483b | bb70 0100 | 0075 0d48 
  0x00007f26a4b24e28: 8383 7801 | 0000 01e9 | 6000 0000 | 483b bb80 | 0100 0075 | 0d48 8383 | 8801 0000 | 01e9 4a00 
  0x00007f26a4b24e48: 0000 4883 | bb70 0100 | 0000 7517 | 4889 bb70 | 0100 0048 | c783 7801 | 0000 0100 | 0000 e929 
  0x00007f26a4b24e68: 0000 0048 | 83bb 8001 | 0000 0075 | 1748 89bb | 8001 0000 | 48c7 8388 | 0100 0001 | 0000 00e9 
  0x00007f26a4b24e88: 0800 0000 | 4883 8368 | 0100 0001 | 488b d066 | 0f1f 4400 | 0048 b820 | b104 6826 

  0x00007f26a4b24ea4: ;   {virtual_call}
  0x00007f26a4b24ea4: 7f00 00e8 

  0x00007f26a4b24ea8: ; ImmutableOopMap {[136]=Oop [144]=Oop }
                      ;*invokevirtual get {reexecute=0 rethrow=0 return_oop=0}
                      ; - com.watabou.utils.PlatformSupport::getFont@42 (line 156)
  0x00007f26a4b24ea8: d6ec 6707 

  0x00007f26a4b24eac: ;   {post_call_nop}
  0x00007f26a4b24eac: 0f1f 8400 | 2403 0001 

  0x00007f26a4b24eb4: ;   {metadata(method data for {method} {0x00007f267c40ac40} 'getFont' '(ILjava/lang/String;ZZ)Lcom/badlogic/gdx/graphics/g2d/BitmapFont;' in 'com/watabou/utils/PlatformSupport')}
  0x00007f26a4b24eb4: 4885 c048 | be48 452e | 7d26 7f00 | 0075 0c80 | 8e91 0100 | 0001 e9a7 | 0000 008b | 7808 41ba 
  0x00007f26a4b24ed4: 0000 0020 | 4903 fa48 | 3bbe a001 | 0000 750d | 4883 86a8 | 0100 0001 | e960 0000 | 0048 3bbe 
  0x00007f26a4b24ef4: b001 0000 | 750d 4883 | 86b8 0100 | 0001 e94a | 0000 0048 | 83be a001 | 0000 0075 | 1748 89be 
  0x00007f26a4b24f14: a001 0000 | 48c7 86a8 | 0100 0001 | 0000 00e9 | 2900 0000 | 4883 beb0 | 0100 0000 | 7517 4889 
  0x00007f26a4b24f34: beb0 0100 | 0048 c786 | b801 0000 | 0100 0000 | e908 0000 | 0048 8386 | 9801 0000 

  0x00007f26a4b24f50: ;   {metadata('java/util/HashMap')}
  0x00007f26a4b24f50: 0148 bf08 | 7c1f 2000 | 0000 008b | 7008 41ba | 0000 0020 | 4903 f248 | 3b7e 400f | 85de 1200 
  0x00007f26a4b24f70: 00e9 0000 | 0000 488b 

  0x00007f26a4b24f78: ;   {metadata(method data for {method} {0x00007f267c40ac40} 'getFont' '(ILjava/lang/String;ZZ)Lcom/badlogic/gdx/graphics/g2d/BitmapFont;' in 'com/watabou/utils/PlatformSupport')}
  0x00007f26a4b24f78: d848 ba48 | 452e 7d26 | 7f00 0048 | 8382 c801 

  0x00007f26a4b24f88: ;   {metadata(method data for {method} {0x000000002019f870} 'valueOf' '(I)Ljava/lang/Integer;' in 'java/lang/Integer')}
  0x00007f26a4b24f88: 0000 0148 | bac0 3504 | 7c26 7f00 | 008b b290 | 0000 0083 | c602 89b2 | 9000 0000 | 81e6 feff 
  0x00007f26a4b24fa8: 1f00 85f6 | 0f84 a612 | 0000 8b94 | 2484 0000 | 0083 fa80 

  0x00007f26a4b24fbc: ;   {metadata(method data for {method} {0x000000002019f870} 'valueOf' '(I)Ljava/lang/Integer;' in 'java/lang/Integer')}
  0x00007f26a4b24fbc: 48be c035 | 047c 267f | 0000 bfd8 | 0000 007c | 05bf e800 | 0000 488b | 043e 488d | 4001 4889 
  0x00007f26a4b24fdc: 043e 0f8c | 2b00 0000 

  0x00007f26a4b24fe4: ;   {metadata(method data for {method} {0x000000002019f870} 'valueOf' '(I)Ljava/lang/Integer;' in 'java/lang/Integer')}
  0x00007f26a4b24fe4: 83fa 7f48 | bec0 3504 | 7c26 7f00 | 00bf 0801 | 0000 7e05 | bff8 0000 | 0048 8b04 | 3e48 8d40 
  0x00007f26a4b25004: 0148 8904 | 3e0f 8e08 | 0100 004c 

  0x00007f26a4b25010: ;   {metadata('java/lang/Integer')}
  0x00007f26a4b25010: 8bc2 48ba | d0e5 1920 | 0000 0000 | 498b 87c8 | 0100 0048 | 8d78 1049 | 3bbf d801 | 0000 0f87 
  0x00007f26a4b25030: 4512 0000 | 4989 bfc8 | 0100 0048 | c700 0100 | 0000 488b | ca41 ba00 | 0000 2049 | 2bca 8948 
  0x00007f26a4b25050: 0848 33c9 | 8948 0c48 | 33c9 488b 

  0x00007f26a4b2505c: ;   {metadata(method data for {method} {0x000000002019f870} 'valueOf' '(I)Ljava/lang/Integer;' in 'java/lang/Integer')}
  0x00007f26a4b2505c: d048 bec0 | 3504 7c26 | 7f00 0048 | 8386 1801 

  0x00007f26a4b2506c: ;   {metadata(method data for {method} {0x000000002019f088} '<init>' '(I)V' in 'java/lang/Integer')}
  0x00007f26a4b2506c: 0000 0148 | ba18 3704 | 7c26 7f00 | 008b b290 | 0000 0083 | c602 89b2 | 9000 0000 | 81e6 feff 
  0x00007f26a4b2508c: 1f00 85f6 | 0f84 f011 | 0000 488b 

  0x00007f26a4b25098: ;   {metadata(method data for {method} {0x000000002019f088} '<init>' '(I)V' in 'java/lang/Integer')}
  0x00007f26a4b25098: d048 be18 | 3704 7c26 | 7f00 0048 | 8386 d800 

  0x00007f26a4b250a8: ;   {metadata(method data for {method} {0x000000002019a3f8} '<init>' '()V' in 'java/lang/Number')}
  0x00007f26a4b250a8: 0000 0148 | ba38 3804 | 7c26 7f00 | 008b b290 | 0000 0083 | c602 89b2 | 9000 0000 | 81e6 feff 
  0x00007f26a4b250c8: 1f00 85f6 | 0f84 d511 | 0000 488b 

  0x00007f26a4b250d4: ;   {metadata(method data for {method} {0x000000002019a3f8} '<init>' '()V' in 'java/lang/Number')}
  0x00007f26a4b250d4: d048 be38 | 3804 7c26 | 7f00 0048 | 8386 d800 

  0x00007f26a4b250e4: ;   {metadata(method data for {method} {0x000000002049ea40} '<init>' '()V' in 'java/lang/Object')}
  0x00007f26a4b250e4: 0000 0148 | bac0 7500 | 7c26 7f00 | 008b b290 | 0000 0083 | c602 89b2 | 9000 0000 | 81e6 feff 
  0x00007f26a4b25104: 1f00 85f6 | 0f84 ba11 | 0000 4489 | 400c e920 | 0000 004c | 8bc2 498b | d081 c280 

  0x00007f26a4b25120: ;   {oop(a 'java/lang/Integer'[256] {0x00000000ffe033a8})}
  0x00007f26a4b25120: 0000 0048 | bea8 33e0 | ff00 0000 | 0048 63d2 | 8b54 9610 | 488b c244 | 8984 2484 | 0000 0048 
  0x00007f26a4b25140: 3b03 488b 

  0x00007f26a4b25144: ;   {metadata(method data for {method} {0x00007f267c40ac40} 'getFont' '(ILjava/lang/String;ZZ)Lcom/badlogic/gdx/graphics/g2d/BitmapFont;' in 'com/watabou/utils/PlatformSupport')}
  0x00007f26a4b25144: f348 bf48 | 452e 7d26 | 7f00 008b | 7608 41ba | 0000 0020 | 4903 f248 | 3bb7 e001 | 0000 750d 
  0x00007f26a4b25164: 4883 87e8 | 0100 0001 | e960 0000 | 0048 3bb7 | f001 0000 | 750d 4883 | 87f8 0100 | 0001 e94a 
  0x00007f26a4b25184: 0000 0048 | 83bf e001 | 0000 0075 | 1748 89b7 | e001 0000 | 48c7 87e8 | 0100 0001 | 0000 00e9 
  0x00007f26a4b251a4: 2900 0000 | 4883 bff0 | 0100 0000 | 7517 4889 | b7f0 0100 | 0048 c787 | f801 0000 | 0100 0000 
  0x00007f26a4b251c4: e908 0000 | 0048 8387 | d801 0000 

  0x00007f26a4b251d0: ;   {metadata(method data for {method} {0x00000000201f8530} 'containsKey' '(Ljava/lang/Object;)Z' in 'java/util/HashMap')}
  0x00007f26a4b251d0: 0148 bea0 | 5604 7c26 | 7f00 008b | be90 0000 | 0083 c702 | 89be 9000 | 0000 81e7 | feff 1f00 
  0x00007f26a4b251f0: 85ff 0f84 | f610 0000 

  0x00007f26a4b251f8: ;   {metadata(method data for {method} {0x00000000201f8530} 'containsKey' '(Ljava/lang/Object;)Z' in 'java/util/HashMap')}
  0x00007f26a4b251f8: 488b f348 | bfa0 5604 | 7c26 7f00 | 008b 7608 | 41ba 0000 | 0020 4903 | f248 3bb7 | e000 0000 
  0x00007f26a4b25218: 750d 4883 | 87e8 0000 | 0001 e960 | 0000 0048 | 3bb7 f000 | 0000 750d | 4883 87f8 | 0000 0001 
  0x00007f26a4b25238: e94a 0000 | 0048 83bf | e000 0000 | 0075 1748 | 89b7 e000 | 0000 48c7 | 87e8 0000 | 0001 0000 
  0x00007f26a4b25258: 00e9 2900 | 0000 4883 | bff0 0000 | 0000 7517 | 4889 b7f0 | 0000 0048 | c787 f800 | 0000 0100 
  0x00007f26a4b25278: 0000 e908 | 0000 0048 | 8387 d800 | 0000 0148 | 8bd0 488b 

  0x00007f26a4b2528c: ;   {optimized virtual_call}
  0x00007f26a4b2528c: f366 90e8 

  0x00007f26a4b25290: ; ImmutableOopMap {[136]=Oop [144]=Oop }
                      ;*invokevirtual getNode {reexecute=0 rethrow=0 return_oop=0}
                      ; - java.util.HashMap::containsKey@2 (line 603)
                      ; - com.watabou.utils.PlatformSupport::getFont@53 (line 156)
  0x00007f26a4b25290: fcc7 5f07 

  0x00007f26a4b25294: ;   {post_call_nop}
  0x00007f26a4b25294: 0f1f 8400 | 0c07 0002 

  0x00007f26a4b2529c: ;   {metadata(method data for {method} {0x00000000201f8530} 'containsKey' '(Ljava/lang/Object;)Z' in 'java/util/HashMap')}
  0x00007f26a4b2529c: 4885 c048 | baa0 5604 | 7c26 7f00 | 00be 0801 | 0000 7405 | be18 0100 | 0048 8b3c | 3248 8d7f 
  0x00007f26a4b252bc: 0148 893c | 320f 841a 

  0x00007f26a4b252c4: ;   {metadata(method data for {method} {0x00000000201f8530} 'containsKey' '(Ljava/lang/Object;)Z' in 'java/util/HashMap')}
  0x00007f26a4b252c4: 0000 0048 | baa0 5604 | 7c26 7f00 | 00ff 8228 | 0100 00ba | 0100 0000 | e905 0000 | 00ba 0000 
  0x00007f26a4b252e4: 0000 83e2 

  0x00007f26a4b252e8: ;   {metadata(method data for {method} {0x00007f267c40ac40} 'getFont' '(ILjava/lang/String;ZZ)Lcom/badlogic/gdx/graphics/g2d/BitmapFont;' in 'com/watabou/utils/PlatformSupport')}
  0x00007f26a4b252e8: 0185 d248 | ba48 452e | 7d26 7f00 | 00be 0802 | 0000 7505 | be18 0200 | 0048 8b3c | 3248 8d7f 
  0x00007f26a4b25308: 0148 893c | 320f 85d1 

  0x00007f26a4b25310: ;   {metadata('com/badlogic/gdx/graphics/g2d/freetype/FreeTypeFontGenerator$FreeTypeFontParameter')}
  0x00007f26a4b25310: 0900 0048 | ba28 340b | 2100 0000 | 0049 8b87 | c801 0000 | 488d 7868 | 493b bfd8 | 0100 000f 
  0x00007f26a4b25330: 87da 0f00 | 0049 89bf | c801 0000 | 48c7 0001 | 0000 0048 | 8bca 41ba | 0000 0020 | 492b ca89 
  0x00007f26a4b25350: 4808 4833 | c989 480c | 4833 c9bf | 0b00 0000 | 4889 4cf8 | 0848 ffcf | 75f6 4889 | 8424 9800 
  0x00007f26a4b25370: 0000 488b 

  0x00007f26a4b25374: ;   {metadata(method data for {method} {0x00007f267c40ac40} 'getFont' '(ILjava/lang/String;ZZ)Lcom/badlogic/gdx/graphics/g2d/BitmapFont;' in 'com/watabou/utils/PlatformSupport')}
  0x00007f26a4b25374: f048 bf48 | 452e 7d26 | 7f00 0048 | 8387 2802 | 0000 0148 | 8bf0 0f1f 

  0x00007f26a4b2538c: ;   {optimized virtual_call}
  0x00007f26a4b2538c: 4400 00e8 

  0x00007f26a4b25390: ; ImmutableOopMap {[136]=Oop [144]=Oop [152]=Oop }
                      ;*invokespecial <init> {reexecute=0 rethrow=0 return_oop=0}
                      ; - com.watabou.utils.PlatformSupport::getFont@63 (line 157)
  0x00007f26a4b25390: 5613 0000 

  0x00007f26a4b25394: ;   {post_call_nop}
  0x00007f26a4b25394: 0f1f 8400 | 0c08 0003 | 488b b424 | 8800 0000 

  0x00007f26a4b253a4: ;   {metadata(method data for {method} {0x00007f267c40ac40} 'getFont' '(ILjava/lang/String;ZZ)Lcom/badlogic/gdx/graphics/g2d/BitmapFont;' in 'com/watabou/utils/PlatformSupport')}
  0x00007f26a4b253a4: 48bf 4845 | 2e7d 267f | 0000 4883 | 8748 0200 

  0x00007f26a4b253b4: ;   {metadata(method data for {method} {0x00007f267c40bef8} 'adjustFontSize' '(ILcom/badlogic/gdx/graphics/g2d/freetype/FreeTypeFontGenerator;)I' in 'com/shatteredpixel/shatteredpixeldungeon/desktop/DesktopPlatformSupport')}
  0x00007f26a4b253b4: 0001 48be | a88d 2e7d | 267f 0000 | 8bbe 9000 | 0000 83c7 | 0289 be90 | 0000 0081 | e7fe ff1f 
  0x00007f26a4b253d4: 0085 ff0f | 843f 0f00 

  0x00007f26a4b253dc: ;   {oop(a 'java/lang/Class'{0x0000000086d8f310} = 'com/shatteredpixel/shatteredpixeldungeon/desktop/DesktopPlatformSupport')}
  0x00007f26a4b253dc: 0048 be10 | f3d8 8600 | 0000 008b | b684 0000 | 0048 8b84 | 2490 0000 | 0048 3bc6 

  0x00007f26a4b253f8: ;   {metadata(method data for {method} {0x00007f267c40bef8} 'adjustFontSize' '(ILcom/badlogic/gdx/graphics/g2d/freetype/FreeTypeFontGenerator;)I' in 'com/shatteredpixel/shatteredpixeldungeon/desktop/DesktopPlatformSupport')}
  0x00007f26a4b253f8: 48be a88d | 2e7d 267f | 0000 bfd8 | 0000 0075 | 05bf e800 | 0000 488b | 1c3e 488d | 5b01 4889 
  0x00007f26a4b25418: 1c3e 0f85 | b200 0000 | 8b54 247c 

  0x00007f26a4b25424: ;   {metadata(method data for {method} {0x00007f267c40bef8} 'adjustFontSize' '(ILcom/badlogic/gdx/graphics/g2d/freetype/FreeTypeFontGenerator;)I' in 'com/shatteredpixel/shatteredpixeldungeon/desktop/DesktopPlatformSupport')}
  0x00007f26a4b25424: 48be a88d | 2e7d 267f | 0000 4883 | 86f8 0000 | 0001 c5fa 

  0x00007f26a4b25438: ;   {section_word}
  0x00007f26a4b25438: 2ac2 c5fa | 5905 3ef8 | ffff 0f1f 

  0x00007f26a4b25444: ;   {static_call}
  0x00007f26a4b25444: 4400 00e8 

  0x00007f26a4b25448: ; ImmutableOopMap {[136]=Oop [144]=Oop [152]=Oop }
                      ;*invokestatic round {reexecute=0 rethrow=0 return_oop=0}
                      ; - com.shatteredpixel.shatteredpixeldungeon.desktop.DesktopPlatformSupport::adjustFontSize@14 (line 190)
                      ; - com.watabou.utils.PlatformSupport::getFont@74 (line 158)
  0x00007f26a4b25448: b4a1 6607 

  0x00007f26a4b2544c: ;   {post_call_nop}
  0x00007f26a4b2544c: 0f1f 8400 | c408 0004 

  0x00007f26a4b25454: ;   {metadata(method data for {method} {0x00007f267c40bef8} 'adjustFontSize' '(ILcom/badlogic/gdx/graphics/g2d/freetype/FreeTypeFontGenerator;)I' in 'com/shatteredpixel/shatteredpixeldungeon/desktop/DesktopPlatformSupport')}
  0x00007f26a4b25454: 48ba a88d | 2e7d 267f | 0000 4883 | 8208 0100 

  0x00007f26a4b25464: ;   {metadata(method data for {method} {0x0000000020488bd0} 'max' '(II)I' in 'java/lang/Math')}
  0x00007f26a4b25464: 0001 48ba | 7039 037c | 267f 0000 | 8bb2 9000 | 0000 83c6 | 0289 b290 | 0000 0081 | e6fe ff1f 
  0x00007f26a4b25484: 0085 f60f | 84b0 0e00 | 0083 f806 

  0x00007f26a4b25490: ;   {metadata(method data for {method} {0x0000000020488bd0} 'max' '(II)I' in 'java/lang/Math')}
  0x00007f26a4b25490: 48ba 7039 | 037c 267f | 0000 bed8 | 0000 007f | 05be e800 | 0000 488b | 3c32 488d | 7f01 4889 
  0x00007f26a4b254b0: 3c32 0f8f | 1e00 0000 

  0x00007f26a4b254b8: ;   {metadata(method data for {method} {0x0000000020488bd0} 'max' '(II)I' in 'java/lang/Math')}
  0x00007f26a4b254b8: 48ba 7039 | 037c 267f | 0000 ff82 | f800 0000 | b806 0000 | 00e9 0400 | 0000 8b44 | 247c 488b 
  0x00007f26a4b254d8: 9c24 9800 | 0000 448b | 4c24 7844 | 8b84 2480 | 0000 0089 | 430c 4183 | e001 4488 | 4343 4585 
  0x00007f26a4b254f8: ;   {metadata(method data for {method} {0x00007f267c40ac40} 'getFont' '(ILjava/lang/String;ZZ)Lcom/badlogic/gdx/graphics/g2d/BitmapFont;' in 'com/watabou/utils/PlatformSupport')}
  0x00007f26a4b254f8: c948 ba48 | 452e 7d26 | 7f00 00be | 6802 0000 | 7405 be78 | 0200 0048 | 8b3c 3248 | 8d7f 0148 
  0x00007f26a4b25518: 893c 320f | 8414 0000 | 008b 530c | c5fa 2ac2 

  0x00007f26a4b25528: ;   {section_word}
  0x00007f26a4b25528: c5fa 5e05 | 54f7 ffff | c5fa 1143 | 188b 5424 | 7c83 fa14 

  0x00007f26a4b2553c: ;   {metadata(method data for {method} {0x00007f267c40ac40} 'getFont' '(ILjava/lang/String;ZZ)Lcom/badlogic/gdx/graphics/g2d/BitmapFont;' in 'com/watabou/utils/PlatformSupport')}
  0x00007f26a4b2553c: 48ba 4845 | 2e7d 267f | 0000 be88 | 0200 007c | 05be 9802 | 0000 488b | 3c32 488d | 7f01 4889 
  0x00007f26a4b2555c: 3c32 0f8c | 1c00 0000 | c743 1402 

  0x00007f26a4b25568: ;   {metadata(method data for {method} {0x00007f267c40ac40} 'getFont' '(ILjava/lang/String;ZZ)Lcom/badlogic/gdx/graphics/g2d/BitmapFont;' in 'com/watabou/utils/PlatformSupport')}
  0x00007f26a4b25568: 0000 0048 | ba48 452e | 7d26 7f00 | 00ff 82a8 | 0200 00e9 | 0700 0000 | c743 1403 | 0000 0048 
  0x00007f26a4b25588: 8bb4 2488 | 0000 0041 | 0fbe 5748 | 85d2 0f85 | c20d 0000 

  0x00007f26a4b2559c: ;   {oop(a 'com/badlogic/gdx/graphics/g2d/freetype/FreeTypeFontGenerator$Hinting'{0x0000000086d77118})}
  0x00007f26a4b2559c: 49ba 1871 | d786 0000 | 0000 4489 

  0x00007f26a4b255a8: ;   {oop(a 'com/badlogic/gdx/graphics/g2d/freetype/FreeTypeFontGenerator$Hinting'{0x0000000086d77118})}
  0x00007f26a4b255a8: 5348 48ba | 1871 d786 | 0000 0000 | 488b c348 | 33c2 48c1 | e814 4883 | f800 0f85 | b10d 0000 
  0x00007f26a4b255c8: c5fa 1043 | 18c5 fa2c | d081 fa00 | 0000 8075 | 0f48 83ec | 08c5 fa11 

  0x00007f26a4b255e0: ;   {runtime_call Stub::f2i_fixup}
  0x00007f26a4b255e0: 0424 e866 | 2a01 075a | f7da 8953 | 28c6 4345 | 0141 0fbe | 5748 85d2 | 0f85 930d 

  0x00007f26a4b255fc: ;   {oop("ý"{0x0000000085fdfe30})}
  0x00007f26a4b255fc: 0000 49ba | 30fe fd85 | 0000 0000 | 4489 5358 

  0x00007f26a4b2560c: ;   {oop("ý"{0x0000000085fdfe30})}
  0x00007f26a4b2560c: 48ba 30fe | fd85 0000 | 0000 488b | c348 33c2 | 48c1 e814 | 4883 f800 | 0f85 820d | 0000 8b56 
  0x00007f26a4b2562c: 1441 0fbe | 7748 85f6 | 0f85 8a0d | 0000 4c8b | d244 8953 | 5c48 8bc3 | 4833 c248 | c1e8 1448 
  0x00007f26a4b2564c: 83f8 000f | 858a 0d00 | 0048 8b84 | 2490 0000 | 0048 3b00 

  0x00007f26a4b25660: ;   {metadata(method data for {method} {0x00007f267c40ac40} 'getFont' '(ILjava/lang/String;ZZ)Lcom/badlogic/gdx/graphics/g2d/BitmapFont;' in 'com/watabou/utils/PlatformSupport')}
  0x00007f26a4b25660: 488b f048 | bf48 452e | 7d26 7f00 | 0048 8387 | d002 0000 

  0x00007f26a4b25674: ;   {metadata(method data for {method} {0x00007f267c81ca98} 'generateFont' '(Lcom/badlogic/gdx/graphics/g2d/freetype/FreeTypeFontGenerator$FreeTypeFontParameter;)Lcom/badlogic/gdx/graphics/g2d/BitmapFont;' in 'com/badlogic/gdx/graphics/g2d/freetype/FreeTypeFontGenerator')}
  0x00007f26a4b25674: 0148 be10 | 8f2e 7d26 | 7f00 008b | be90 0000 | 0083 c702 | 89be 9000 | 0000 81e7 | feff 1f00 
  0x00007f26a4b25694: 85ff 0f84 | 600d 0000 

  0x00007f26a4b2569c: ;   {metadata('com/badlogic/gdx/graphics/g2d/freetype/FreeTypeFontGenerator$FreeTypeBitmapFontData')}
  0x00007f26a4b2569c: 48ba 885d | 0a21 0000 | 0000 498b | 87c8 0100 | 0048 8db8 | 8800 0000 | 493b bfd8 | 0100 000f 
  0x00007f26a4b256bc: 875c 0d00 | 0049 89bf | c801 0000 | 48c7 0001 | 0000 0048 | 8bca 41ba | 0000 0020 | 492b ca89 
  0x00007f26a4b256dc: 4808 4833 | c989 480c | 4833 c9bf | 0f00 0000 | 4889 4cf8 | 0848 ffcf | 75f6 488b 

  0x00007f26a4b256f8: ;   {metadata(method data for {method} {0x00007f267c81ca98} 'generateFont' '(Lcom/badlogic/gdx/graphics/g2d/freetype/FreeTypeFontGenerator$FreeTypeFontParameter;)Lcom/badlogic/gdx/graphics/g2d/BitmapFont;' in 'com/badlogic/gdx/graphics/g2d/freetype/FreeTypeFontGenerator')}
  0x00007f26a4b256f8: f048 bf10 | 8f2e 7d26 | 7f00 0048 | 8387 d800 

  0x00007f26a4b25708: ;   {metadata(method data for {method} {0x00007f267c823668} '<init>' '()V' in 'com/badlogic/gdx/graphics/g2d/freetype/FreeTypeFontGenerator$FreeTypeBitmapFontData')}
  0x00007f26a4b25708: 0000 0148 | be70 902e | 7d26 7f00 | 008b be90 | 0000 0083 | c702 89be | 9000 0000 | 81e7 feff 
  0x00007f26a4b25728: 1f00 85ff | 0f84 f80c | 0000 488b 

  0x00007f26a4b25734: ;   {metadata(method data for {method} {0x00007f267c823668} '<init>' '()V' in 'com/badlogic/gdx/graphics/g2d/freetype/FreeTypeFontGenerator$FreeTypeBitmapFontData')}
  0x00007f26a4b25734: f048 bf70 | 902e 7d26 | 7f00 0048 | 8387 d800 | 0000 0148 | 8bf0 4889 | 8424 a000 | 0000 0f1f 
  0x00007f26a4b25754: ;   {optimized virtual_call}
  0x00007f26a4b25754: 4400 00e8 

  0x00007f26a4b25758: ; ImmutableOopMap {[144]=Oop [152]=Oop [160]=Oop }
                      ;*invokespecial <init> {reexecute=0 rethrow=0 return_oop=0}
                      ; - com.badlogic.gdx.graphics.g2d.freetype.FreeTypeFontGenerator$FreeTypeBitmapFontData::<init>@1 (line 664)
                      ; - com.badlogic.gdx.graphics.g2d.freetype.FreeTypeFontGenerator::generateFont@6 (line 153)
                      ; - com.watabou.utils.PlatformSupport::getFont@172 (line 176)
  0x00007f26a4b25758: ac0f 0000 

  0x00007f26a4b2575c: ;   {post_call_nop}
  0x00007f26a4b2575c: 0f1f 8400 | d40b 0005 | 488b 8424 | 9000 0000 

  0x00007f26a4b2576c: ;   {metadata(method data for {method} {0x00007f267c81ca98} 'generateFont' '(Lcom/badlogic/gdx/graphics/g2d/freetype/FreeTypeFontGenerator$FreeTypeFontParameter;)Lcom/badlogic/gdx/graphics/g2d/BitmapFont;' in 'com/badlogic/gdx/graphics/g2d/freetype/FreeTypeFontGenerator')}
  0x00007f26a4b2576c: 48ba 108f | 2e7d 267f 

  0x00007f26a4b25774: ;   {metadata('com/badlogic/gdx/graphics/g2d/freetype/FreeTypeFontGenerator')}
  0x00007f26a4b25774: 0000 49ba | 4858 0a21 | 0000 0000 | 4c89 92f0 | 0000 0048 | 8382 f800 | 0000 0148 | 8b94 2498 
  0x00007f26a4b25794: 0000 0048 | 8b8c 24a0 | 0000 0048 | 8bb4 2490 

  0x00007f26a4b257a4: ;   {optimized virtual_call}
  0x00007f26a4b257a4: 0000 00e8 

  0x00007f26a4b257a8: ; ImmutableOopMap {[144]=Oop }
                      ;*invokevirtual generateFont {reexecute=0 rethrow=0 return_oop=0}
                      ; - com.badlogic.gdx.graphics.g2d.freetype.FreeTypeFontGenerator::generateFont@9 (line 153)
                      ; - com.watabou.utils.PlatformSupport::getFont@172 (line 176)
  0x00007f26a4b257a8: c10e 0000 

  0x00007f26a4b257ac: ;   {post_call_nop}
  0x00007f26a4b257ac: 0f1f 8400 | 240c 0006 

  0x00007f26a4b257b4: ; implicit exception: dispatches to 0x00007f26a4b2644b
  0x00007f26a4b257b4: 483b 0048 

  0x00007f26a4b257b8: ;   {metadata(method data for {method} {0x00007f267c40ac40} 'getFont' '(ILjava/lang/String;ZZ)Lcom/badlogic/gdx/graphics/g2d/BitmapFont;' in 'com/watabou/utils/PlatformSupport')}
  0x00007f26a4b257b8: 8bd0 48be | 4845 2e7d | 267f 0000 | 4883 8600 | 0300 0001 | 8b78 1048 

  0x00007f26a4b257d0: ;   {metadata(method data for {method} {0x00007f267c40ac40} 'getFont' '(ILjava/lang/String;ZZ)Lcom/badlogic/gdx/graphics/g2d/BitmapFont;' in 'com/watabou/utils/PlatformSupport')}
  0x00007f26a4b257d0: 8bd0 48be | 4845 2e7d | 267f 0000 | 4883 8630 | 0300 0001 

  0x00007f26a4b257e4: ; implicit exception: dispatches to 0x00007f26a4b26450
  0x00007f26a4b257e4: 483b 0748 

  0x00007f26a4b257e8: ;   {metadata(method data for {method} {0x00007f267c40ac40} 'getFont' '(ILjava/lang/String;ZZ)Lcom/badlogic/gdx/graphics/g2d/BitmapFont;' in 'com/watabou/utils/PlatformSupport')}
  0x00007f26a4b257e8: 8bd7 48be | 4845 2e7d | 267f 0000 | 8b52 0841 | ba00 0000 | 2049 03d2 | 483b 9658 | 0300 0075 
  0x00007f26a4b25808: 0d48 8386 | 6003 0000 | 01e9 6000 | 0000 483b | 9668 0300 | 0075 0d48 | 8386 7003 | 0000 01e9 
  0x00007f26a4b25828: 4a00 0000 | 4883 be58 | 0300 0000 | 7517 4889 | 9658 0300 | 0048 c786 | 6003 0000 | 0100 0000 
  0x00007f26a4b25848: e929 0000 | 0048 83be | 6803 0000 | 0075 1748 | 8996 6803 | 0000 48c7 | 8670 0300 | 0001 0000 
  0x00007f26a4b25868: 00e9 0800 | 0000 4883 | 8650 0300 | 0001 bafd | ff00 0048 | 8bf7 4889 | 8424 b000 | 0000 4889 
  0x00007f26a4b25888: bc24 a800 | 0000 0f1f | 8000 0000 | 0048 b848 | b104 6826 

  0x00007f26a4b2589c: ;   {virtual_call}
  0x00007f26a4b2589c: 7f00 00e8 

  0x00007f26a4b258a0: ; ImmutableOopMap {[144]=Oop [168]=Oop [176]=Oop }
                      ;*invokevirtual getGlyph {reexecute=0 rethrow=0 return_oop=0}
                      ; - com.watabou.utils.PlatformSupport::getFont@189 (line 177)
  0x00007f26a4b258a0: 5ec8 6807 

  0x00007f26a4b258a4: ;   {post_call_nop}
  0x00007f26a4b258a4: 0f1f 8400 | 1c0d 0007 | 410f be57 | 4885 d248 | 8bbc 24a8 | 0000 000f | 8594 0b00 | 004c 8bd0 
  0x00007f26a4b258c4: 4489 575c | 488b d748 | 33d0 48c1 | ea14 4883 | fa00 0f85 | 940b 0000 

  0x00007f26a4b258dc: ;   {oop(a 'java/lang/Class'{0x0000000086d901a0} = 'com/watabou/utils/PlatformSupport')}
  0x00007f26a4b258dc: 48ba a001 | d986 0000 | 0000 8b72 | 7848 3b06 

  0x00007f26a4b258ec: ;   {metadata(method data for {method} {0x00007f267c40ac40} 'getFont' '(ILjava/lang/String;ZZ)Lcom/badlogic/gdx/graphics/g2d/BitmapFont;' in 'com/watabou/utils/PlatformSupport')}
  0x00007f26a4b258ec: 488b d648 | bf48 452e | 7d26 7f00 | 008b 5208 | 41ba 0000 | 0020 4903 | d248 3b97 | 8803 0000 
  0x00007f26a4b2590c: 750d 4883 | 8790 0300 | 0001 e960 | 0000 0048 | 3b97 9803 | 0000 750d | 4883 87a0 | 0300 0001 
  0x00007f26a4b2592c: e94a 0000 | 0048 83bf | 8803 0000 | 0075 1748 | 8997 8803 | 0000 48c7 | 8790 0300 | 0001 0000 
  0x00007f26a4b2594c: 00e9 2900 | 0000 4883 | bf98 0300 | 0000 7517 | 4889 9798 | 0300 0048 | c787 a003 | 0000 0100 
  0x00007f26a4b2596c: 0000 e908 | 0000 0048 | 8387 8003 | 0000 0148 | 8b94 2490 | 0000 0066 | 9048 b870 | b104 6826 
  0x00007f26a4b2598c: ;   {virtual_call}
  0x00007f26a4b2598c: 7f00 00e8 

  0x00007f26a4b25990: ; ImmutableOopMap {[144]=Oop [176]=Oop }
                      ;*invokevirtual get {reexecute=0 rethrow=0 return_oop=0}
                      ; - com.watabou.utils.PlatformSupport::getFont@200 (line 178)
  0x00007f26a4b25990: eee1 6707 

  0x00007f26a4b25994: ;   {post_call_nop}
  0x00007f26a4b25994: 0f1f 8400 | 0c0e 0008 

  0x00007f26a4b2599c: ;   {metadata(method data for {method} {0x00007f267c40ac40} 'getFont' '(ILjava/lang/String;ZZ)Lcom/badlogic/gdx/graphics/g2d/BitmapFont;' in 'com/watabou/utils/PlatformSupport')}
  0x00007f26a4b2599c: 4885 c048 | be48 452e | 7d26 7f00 | 0075 0c80 | 8ea9 0300 | 0001 e9a7 | 0000 008b | 7808 41ba 
  0x00007f26a4b259bc: 0000 0020 | 4903 fa48 | 3bbe b803 | 0000 750d | 4883 86c0 | 0300 0001 | e960 0000 | 0048 3bbe 
  0x00007f26a4b259dc: c803 0000 | 750d 4883 | 86d0 0300 | 0001 e94a | 0000 0048 | 83be b803 | 0000 0075 | 1748 89be 
  0x00007f26a4b259fc: b803 0000 | 48c7 86c0 | 0300 0001 | 0000 00e9 | 2900 0000 | 4883 bec8 | 0300 0000 | 7517 4889 
  0x00007f26a4b25a1c: bec8 0300 | 0048 c786 | d003 0000 | 0100 0000 | e908 0000 | 0048 8386 | b003 0000 

  0x00007f26a4b25a38: ;   {metadata('java/util/HashMap')}
  0x00007f26a4b25a38: 0148 bf08 | 7c1f 2000 | 0000 008b | 7008 41ba | 0000 0020 | 4903 f248 | 3b7e 400f | 8534 0a00 
  0x00007f26a4b25a58: 00e9 0000 | 0000 488b 

  0x00007f26a4b25a60: ;   {metadata(method data for {method} {0x00007f267c40ac40} 'getFont' '(ILjava/lang/String;ZZ)Lcom/badlogic/gdx/graphics/g2d/BitmapFont;' in 'com/watabou/utils/PlatformSupport')}
  0x00007f26a4b25a60: d848 ba48 | 452e 7d26 | 7f00 0048 | 8382 e003 

  0x00007f26a4b25a70: ;   {metadata(method data for {method} {0x000000002019f870} 'valueOf' '(I)Ljava/lang/Integer;' in 'java/lang/Integer')}
  0x00007f26a4b25a70: 0000 0148 | bac0 3504 | 7c26 7f00 | 008b b290 | 0000 0083 | c602 89b2 | 9000 0000 | 81e6 feff 
  0x00007f26a4b25a90: 1f00 85f6 | 0f84 fc09 | 0000 8b94 | 2484 0000 | 0083 fa80 

  0x00007f26a4b25aa4: ;   {metadata(method data for {method} {0x000000002019f870} 'valueOf' '(I)Ljava/lang/Integer;' in 'java/lang/Integer')}
  0x00007f26a4b25aa4: 48be c035 | 047c 267f | 0000 bfd8 | 0000 007c | 05bf e800 | 0000 488b | 043e 488d | 4001 4889 
  0x00007f26a4b25ac4: 043e 0f8c | 2b00 0000 

  0x00007f26a4b25acc: ;   {metadata(method data for {method} {0x000000002019f870} 'valueOf' '(I)Ljava/lang/Integer;' in 'java/lang/Integer')}
  0x00007f26a4b25acc: 83fa 7f48 | bec0 3504 | 7c26 7f00 | 00bf 0801 | 0000 7e05 | bff8 0000 | 0048 8b04 | 3e48 8d40 
  0x00007f26a4b25aec: 0148 8904 | 3e0f 8e08 | 0100 004c 

  0x00007f26a4b25af8: ;   {metadata('java/lang/Integer')}
  0x00007f26a4b25af8: 8bc2 48ba | d0e5 1920 | 0000 0000 | 498b 87c8 | 0100 0048 | 8d78 1049 | 3bbf d801 | 0000 0f87 
  0x00007f26a4b25b18: 9b09 0000 | 4989 bfc8 | 0100 0048 | c700 0100 | 0000 488b | ca41 ba00 | 0000 2049 | 2bca 8948 
  0x00007f26a4b25b38: 0848 33c9 | 8948 0c48 | 33c9 488b 

  0x00007f26a4b25b44: ;   {metadata(method data for {method} {0x000000002019f870} 'valueOf' '(I)Ljava/lang/Integer;' in 'java/lang/Integer')}
  0x00007f26a4b25b44: d048 b9c0 | 3504 7c26 | 7f00 0048 | 8381 1801 

  0x00007f26a4b25b54: ;   {metadata(method data for {method} {0x000000002019f088} '<init>' '(I)V' in 'java/lang/Integer')}
  0x00007f26a4b25b54: 0000 0148 | ba18 3704 | 7c26 7f00 | 008b 8a90 | 0000 0083 | c102 898a | 9000 0000 | 81e1 feff 
  0x00007f26a4b25b74: 1f00 85c9 | 0f84 4609 | 0000 488b 

  0x00007f26a4b25b80: ;   {metadata(method data for {method} {0x000000002019f088} '<init>' '(I)V' in 'java/lang/Integer')}
  0x00007f26a4b25b80: d048 b918 | 3704 7c26 | 7f00 0048 | 8381 d800 

  0x00007f26a4b25b90: ;   {metadata(method data for {method} {0x000000002019a3f8} '<init>' '()V' in 'java/lang/Number')}
  0x00007f26a4b25b90: 0000 0148 | ba38 3804 | 7c26 7f00 | 008b 8a90 | 0000 0083 | c102 898a | 9000 0000 | 81e1 feff 
  0x00007f26a4b25bb0: 1f00 85c9 | 0f84 2b09 | 0000 488b 

  0x00007f26a4b25bbc: ;   {metadata(method data for {method} {0x000000002019a3f8} '<init>' '()V' in 'java/lang/Number')}
  0x00007f26a4b25bbc: d048 b938 | 3804 7c26 | 7f00 0048 | 8381 d800 

  0x00007f26a4b25bcc: ;   {metadata(method data for {method} {0x000000002049ea40} '<init>' '()V' in 'java/lang/Object')}
  0x00007f26a4b25bcc: 0000 0148 | bac0 7500 | 7c26 7f00 | 008b 8a90 | 0000 0083 | c102 898a | 9000 0000 | 81e1 feff 
  0x00007f26a4b25bec: 1f00 85c9 | 0f84 1009 | 0000 4489 | 400c e920 | 0000 004c | 8bc2 498b | d081 c280 

  0x00007f26a4b25c08: ;   {oop(a 'java/lang/Integer'[256] {0x00000000ffe033a8})}
  0x00007f26a4b25c08: 0000 0048 | b9a8 33e0 | ff00 0000 | 0048 63d2 | 8b54 9110 | 488b c248 | 8b8c 24b0 | 0000 0044 
  0x00007f26a4b25c28: 8984 2484 | 0000 0048 | 3b03 488b 

  0x00007f26a4b25c34: ;   {metadata(method data for {method} {0x00007f267c40ac40} 'getFont' '(ILjava/lang/String;ZZ)Lcom/badlogic/gdx/graphics/g2d/BitmapFont;' in 'com/watabou/utils/PlatformSupport')}
  0x00007f26a4b25c34: f348 bf48 | 452e 7d26 | 7f00 008b | 7608 41ba | 0000 0020 | 4903 f248 | 3bb7 f803 | 0000 750d 
  0x00007f26a4b25c54: 4883 8700 | 0400 0001 | e960 0000 | 0048 3bb7 | 0804 0000 | 750d 4883 | 8710 0400 | 0001 e94a 
  0x00007f26a4b25c74: 0000 0048 | 83bf f803 | 0000 0075 | 1748 89b7 | f803 0000 | 48c7 8700 | 0400 0001 | 0000 00e9 
  0x00007f26a4b25c94: 2900 0000 | 4883 bf08 | 0400 0000 | 7517 4889 | b708 0400 | 0048 c787 | 1004 0000 | 0100 0000 
  0x00007f26a4b25cb4: e908 0000 | 0048 8387 | f003 0000 | 0148 8bd0 

  0x00007f26a4b25cc4: ;   {optimized virtual_call}
  0x00007f26a4b25cc4: 488b f3e8 

  0x00007f26a4b25cc8: ; ImmutableOopMap {[144]=Oop }
                      ;*invokevirtual put {reexecute=0 rethrow=0 return_oop=0}
                      ; - com.watabou.utils.PlatformSupport::getFont@213 (line 178)
  0x00007f26a4b25cc8: c402 6007 

  0x00007f26a4b25ccc: ;   {post_call_nop}
  0x00007f26a4b25ccc: 0f1f 8400 | 4411 0009 

  0x00007f26a4b25cd4: ;   {metadata(method data for {method} {0x00007f267c40ac40} 'getFont' '(ILjava/lang/String;ZZ)Lcom/badlogic/gdx/graphics/g2d/BitmapFont;' in 'com/watabou/utils/PlatformSupport')}
  0x00007f26a4b25cd4: 48ba 4845 | 2e7d 267f | 0000 ff82 | 2004 0000 | 488b 8424 | 9000 0000 

  0x00007f26a4b25cec: ;   {oop(a 'java/lang/Class'{0x0000000086d901a0} = 'com/watabou/utils/PlatformSupport')}
  0x00007f26a4b25cec: 48be a001 | d986 0000 | 0000 8b76 | 7848 3b06 

  0x00007f26a4b25cfc: ;   {metadata(method data for {method} {0x00007f267c40ac40} 'getFont' '(ILjava/lang/String;ZZ)Lcom/badlogic/gdx/graphics/g2d/BitmapFont;' in 'com/watabou/utils/PlatformSupport')}
  0x00007f26a4b25cfc: 488b fe48 | bb48 452e | 7d26 7f00 | 008b 7f08 | 41ba 0000 | 0020 4903 | fa48 3bbb | 5004 0000 
  0x00007f26a4b25d1c: 750d 4883 | 8358 0400 | 0001 e960 | 0000 0048 | 3bbb 6004 | 0000 750d | 4883 8368 | 0400 0001 
  0x00007f26a4b25d3c: e94a 0000 | 0048 83bb | 5004 0000 | 0075 1748 | 89bb 5004 | 0000 48c7 | 8358 0400 | 0001 0000 
  0x00007f26a4b25d5c: 00e9 2900 | 0000 4883 | bb60 0400 | 0000 7517 | 4889 bb60 | 0400 0048 | c783 6804 | 0000 0100 
  0x00007f26a4b25d7c: 0000 e908 | 0000 0048 | 8383 4804 | 0000 0148 | 8bd0 0f1f | 8000 0000 | 0048 b898 | b104 6826 
  0x00007f26a4b25d9c: ;   {virtual_call}
  0x00007f26a4b25d9c: 7f00 00e8 

  0x00007f26a4b25da0: ; ImmutableOopMap {}
                      ;*invokevirtual get {reexecute=0 rethrow=0 return_oop=0}
                      ; - com.watabou.utils.PlatformSupport::getFont@234 (line 185)
  0x00007f26a4b25da0: dedd 6707 

  0x00007f26a4b25da4: ;   {post_call_nop}
  0x00007f26a4b25da4: 0f1f 8400 | 1c12 000a 

  0x00007f26a4b25dac: ;   {metadata(method data for {method} {0x00007f267c40ac40} 'getFont' '(ILjava/lang/String;ZZ)Lcom/badlogic/gdx/graphics/g2d/BitmapFont;' in 'com/watabou/utils/PlatformSupport')}
  0x00007f26a4b25dac: 4885 c048 | be48 452e | 7d26 7f00 | 0075 0c80 | 8e71 0400 | 0001 e9a7 | 0000 008b | 7808 41ba 
  0x00007f26a4b25dcc: 0000 0020 | 4903 fa48 | 3bbe 8004 | 0000 750d | 4883 8688 | 0400 0001 | e960 0000 | 0048 3bbe 
  0x00007f26a4b25dec: 9004 0000 | 750d 4883 | 8698 0400 | 0001 e94a | 0000 0048 | 83be 8004 | 0000 0075 | 1748 89be 
  0x00007f26a4b25e0c: 8004 0000 | 48c7 8688 | 0400 0001 | 0000 00e9 | 2900 0000 | 4883 be90 | 0400 0000 | 7517 4889 
  0x00007f26a4b25e2c: be90 0400 | 0048 c786 | 9804 0000 | 0100 0000 | e908 0000 | 0048 8386 | 7804 0000 

  0x00007f26a4b25e48: ;   {metadata('java/util/HashMap')}
  0x00007f26a4b25e48: 0148 bf08 | 7c1f 2000 | 0000 008b | 7008 41ba | 0000 0020 | 4903 f248 | 3b7e 400f | 85c8 0600 
  0x00007f26a4b25e68: 00e9 0000 | 0000 488b 

  0x00007f26a4b25e70: ;   {metadata(method data for {method} {0x00007f267c40ac40} 'getFont' '(ILjava/lang/String;ZZ)Lcom/badlogic/gdx/graphics/g2d/BitmapFont;' in 'com/watabou/utils/PlatformSupport')}
  0x00007f26a4b25e70: d848 ba48 | 452e 7d26 | 7f00 0048 | 8382 a804 

  0x00007f26a4b25e80: ;   {metadata(method data for {method} {0x000000002019f870} 'valueOf' '(I)Ljava/lang/Integer;' in 'java/lang/Integer')}
  0x00007f26a4b25e80: 0000 0148 | bac0 3504 | 7c26 7f00 | 008b b290 | 0000 0083 | c602 89b2 | 9000 0000 | 81e6 feff 
  0x00007f26a4b25ea0: 1f00 85f6 | 0f84 9006 | 0000 448b | 8424 8400 | 0000 4183 

  0x00007f26a4b25eb4: ;   {metadata(method data for {method} {0x000000002019f870} 'valueOf' '(I)Ljava/lang/Integer;' in 'java/lang/Integer')}
  0x00007f26a4b25eb4: f880 48ba | c035 047c | 267f 0000 | bed8 0000 | 007c 05be | e800 0000 | 488b 3c32 | 488d 7f01 
  0x00007f26a4b25ed4: 4889 3c32 | 0f8c 2c00 | 0000 4183 

  0x00007f26a4b25ee0: ;   {metadata(method data for {method} {0x000000002019f870} 'valueOf' '(I)Ljava/lang/Integer;' in 'java/lang/Integer')}
  0x00007f26a4b25ee0: f87f 48ba | c035 047c | 267f 0000 | be08 0100 | 007e 05be | f800 0000 | 488b 3c32 | 488d 7f01 
  0x00007f26a4b25f00: 4889 3c32 | 0f8e 0501 

  0x00007f26a4b25f08: ;   {metadata('java/lang/Integer')}
  0x00007f26a4b25f08: 0000 48ba | d0e5 1920 | 0000 0000 | 498b 87c8 | 0100 0048 | 8d78 1049 | 3bbf d801 | 0000 0f87 
  0x00007f26a4b25f28: 2f06 0000 | 4989 bfc8 | 0100 0048 | c700 0100 | 0000 488b | ca41 ba00 | 0000 2049 | 2bca 8948 
  0x00007f26a4b25f48: 0848 33c9 | 8948 0c48 | 33c9 488b 

  0x00007f26a4b25f54: ;   {metadata(method data for {method} {0x000000002019f870} 'valueOf' '(I)Ljava/lang/Integer;' in 'java/lang/Integer')}
  0x00007f26a4b25f54: d048 bec0 | 3504 7c26 | 7f00 0048 | 8386 1801 

  0x00007f26a4b25f64: ;   {metadata(method data for {method} {0x000000002019f088} '<init>' '(I)V' in 'java/lang/Integer')}
  0x00007f26a4b25f64: 0000 0148 | ba18 3704 | 7c26 7f00 | 008b b290 | 0000 0083 | c602 89b2 | 9000 0000 | 81e6 feff 
  0x00007f26a4b25f84: 1f00 85f6 | 0f84 da05 | 0000 488b 

  0x00007f26a4b25f90: ;   {metadata(method data for {method} {0x000000002019f088} '<init>' '(I)V' in 'java/lang/Integer')}
  0x00007f26a4b25f90: d048 be18 | 3704 7c26 | 7f00 0048 | 8386 d800 

  0x00007f26a4b25fa0: ;   {metadata(method data for {method} {0x000000002019a3f8} '<init>' '()V' in 'java/lang/Number')}
  0x00007f26a4b25fa0: 0000 0148 | ba38 3804 | 7c26 7f00 | 008b b290 | 0000 0083 | c602 89b2 | 9000 0000 | 81e6 feff 
  0x00007f26a4b25fc0: 1f00 85f6 | 0f84 bf05 | 0000 488b 

  0x00007f26a4b25fcc: ;   {metadata(method data for {method} {0x000000002019a3f8} '<init>' '()V' in 'java/lang/Number')}
  0x00007f26a4b25fcc: d048 be38 | 3804 7c26 | 7f00 0048 | 8386 d800 

  0x00007f26a4b25fdc: ;   {metadata(method data for {method} {0x000000002049ea40} '<init>' '()V' in 'java/lang/Object')}
  0x00007f26a4b25fdc: 0000 0148 | bac0 7500 | 7c26 7f00 | 008b b290 | 0000 0083 | c602 89b2 | 9000 0000 | 81e6 feff 
  0x00007f26a4b25ffc: 1f00 85f6 | 0f84 a405 | 0000 4489 | 400c e91d | 0000 0049 | 8bd0 81c2 | 8000 0000 

  0x00007f26a4b26018: ;   {oop(a 'java/lang/Integer'[256] {0x00000000ffe033a8})}
  0x00007f26a4b26018: 48be a833 | e0ff 0000 | 0000 4863 | d28b 5496 | 1048 8bc2 

  0x00007f26a4b2602c: ; implicit exception: dispatches to 0x00007f26a4b265cb
  0x00007f26a4b2602c: 483b 0348 

  0x00007f26a4b26030: ;   {metadata(method data for {method} {0x00007f267c40ac40} 'getFont' '(ILjava/lang/String;ZZ)Lcom/badlogic/gdx/graphics/g2d/BitmapFont;' in 'com/watabou/utils/PlatformSupport')}
  0x00007f26a4b26030: 8bd3 48be | 4845 2e7d | 267f 0000 | 8b52 0841 | ba00 0000 | 2049 03d2 | 483b 96c0 | 0400 0075 
  0x00007f26a4b26050: 0d48 8386 | c804 0000 | 01e9 6000 | 0000 483b | 96d0 0400 | 0075 0d48 | 8386 d804 | 0000 01e9 
  0x00007f26a4b26070: 4a00 0000 | 4883 bec0 | 0400 0000 | 7517 4889 | 96c0 0400 | 0048 c786 | c804 0000 | 0100 0000 
  0x00007f26a4b26090: e929 0000 | 0048 83be | d004 0000 | 0075 1748 | 8996 d004 | 0000 48c7 | 86d8 0400 | 0001 0000 
  0x00007f26a4b260b0: 00e9 0800 | 0000 4883 | 86b8 0400 | 0001 488b | d048 8bf3 | 9048 b8c0 | b104 6826 

  0x00007f26a4b260cc: ;   {virtual_call}
  0x00007f26a4b260cc: 7f00 00e8 

  0x00007f26a4b260d0: ; ImmutableOopMap {}
                      ;*invokevirtual get {reexecute=0 rethrow=0 return_oop=0}
                      ; - com.watabou.utils.PlatformSupport::getFont@245 (line 185)
  0x00007f26a4b260d0: aeda 6707 

  0x00007f26a4b260d4: ;   {post_call_nop}
  0x00007f26a4b260d4: 0f1f 8400 | 4c15 000b 

  0x00007f26a4b260dc: ;   {metadata(method data for {method} {0x00007f267c40ac40} 'getFont' '(ILjava/lang/String;ZZ)Lcom/badlogic/gdx/graphics/g2d/BitmapFont;' in 'com/watabou/utils/PlatformSupport')}
  0x00007f26a4b260dc: 4885 c048 | bf48 452e | 7d26 7f00 | 0075 0c80 | 8fe1 0400 | 0001 e9a6 | 0000 008b | 5808 41ba 
  0x00007f26a4b260fc: 0000 0020 | 4903 da48 | 3b9f f004 | 0000 750d | 4883 87f8 | 0400 0001 | e960 0000 | 0048 3b9f 
  0x00007f26a4b2611c: 0005 0000 | 750d 4883 | 8708 0500 | 0001 e94a | 0000 0048 | 83bf f004 | 0000 0075 | 1748 899f 
  0x00007f26a4b2613c: f004 0000 | 48c7 87f8 | 0400 0001 | 0000 00e9 | 2900 0000 | 4883 bf00 | 0500 0000 | 7517 4889 
  0x00007f26a4b2615c: 9f00 0500 | 0048 c787 | 0805 0000 | 0100 0000 | e908 0000 | 0048 8387 | e804 0000 

  0x00007f26a4b26178: ;   {metadata('com/badlogic/gdx/graphics/g2d/BitmapFont')}
  0x00007f26a4b26178: 0148 bb00 | a50b 2100 | 0000 008b | 7008 41ba | 0000 0020 | 4903 f248 | 3bde 0f85 | 3804 0000 
  0x00007f26a4b26198: e900 0000 | 0048 81c4 | c000 0000 

  0x00007f26a4b261a4: ;   {poll_return}
  0x00007f26a4b261a4: 5d49 3b67 | 280f 872a | 0400 00c3 

  0x00007f26a4b261b0: ;   {oop(nullptr)}
  0x00007f26a4b261b0: 48b8 0000 | 0000 0000 | 0000 4881 | c4c0 0000 

  0x00007f26a4b261c0: ;   {poll_return}
  0x00007f26a4b261c0: 005d 493b | 6728 0f87 | 2304 0000 | c349 8b87 | e005 0000 | 4d33 d24d | 8997 e005 | 0000 4d33 
  0x00007f26a4b261e0: d24d 8997 | e805 0000 

  0x00007f26a4b261e8: ;   {metadata(method data for {method} {0x00007f267c40ac40} 'getFont' '(ILjava/lang/String;ZZ)Lcom/badlogic/gdx/graphics/g2d/BitmapFont;' in 'com/watabou/utils/PlatformSupport')}
  0x00007f26a4b261e8: 48be 4845 | 2e7d 267f | 0000 4883 | 8638 0400 | 0001 488b 

  0x00007f26a4b261fc: ;   {static_call}
  0x00007f26a4b261fc: f066 90e8 

  0x00007f26a4b26200: ; ImmutableOopMap {}
                      ;*invokestatic reportException {reexecute=0 rethrow=0 return_oop=0}
                      ; - com.watabou.utils.PlatformSupport::getFont@224 (line 180)
  0x00007f26a4b26200: dcfa 0507 

  0x00007f26a4b26204: ;   {post_call_nop}
  0x00007f26a4b26204: 0f1f 8400 | 7c16 000c 

  0x00007f26a4b2620c: ;   {oop(nullptr)}
  0x00007f26a4b2620c: 48b8 0000 | 0000 0000 | 0000 4881 | c4c0 0000 

  0x00007f26a4b2621c: ;   {poll_return}
  0x00007f26a4b2621c: 005d 493b | 6728 0f87 | dd03 0000 

  0x00007f26a4b26228: ;   {metadata({method} {0x00007f267c40ac40} 'getFont' '(ILjava/lang/String;ZZ)Lcom/badlogic/gdx/graphics/g2d/BitmapFont;' in 'com/watabou/utils/PlatformSupport')}
  0x00007f26a4b26228: c349 ba40 | ac40 7c26 | 7f00 004c | 8954 2408 | 48c7 0424 | ffff ffff 

  0x00007f26a4b26240: ;   {runtime_call C1 Runtime counter_overflow_blob}
  0x00007f26a4b26240: e81b 0a13 

  0x00007f26a4b26244: ; ImmutableOopMap {rsi=Oop rcx=Oop }
                      ;*synchronization entry
                      ; - com.watabou.utils.PlatformSupport::getFont@-1 (line 147)
  0x00007f26a4b26244: 07e9 cdea 

  0x00007f26a4b26248: ;   {runtime_call C1 Runtime throw_null_pointer_exception_blob}
  0x00007f26a4b26248: ffff e891 

  0x00007f26a4b2624c: ; ImmutableOopMap {rax=Oop rsi=Oop [136]=Oop [144]=Oop }
                      ;*invokevirtual get {reexecute=0 rethrow=0 return_oop=0}
                      ; - com.watabou.utils.PlatformSupport::getFont@42 (line 156)
  0x00007f26a4b2624c: a112 0748 

  0x00007f26a4b26250: ;   {runtime_call C1 Runtime throw_class_cast_exception_blob}
  0x00007f26a4b26250: 8904 24e8 

  0x00007f26a4b26254: ; ImmutableOopMap {[136]=Oop [144]=Oop }
                      ;*checkcast {reexecute=0 rethrow=0 return_oop=0}
                      ; - com.watabou.utils.PlatformSupport::getFont@45 (line 156)
  0x00007f26a4b26254: 88ce 1207 

  0x00007f26a4b26258: ;   {metadata({method} {0x000000002019f870} 'valueOf' '(I)Ljava/lang/Integer;' in 'java/lang/Integer')}
  0x00007f26a4b26258: 49ba 70f8 | 1920 0000 | 0000 4c89 | 5424 0848 | c704 24ff 

  0x00007f26a4b2626c: ;   {runtime_call C1 Runtime counter_overflow_blob}
  0x00007f26a4b2626c: ffff ffe8 

  0x00007f26a4b26270: ; ImmutableOopMap {rbx=Oop [136]=Oop [144]=Oop }
                      ;*synchronization entry
                      ; - java.lang.Integer::valueOf@-1 (line 1004)
                      ; - com.watabou.utils.PlatformSupport::getFont@50 (line 156)
  0x00007f26a4b26270: ec09 1307 | e939 edff | ff48 8bd2 

  0x00007f26a4b2627c: ;   {runtime_call C1 Runtime fast_new_instance_blob}
  0x00007f26a4b2627c: e85f b312 

  0x00007f26a4b26280: ; ImmutableOopMap {rbx=Oop [136]=Oop [144]=Oop }
                      ;*new {reexecute=0 rethrow=0 return_oop=0}
                      ; - java.lang.Integer::valueOf@23 (line 1006)
                      ; - com.watabou.utils.PlatformSupport::getFont@50 (line 156)
  0x00007f26a4b26280: 07e9 d4ed 

  0x00007f26a4b26284: ;   {metadata({method} {0x000000002019f088} '<init>' '(I)V' in 'java/lang/Integer')}
  0x00007f26a4b26284: ffff 49ba | 88f0 1920 | 0000 0000 | 4c89 5424 | 0848 c704 | 24ff ffff 

  0x00007f26a4b2629c: ;   {runtime_call C1 Runtime counter_overflow_blob}
  0x00007f26a4b2629c: ffe8 be09 

  0x00007f26a4b262a0: ; ImmutableOopMap {rbx=Oop rax=Oop [136]=Oop [144]=Oop }
                      ;*synchronization entry
                      ; - java.lang.Integer::<init>@-1 (line 1029)
                      ; - java.lang.Integer::valueOf@28 (line 1006)
                      ; - com.watabou.utils.PlatformSupport::getFont@50 (line 156)
  0x00007f26a4b262a0: 1307 e9ef 

  0x00007f26a4b262a4: ;   {metadata({method} {0x000000002019a3f8} '<init>' '()V' in 'java/lang/Number')}
  0x00007f26a4b262a4: edff ff49 | baf8 a319 | 2000 0000 | 004c 8954 | 2408 48c7 | 0424 ffff 

  0x00007f26a4b262bc: ;   {runtime_call C1 Runtime counter_overflow_blob}
  0x00007f26a4b262bc: ffff e89d 

  0x00007f26a4b262c0: ; ImmutableOopMap {rbx=Oop rax=Oop [136]=Oop [144]=Oop }
                      ;*synchronization entry
                      ; - java.lang.Number::<init>@-1 (line 59)
                      ; - java.lang.Integer::<init>@1 (line 1029)
                      ; - java.lang.Integer::valueOf@28 (line 1006)
                      ; - com.watabou.utils.PlatformSupport::getFont@50 (line 156)
  0x00007f26a4b262c0: 0913 07e9 | 0aee ffff 

  0x00007f26a4b262c8: ;   {metadata({method} {0x000000002049ea40} '<init>' '()V' in 'java/lang/Object')}
  0x00007f26a4b262c8: 49ba 40ea | 4920 0000 | 0000 4c89 | 5424 0848 | c704 24ff 

  0x00007f26a4b262dc: ;   {runtime_call C1 Runtime counter_overflow_blob}
  0x00007f26a4b262dc: ffff ffe8 

  0x00007f26a4b262e0: ; ImmutableOopMap {rbx=Oop rax=Oop [136]=Oop [144]=Oop }
                      ;*synchronization entry
                      ; - java.lang.Object::<init>@-1 (line 44)
                      ; - java.lang.Number::<init>@1 (line 59)
                      ; - java.lang.Integer::<init>@1 (line 1029)
                      ; - java.lang.Integer::valueOf@28 (line 1006)
                      ; - com.watabou.utils.PlatformSupport::getFont@50 (line 156)
  0x00007f26a4b262e0: 7c09 1307 | e925 eeff 

  0x00007f26a4b262e8: ;   {runtime_call C1 Runtime throw_null_pointer_exception_blob}
  0x00007f26a4b262e8: ffe8 f2a0 

  0x00007f26a4b262ec: ; ImmutableOopMap {rbx=Oop rax=Oop [136]=Oop [144]=Oop }
                      ;*invokevirtual containsKey {reexecute=0 rethrow=0 return_oop=0}
                      ; - com.watabou.utils.PlatformSupport::getFont@53 (line 156)
                      ;   {metadata({method} {0x00000000201f8530} 'containsKey' '(Ljava/lang/Object;)Z' in 'java/util/HashMap')}
  0x00007f26a4b262ec: 1207 49ba | 3085 1f20 | 0000 0000 | 4c89 5424 | 0848 c704 | 24ff ffff 

  0x00007f26a4b26304: ;   {runtime_call C1 Runtime counter_overflow_blob}
  0x00007f26a4b26304: ffe8 5609 

  0x00007f26a4b26308: ; ImmutableOopMap {rbx=Oop rax=Oop [136]=Oop [144]=Oop }
                      ;*synchronization entry
                      ; - java.util.HashMap::containsKey@-1 (line 603)
                      ; - com.watabou.utils.PlatformSupport::getFont@53 (line 156)
  0x00007f26a4b26308: 1307 e9e9 | eeff ff48 

  0x00007f26a4b26310: ;   {runtime_call C1 Runtime fast_new_instance_blob}
  0x00007f26a4b26310: 8bd2 e8c9 

  0x00007f26a4b26314: ; ImmutableOopMap {[136]=Oop [144]=Oop }
                      ;*new {reexecute=0 rethrow=0 return_oop=0}
                      ; - com.watabou.utils.PlatformSupport::getFont@59 (line 157)
  0x00007f26a4b26314: b212 07e9 | 4ef0 ffff 

  0x00007f26a4b2631c: ;   {metadata({method} {0x00007f267c40bef8} 'adjustFontSize' '(ILcom/badlogic/gdx/graphics/g2d/freetype/FreeTypeFontGenerator;)I' in 'com/shatteredpixel/shatteredpixeldungeon/desktop/DesktopPlatformSupport')}
  0x00007f26a4b2631c: 49ba f8be | 407c 267f | 0000 4c89 | 5424 0848 | c704 24ff 

  0x00007f26a4b26330: ;   {runtime_call C1 Runtime counter_overflow_blob}
  0x00007f26a4b26330: ffff ffe8 

  0x00007f26a4b26334: ; ImmutableOopMap {[136]=Oop [144]=Oop [152]=Oop }
                      ;*synchronization entry
                      ; - com.shatteredpixel.shatteredpixeldungeon.desktop.DesktopPlatformSupport::adjustFontSize@-1 (line 189)
                      ; - com.watabou.utils.PlatformSupport::getFont@74 (line 158)
  0x00007f26a4b26334: 2809 1307 | e9a0 f0ff 

  0x00007f26a4b2633c: ;   {metadata({method} {0x0000000020488bd0} 'max' '(II)I' in 'java/lang/Math')}
  0x00007f26a4b2633c: ff49 bad0 | 8b48 2000 | 0000 004c | 8954 2408 | 48c7 0424 | ffff ffff 

  0x00007f26a4b26354: ;   {runtime_call C1 Runtime counter_overflow_blob}
  0x00007f26a4b26354: e807 0913 

  0x00007f26a4b26358: ; ImmutableOopMap {[136]=Oop [144]=Oop [152]=Oop }
                      ;*synchronization entry
                      ; - java.lang.Math::max@-1 (line 2024)
                      ; - com.shatteredpixel.shatteredpixeldungeon.desktop.DesktopPlatformSupport::adjustFontSize@17 (line 190)
                      ; - com.watabou.utils.PlatformSupport::getFont@74 (line 158)
  0x00007f26a4b26358: 07e9 2ff1 | ffff 8b53 | 4848 83fa | 000f 8431 | f2ff ff48 

  0x00007f26a4b2636c: ;   {runtime_call g1_pre_barrier_slow}
  0x00007f26a4b2636c: 8914 24e8 | ec0e 1307 | e923 f2ff | ff48 83fa | 000f 8445 | f2ff ff48 

  0x00007f26a4b26384: ;   {runtime_call g1_post_barrier_slow}
  0x00007f26a4b26384: 891c 24e8 | d411 1307 | e937 f2ff | ff8b 5358 | 4883 fa00 | 0f84 60f2 | ffff 4889 

  0x00007f26a4b263a0: ;   {runtime_call g1_pre_barrier_slow}
  0x00007f26a4b263a0: 1424 e8b9 | 0e13 07e9 | 52f2 ffff | 4883 fa00 | 0f84 74f2 | ffff 4889 

  0x00007f26a4b263b8: ;   {runtime_call g1_post_barrier_slow}
  0x00007f26a4b263b8: 1c24 e8a1 | 1113 07e9 | 66f2 ffff | 8b73 5c48 | 83fe 000f | 8469 f2ff | ff48 8934 

  0x00007f26a4b263d4: ;   {runtime_call g1_pre_barrier_slow}
  0x00007f26a4b263d4: 24e8 860e | 1307 e95b | f2ff ff48 | 83fa 000f | 846c f2ff | ff48 891c 

  0x00007f26a4b263ec: ;   {runtime_call g1_post_barrier_slow}
  0x00007f26a4b263ec: 24e8 6e11 | 1307 e95e 

  0x00007f26a4b263f4: ;   {runtime_call C1 Runtime throw_null_pointer_exception_blob}
  0x00007f26a4b263f4: f2ff ffe8 

  0x00007f26a4b263f8: ; ImmutableOopMap {rax=Oop [144]=Oop [152]=Oop }
                      ;*invokevirtual generateFont {reexecute=0 rethrow=0 return_oop=0}
                      ; - com.watabou.utils.PlatformSupport::getFont@172 (line 176)
  0x00007f26a4b263f8: e49f 1207 

  0x00007f26a4b263fc: ;   {metadata({method} {0x00007f267c81ca98} 'generateFont' '(Lcom/badlogic/gdx/graphics/g2d/freetype/FreeTypeFontGenerator$FreeTypeFontParameter;)Lcom/badlogic/gdx/graphics/g2d/BitmapFont;' in 'com/badlogic/gdx/graphics/g2d/freetype/FreeTypeFontGenerator')}
  0x00007f26a4b263fc: 49ba 98ca | 817c 267f | 0000 4c89 | 5424 0848 | c704 24ff 

  0x00007f26a4b26410: ;   {runtime_call C1 Runtime counter_overflow_blob}
  0x00007f26a4b26410: ffff ffe8 

  0x00007f26a4b26414: ; ImmutableOopMap {rax=Oop [144]=Oop [152]=Oop }
                      ;*synchronization entry
                      ; - com.badlogic.gdx.graphics.g2d.freetype.FreeTypeFontGenerator::generateFont@-1 (line 153)
                      ; - com.watabou.utils.PlatformSupport::getFont@172 (line 176)
  0x00007f26a4b26414: 4808 1307 | e97f f2ff | ff48 8bd2 

  0x00007f26a4b26420: ;   {runtime_call C1 Runtime fast_new_instance_blob}
  0x00007f26a4b26420: e8bb b112 

  0x00007f26a4b26424: ; ImmutableOopMap {[144]=Oop [152]=Oop }
                      ;*new {reexecute=0 rethrow=0 return_oop=0}
                      ; - com.badlogic.gdx.graphics.g2d.freetype.FreeTypeFontGenerator::generateFont@2 (line 153)
                      ; - com.watabou.utils.PlatformSupport::getFont@172 (line 176)
  0x00007f26a4b26424: 07e9 ccf2 

  0x00007f26a4b26428: ;   {metadata({method} {0x00007f267c823668} '<init>' '()V' in 'com/badlogic/gdx/graphics/g2d/freetype/FreeTypeFontGenerator$FreeTypeBitmapFontData')}
  0x00007f26a4b26428: ffff 49ba | 6836 827c | 267f 0000 | 4c89 5424 | 0848 c704 | 24ff ffff 

  0x00007f26a4b26440: ;   {runtime_call C1 Runtime counter_overflow_blob}
  0x00007f26a4b26440: ffe8 1a08 

  0x00007f26a4b26444: ; ImmutableOopMap {rax=Oop [144]=Oop [152]=Oop }
                      ;*synchronization entry
                      ; - com.badlogic.gdx.graphics.g2d.freetype.FreeTypeFontGenerator$FreeTypeBitmapFontData::<init>@-1 (line 664)
                      ; - com.badlogic.gdx.graphics.g2d.freetype.FreeTypeFontGenerator::generateFont@6 (line 153)
                      ; - com.watabou.utils.PlatformSupport::getFont@172 (line 176)
  0x00007f26a4b26444: 1307 e9e7 

  0x00007f26a4b26448: ;   {runtime_call C1 Runtime throw_null_pointer_exception_blob}
  0x00007f26a4b26448: f2ff ffe8 

  0x00007f26a4b2644c: ; ImmutableOopMap {rax=Oop [144]=Oop }
                      ;*invokevirtual getData {reexecute=0 rethrow=0 return_oop=0}
                      ; - com.watabou.utils.PlatformSupport::getFont@179 (line 177)
  0x00007f26a4b2644c: 909f 1207 

  0x00007f26a4b26450: ;   {runtime_call C1 Runtime throw_null_pointer_exception_blob}
  0x00007f26a4b26450: e88b 9f12 

  0x00007f26a4b26454: ; ImmutableOopMap {rax=Oop rdi=Oop [144]=Oop }
                      ;*invokevirtual getGlyph {reexecute=0 rethrow=0 return_oop=0}
                      ; - com.watabou.utils.PlatformSupport::getFont@189 (line 177)
  0x00007f26a4b26454: 078b 575c | 4883 fa00 | 0f84 5ff4 | ffff 4889 

  0x00007f26a4b26464: ;   {runtime_call g1_pre_barrier_slow}
  0x00007f26a4b26464: 1424 e8f5 | 0d13 07e9 | 51f4 ffff | 4883 f800 | 0f84 62f4 | ffff 4889 

  0x00007f26a4b2647c: ;   {runtime_call g1_post_barrier_slow}
  0x00007f26a4b2647c: 3c24 e8dd | 1013 07e9 | 54f4 ffff 

  0x00007f26a4b26488: ;   {runtime_call C1 Runtime throw_null_pointer_exception_blob}
  0x00007f26a4b26488: e853 9f12 

  0x00007f26a4b2648c: ; ImmutableOopMap {rsi=Oop [144]=Oop [176]=Oop }
                      ;*invokevirtual get {reexecute=0 rethrow=0 return_oop=0}
                      ; - com.watabou.utils.PlatformSupport::getFont@200 (line 178)
  0x00007f26a4b2648c: 0748 8904 

  0x00007f26a4b26490: ;   {runtime_call C1 Runtime throw_class_cast_exception_blob}
  0x00007f26a4b26490: 24e8 4acc 

  0x00007f26a4b26494: ; ImmutableOopMap {[144]=Oop [176]=Oop }
                      ;*checkcast {reexecute=0 rethrow=0 return_oop=0}
                      ; - com.watabou.utils.PlatformSupport::getFont@203 (line 178)
                      ;   {metadata({method} {0x000000002019f870} 'valueOf' '(I)Ljava/lang/Integer;' in 'java/lang/Integer')}
  0x00007f26a4b26494: 1207 49ba | 70f8 1920 | 0000 0000 | 4c89 5424 | 0848 c704 | 24ff ffff 

  0x00007f26a4b264ac: ;   {runtime_call C1 Runtime counter_overflow_blob}
  0x00007f26a4b264ac: ffe8 ae07 

  0x00007f26a4b264b0: ; ImmutableOopMap {rbx=Oop [144]=Oop [176]=Oop }
                      ;*synchronization entry
                      ; - java.lang.Integer::valueOf@-1 (line 1004)
                      ; - com.watabou.utils.PlatformSupport::getFont@208 (line 178)
  0x00007f26a4b264b0: 1307 e9e3 | f5ff ff48 

  0x00007f26a4b264b8: ;   {runtime_call C1 Runtime fast_new_instance_blob}
  0x00007f26a4b264b8: 8bd2 e821 

  0x00007f26a4b264bc: ; ImmutableOopMap {rbx=Oop [144]=Oop [176]=Oop }
                      ;*new {reexecute=0 rethrow=0 return_oop=0}
                      ; - java.lang.Integer::valueOf@23 (line 1006)
                      ; - com.watabou.utils.PlatformSupport::getFont@208 (line 178)
  0x00007f26a4b264bc: b112 07e9 | 7ef6 ffff 

  0x00007f26a4b264c4: ;   {metadata({method} {0x000000002019f088} '<init>' '(I)V' in 'java/lang/Integer')}
  0x00007f26a4b264c4: 49ba 88f0 | 1920 0000 | 0000 4c89 | 5424 0848 | c704 24ff 

  0x00007f26a4b264d8: ;   {runtime_call C1 Runtime counter_overflow_blob}
  0x00007f26a4b264d8: ffff ffe8 

  0x00007f26a4b264dc: ; ImmutableOopMap {rbx=Oop rax=Oop [144]=Oop [176]=Oop }
                      ;*synchronization entry
                      ; - java.lang.Integer::<init>@-1 (line 1029)
                      ; - java.lang.Integer::valueOf@28 (line 1006)
                      ; - com.watabou.utils.PlatformSupport::getFont@208 (line 178)
  0x00007f26a4b264dc: 8007 1307 | e999 f6ff 

  0x00007f26a4b264e4: ;   {metadata({method} {0x000000002019a3f8} '<init>' '()V' in 'java/lang/Number')}
  0x00007f26a4b264e4: ff49 baf8 | a319 2000 | 0000 004c | 8954 2408 | 48c7 0424 | ffff ffff 

  0x00007f26a4b264fc: ;   {runtime_call C1 Runtime counter_overflow_blob}
  0x00007f26a4b264fc: e85f 0713 

  0x00007f26a4b26500: ; ImmutableOopMap {rbx=Oop rax=Oop [144]=Oop [176]=Oop }
                      ;*synchronization entry
                      ; - java.lang.Number::<init>@-1 (line 59)
                      ; - java.lang.Integer::<init>@1 (line 1029)
                      ; - java.lang.Integer::valueOf@28 (line 1006)
                      ; - com.watabou.utils.PlatformSupport::getFont@208 (line 178)
  0x00007f26a4b26500: 07e9 b4f6 

  0x00007f26a4b26504: ;   {metadata({method} {0x000000002049ea40} '<init>' '()V' in 'java/lang/Object')}
  0x00007f26a4b26504: ffff 49ba | 40ea 4920 | 0000 0000 | 4c89 5424 | 0848 c704 | 24ff ffff 

  0x00007f26a4b2651c: ;   {runtime_call C1 Runtime counter_overflow_blob}
  0x00007f26a4b2651c: ffe8 3e07 

  0x00007f26a4b26520: ; ImmutableOopMap {rbx=Oop rax=Oop [144]=Oop [176]=Oop }
                      ;*synchronization entry
                      ; - java.lang.Object::<init>@-1 (line 44)
                      ; - java.lang.Number::<init>@1 (line 59)
                      ; - java.lang.Integer::<init>@1 (line 1029)
                      ; - java.lang.Integer::valueOf@28 (line 1006)
                      ; - com.watabou.utils.PlatformSupport::getFont@208 (line 178)
  0x00007f26a4b26520: 1307 e9cf 

  0x00007f26a4b26524: ;   {runtime_call C1 Runtime throw_null_pointer_exception_blob}
  0x00007f26a4b26524: f6ff ffe8 

  0x00007f26a4b26528: ; ImmutableOopMap {rbx=Oop rax=Oop rcx=Oop [144]=Oop }
                      ;*invokevirtual put {reexecute=0 rethrow=0 return_oop=0}
                      ; - com.watabou.utils.PlatformSupport::getFont@213 (line 178)
  0x00007f26a4b26528: b49e 1207 

  0x00007f26a4b2652c: ;   {runtime_call C1 Runtime throw_null_pointer_exception_blob}
  0x00007f26a4b2652c: e8af 9e12 

  0x00007f26a4b26530: ; ImmutableOopMap {rax=Oop rsi=Oop [144]=Oop }
                      ;*invokevirtual get {reexecute=0 rethrow=0 return_oop=0}
                      ; - com.watabou.utils.PlatformSupport::getFont@234 (line 185)
  0x00007f26a4b26530: 0748 8904 

  0x00007f26a4b26534: ;   {runtime_call C1 Runtime throw_class_cast_exception_blob}
  0x00007f26a4b26534: 24e8 a6cb 

  0x00007f26a4b26538: ; ImmutableOopMap {}
                      ;*checkcast {reexecute=0 rethrow=0 return_oop=0}
                      ; - com.watabou.utils.PlatformSupport::getFont@237 (line 185)
                      ;   {metadata({method} {0x000000002019f870} 'valueOf' '(I)Ljava/lang/Integer;' in 'java/lang/Integer')}
  0x00007f26a4b26538: 1207 49ba | 70f8 1920 | 0000 0000 | 4c89 5424 | 0848 c704 | 24ff ffff 

  0x00007f26a4b26550: ;   {runtime_call C1 Runtime counter_overflow_blob}
  0x00007f26a4b26550: ffe8 0a07 

  0x00007f26a4b26554: ; ImmutableOopMap {rbx=Oop }
                      ;*synchronization entry
                      ; - java.lang.Integer::valueOf@-1 (line 1004)
                      ; - com.watabou.utils.PlatformSupport::getFont@242 (line 185)
  0x00007f26a4b26554: 1307 e94f | f9ff ff48 

  0x00007f26a4b2655c: ;   {runtime_call C1 Runtime fast_new_instance_blob}
  0x00007f26a4b2655c: 8bd2 e87d 

  0x00007f26a4b26560: ; ImmutableOopMap {rbx=Oop }
                      ;*new {reexecute=0 rethrow=0 return_oop=0}
                      ; - java.lang.Integer::valueOf@23 (line 1006)
                      ; - com.watabou.utils.PlatformSupport::getFont@242 (line 185)
  0x00007f26a4b26560: b012 07e9 | eaf9 ffff 

  0x00007f26a4b26568: ;   {metadata({method} {0x000000002019f088} '<init>' '(I)V' in 'java/lang/Integer')}
  0x00007f26a4b26568: 49ba 88f0 | 1920 0000 | 0000 4c89 | 5424 0848 | c704 24ff 

  0x00007f26a4b2657c: ;   {runtime_call C1 Runtime counter_overflow_blob}
  0x00007f26a4b2657c: ffff ffe8 

  0x00007f26a4b26580: ; ImmutableOopMap {rbx=Oop rax=Oop }
                      ;*synchronization entry
                      ; - java.lang.Integer::<init>@-1 (line 1029)
                      ; - java.lang.Integer::valueOf@28 (line 1006)
                      ; - com.watabou.utils.PlatformSupport::getFont@242 (line 185)
  0x00007f26a4b26580: dc06 1307 | e905 faff 

  0x00007f26a4b26588: ;   {metadata({method} {0x000000002019a3f8} '<init>' '()V' in 'java/lang/Number')}
  0x00007f26a4b26588: ff49 baf8 | a319 2000 | 0000 004c | 8954 2408 | 48c7 0424 | ffff ffff 

  0x00007f26a4b265a0: ;   {runtime_call C1 Runtime counter_overflow_blob}
  0x00007f26a4b265a0: e8bb 0613 

  0x00007f26a4b265a4: ; ImmutableOopMap {rbx=Oop rax=Oop }
                      ;*synchronization entry
                      ; - java.lang.Number::<init>@-1 (line 59)
                      ; - java.lang.Integer::<init>@1 (line 1029)
                      ; - java.lang.Integer::valueOf@28 (line 1006)
                      ; - com.watabou.utils.PlatformSupport::getFont@242 (line 185)
  0x00007f26a4b265a4: 07e9 20fa 

  0x00007f26a4b265a8: ;   {metadata({method} {0x000000002049ea40} '<init>' '()V' in 'java/lang/Object')}
  0x00007f26a4b265a8: ffff 49ba | 40ea 4920 | 0000 0000 | 4c89 5424 | 0848 c704 | 24ff ffff 

  0x00007f26a4b265c0: ;   {runtime_call C1 Runtime counter_overflow_blob}
  0x00007f26a4b265c0: ffe8 9a06 

  0x00007f26a4b265c4: ; ImmutableOopMap {rbx=Oop rax=Oop }
                      ;*synchronization entry
                      ; - java.lang.Object::<init>@-1 (line 44)
                      ; - java.lang.Number::<init>@1 (line 59)
                      ; - java.lang.Integer::<init>@1 (line 1029)
                      ; - java.lang.Integer::valueOf@28 (line 1006)
                      ; - com.watabou.utils.PlatformSupport::getFont@242 (line 185)
  0x00007f26a4b265c4: 1307 e93b 

  0x00007f26a4b265c8: ;   {runtime_call C1 Runtime throw_null_pointer_exception_blob}
  0x00007f26a4b265c8: faff ffe8 

  0x00007f26a4b265cc: ; ImmutableOopMap {rbx=Oop rax=Oop }
                      ;*invokevirtual get {reexecute=0 rethrow=0 return_oop=0}
                      ; - com.watabou.utils.PlatformSupport::getFont@245 (line 185)
  0x00007f26a4b265cc: 109e 1207 | 4889 0424 

  0x00007f26a4b265d4: ;   {runtime_call C1 Runtime throw_class_cast_exception_blob}
  0x00007f26a4b265d4: e807 cb12 

  0x00007f26a4b265d8: ; ImmutableOopMap {}
                      ;*checkcast {reexecute=0 rethrow=0 return_oop=0}
                      ; - com.watabou.utils.PlatformSupport::getFont@248 (line 185)
                      ;   {internal_word}
  0x00007f26a4b265d8: 0749 baa5 | 61b2 a426 | 7f00 004d | 8997 3805 

  0x00007f26a4b265e8: ;   {runtime_call SafepointBlob}
  0x00007f26a4b265e8: 0000 e971 

  0x00007f26a4b265ec: ;   {internal_word}
  0x00007f26a4b265ec: 1206 0749 | bac2 61b2 | a426 7f00 | 004d 8997 | 3805 0000 

  0x00007f26a4b26600: ;   {runtime_call SafepointBlob}
  0x00007f26a4b26600: e95b 1206 

  0x00007f26a4b26604: ;   {internal_word}
  0x00007f26a4b26604: 0749 ba1e | 62b2 a426 | 7f00 004d | 8997 3805 

  0x00007f26a4b26614: ;   {runtime_call SafepointBlob}
  0x00007f26a4b26614: 0000 e945 | 1206 0749 | 8b87 e005 | 0000 49c7 | 87e0 0500 | 0000 0000 | 0049 c787 | e805 0000 
  0x00007f26a4b26634: 0000 0000 | 4881 c4c0 | 0000 005d 

  0x00007f26a4b26640: ;   {runtime_call C1 Runtime unwind_exception_blob}
  0x00007f26a4b26640: e99b 8e12 | 07f4 f4f4 
[Stub Code]
  0x00007f26a4b26648: ;   {other}
  0x00007f26a4b26648: 0f1f 4400 

  0x00007f26a4b2664c: ;   {static_stub}
  0x00007f26a4b2664c: 0048 bb28 | bd40 7c26 

  0x00007f26a4b26654: ;   {runtime_call I2C/C2I adapters}
  0x00007f26a4b26654: 7f00 00e9 | da63 0607 

  0x00007f26a4b2665c: ;   {static_stub}
  0x00007f26a4b2665c: 9048 bb00 | 0000 0000 

  0x00007f26a4b26664: ;   {runtime_call nmethod}
  0x00007f26a4b26664: 0000 00e9 | fbff ffff 

  0x00007f26a4b2666c: ;   {static_stub}
  0x00007f26a4b2666c: 9048 bbf0 | cb81 7c26 

  0x00007f26a4b26674: ;   {runtime_call I2C/C2I adapters}
  0x00007f26a4b26674: 7f00 00e9 | bed1 0507 

  0x00007f26a4b2667c: ;   {static_stub}
  0x00007f26a4b2667c: 9048 bb00 | 0000 0000 

  0x00007f26a4b26684: ;   {runtime_call nmethod}
  0x00007f26a4b26684: 0000 00e9 | fbff ffff 

  0x00007f26a4b2668c: ;   {static_stub}
  0x00007f26a4b2668c: 9048 bb00 | 0000 0000 

  0x00007f26a4b26694: ;   {runtime_call nmethod}
  0x00007f26a4b26694: 0000 00e9 | fbff ffff 

  0x00007f26a4b2669c: ;   {static_stub}
  0x00007f26a4b2669c: 9048 bb00 | 0000 0000 

  0x00007f26a4b266a4: ;   {runtime_call nmethod}
  0x00007f26a4b266a4: 0000 00e9 | fbff ffff 

  0x00007f26a4b266ac: ;   {static_stub}
  0x00007f26a4b266ac: 9048 bb00 | 0000 0000 

  0x00007f26a4b266b4: ;   {runtime_call nmethod}
  0x00007f26a4b266b4: 0000 00e9 | fbff ffff 

  0x00007f26a4b266bc: ;   {static_stub}
  0x00007f26a4b266bc: 9048 bb00 | 0000 0000 

  0x00007f26a4b266c4: ;   {runtime_call nmethod}
  0x00007f26a4b266c4: 0000 00e9 | fbff ffff 

  0x00007f26a4b266cc: ;   {static_stub}
  0x00007f26a4b266cc: 48bb 0000 | 0000 0000 

  0x00007f26a4b266d4: ;   {runtime_call nmethod}
  0x00007f26a4b266d4: 0000 e9fb 

  0x00007f26a4b266d8: ;   {static_stub}
  0x00007f26a4b266d8: ffff ff48 | bb00 0000 | 0000 0000 

  0x00007f26a4b266e4: ;   {runtime_call nmethod}
  0x00007f26a4b266e4: 00e9 fbff 

  0x00007f26a4b266e8: ;   {static_stub}
  0x00007f26a4b266e8: ffff 48bb | 00d8 887c | 267f 0000 

  0x00007f26a4b266f4: ;   {runtime_call I2C/C2I adapters}
  0x00007f26a4b266f4: e939 0506 

  0x00007f26a4b266f8: ;   {static_stub}
  0x00007f26a4b266f8: 0748 bb00 | 0000 0000 

  0x00007f26a4b26700: ;   {runtime_call nmethod}
  0x00007f26a4b26700: 0000 00e9 | fbff ffff 

  0x00007f26a4b26708: ;   {static_stub}
  0x00007f26a4b26708: 48bb c812 | 827c 267f 

  0x00007f26a4b26710: ;   {runtime_call I2C/C2I adapters}
  0x00007f26a4b26710: 0000 e91b 

  0x00007f26a4b26714: ;   {runtime_call C1 Runtime handle_exception_from_callee_blob}
  0x00007f26a4b26714: 0506 07e8 | c4c3 1207 

  0x00007f26a4b2671c: ;   {external_word}
  0x00007f26a4b2671c: 48bf da17 | b9c4 267f | 0000 4883 

  0x00007f26a4b26728: ;   {runtime_call MacroAssembler::debug64(char*, long, long*)}
  0x00007f26a4b26728: e4f0 e811 | 5da4 1ff4 
[Deopt Handler Code]
  0x00007f26a4b26730: ;   {section_word}
  0x00007f26a4b26730: 49ba 3067 | b2a4 267f | 0000 4152 

  0x00007f26a4b2673c: ;   {runtime_call DeoptimizationBlob}
  0x00007f26a4b2673c: e91f 1406 | 07f4 f4f4 | f4f4 f4f4 
[/MachCode]


Compiled method (c1) 37898 3664  s    3       com.watabou.noosa.RenderedText::measure (378 bytes)
 total in heap  [0x00007f26a4af7188,0x00007f26a4afa248] = 12480
 constants      [0x00007f26a4af7280,0x00007f26a4af72a0] = 32
 main code      [0x00007f26a4af72a0,0x00007f26a4afa0e0] = 11840
 stub code      [0x00007f26a4afa0e0,0x00007f26a4afa228] = 328
 oops           [0x00007f26a4afa228,0x00007f26a4afa248] = 32
 mutable data [0x00007f266805ea10,0x00007f266805ef18] = 1288
 relocation     [0x00007f266805ea10,0x00007f266805ede0] = 976
 metadata       [0x00007f266805ede0,0x00007f266805ef18] = 312
 immutable data [0x00007f266805dba0,0x00007f266805ea08] = 3688
 dependencies   [0x00007f266805dba0,0x00007f266805dbf0] = 80
 nul chk table  [0x00007f266805dbf0,0x00007f266805dca8] = 184
 scopes pcs     [0x00007f266805dca8,0x00007f266805e358] = 1712
 scopes data    [0x00007f266805e358,0x00007f266805ea08] = 1712


[Constant Pool]
             Address          hex4                    hex8      
  0x00007f26a4af7280:   0x3fc00000      0x3f4000003fc00000      
  0x00007f26a4af7284:   0x3f400000                              
  0x00007f26a4af7288:   0xf4f4f4f4      0xf4f4f4f4f4f4f4f4      
  0x00007f26a4af728c:   0xf4f4f4f4                              
  0x00007f26a4af7290:   0xf4f4f4f4      0xf4f4f4f4f4f4f4f4      
  0x00007f26a4af7294:   0xf4f4f4f4                              
  0x00007f26a4af7298:   0xf4f4f4f4      0xf4f4f4f4f4f4f4f4      
  0x00007f26a4af729c:   0xf4f4f4f4                              

[MachCode]
[Instructions begin]
  0x00007f26a4af72a0: ;   {other}
  0x00007f26a4af72a0: 6666 660f | 1f84 0000 | 0000 0066 | 6666 9066 | 6690 448b | 5608 443b 

  0x00007f26a4af72b8: ;   {runtime_call Shared Runtime ic_miss_blob}
  0x00007f26a4af72b8: 5008 0f85 | 20e1 0807 
[Verified Entry Point]
  0x00007f26a4af72c0: 8984 2400 | c0fe ff55 | 4881 ec50 | 0100 0090 | 4181 7f20 | 0300 0000 

  0x00007f26a4af72d8: ;   {runtime_call Stub::method_entry_barrier}
  0x00007f26a4af72d8: 7405 e881 | 5c07 0748 | 89b4 24e8 | 0000 0048 | 8d94 2430 | 0100 0048 | 8972 0848 | 8b06 418b 
  0x00007f26a4af72f8: bfd0 0700 | 0081 ff20 | 0800 000f | 8d10 2400 | 0049 3b74 | 3ff8 0f84 | 2500 0000 | a802 0f85 
  0x00007f26a4af7318: fd23 0000 | 488b f848 | 83e7 fe48 | 83c8 01f0 | 480f b13e | 0f85 e723 | 0000 418b | bfd0 0700 
  0x00007f26a4af7338: 0049 8934 | 3f83 c708 | 4189 bfd0 

  0x00007f26a4af7344: ;   {metadata(method data for {method} {0x00007f267c882da8} 'measure' '()V' in 'com/watabou/noosa/RenderedText')}
  0x00007f26a4af7344: 0700 0048 | ba10 3b2e | 7d26 7f00 | 008b ba90 | 0000 0083 | c702 89ba | 9000 0000 | 81e7 fe07 
  0x00007f26a4af7364: 0000 85ff | 0f84 be23 

  0x00007f26a4af736c: ;   {metadata(method data for {method} {0x00007f267c882da8} 'measure' '()V' in 'com/watabou/noosa/RenderedText')}
  0x00007f26a4af736c: 0000 48ba | 103b 2e7d | 267f 0000 | 4883 82d8 | 0000 0001 | 498b 9768 | 0400 0048 | 8b12 483b 
  0x00007f26a4af738c: 0248 8bfa 

  0x00007f26a4af7390: ;   {metadata(method data for {method} {0x00007f267c882da8} 'measure' '()V' in 'com/watabou/noosa/RenderedText')}
  0x00007f26a4af7390: 48bb 103b | 2e7d 267f | 0000 8b7f | 0841 ba00 | 0000 2049 | 03fa 483b | bbf0 0000 | 0075 0d48 
  0x00007f26a4af73b0: 8383 f800 | 0000 01e9 | 6000 0000 | 483b bb00 | 0100 0075 | 0d48 8383 | 0801 0000 | 01e9 4a00 
  0x00007f26a4af73d0: 0000 4883 | bbf0 0000 | 0000 7517 | 4889 bbf0 | 0000 0048 | c783 f800 | 0000 0100 | 0000 e929 
  0x00007f26a4af73f0: 0000 0048 | 83bb 0001 | 0000 0075 | 1748 89bb | 0001 0000 | 48c7 8308 | 0100 0001 | 0000 00e9 
  0x00007f26a4af7410: 0800 0000 | 4883 83e8 | 0000 0001 | 8b7a 3c48 | 3b07 488b 

  0x00007f26a4af7424: ;   {metadata(method data for {method} {0x00007f267c882da8} 'measure' '()V' in 'com/watabou/noosa/RenderedText')}
  0x00007f26a4af7424: d748 bb10 | 3b2e 7d26 | 7f00 008b | 5208 41ba | 0000 0020 | 4903 d248 | 3b93 2001 | 0000 750d 
  0x00007f26a4af7444: 4883 8328 | 0100 0001 | e960 0000 | 0048 3b93 | 3001 0000 | 750d 4883 | 8338 0100 | 0001 e94a 
  0x00007f26a4af7464: 0000 0048 | 83bb 2001 | 0000 0075 | 1748 8993 | 2001 0000 | 48c7 8328 | 0100 0001 | 0000 00e9 
  0x00007f26a4af7484: 2900 0000 | 4883 bb30 | 0100 0000 | 7517 4889 | 9330 0100 | 0048 c783 | 3801 0000 | 0100 0000 
  0x00007f26a4af74a4: e908 0000 | 0048 8383 | 1801 0000 

  0x00007f26a4af74b0: ;   {oop("SHPD Actor Thread"{0x0000000086d79448})}
  0x00007f26a4af74b0: 0148 ba48 | 94d7 8600 | 0000 0048 

  0x00007f26a4af74bc: ;   {optimized virtual_call}
  0x00007f26a4af74bc: 8bf7 90e8 

  0x00007f26a4af74c0: ; ImmutableOopMap {[232]=Oop [312]=Oop }
                      ;*invokevirtual equals {reexecute=0 rethrow=0 return_oop=0}
                      ; - com.watabou.noosa.RenderedText::measure@8 (line 83)
  0x00007f26a4af74c0: 4cf8 6607 

  0x00007f26a4af74c4: ;   {post_call_nop}
  0x00007f26a4af74c4: 0f1f 8400 | 3c03 0000 

  0x00007f26a4af74cc: ;   {metadata(method data for {method} {0x00007f267c882da8} 'measure' '()V' in 'com/watabou/noosa/RenderedText')}
  0x00007f26a4af74cc: 85c0 48ba | 103b 2e7d | 267f 0000 | be58 0100 | 0075 05be | 4801 0000 | 488b 3c32 | 488d 7f01 
  0x00007f26a4af74ec: 4889 3c32 | 0f85 8421 | 0000 488b | b424 e800 | 0000 8bbe | 9c00 0000 

  0x00007f26a4af7504: ;   {metadata(method data for {method} {0x00007f267c882da8} 'measure' '()V' in 'com/watabou/noosa/RenderedText')}
  0x00007f26a4af7504: 4885 ff48 | ba10 3b2e | 7d26 7f00 | 00bb 7801 | 0000 7405 | bb88 0100 | 0048 8b04 | 1a48 8d40 
  0x00007f26a4af7524: 0148 8904 | 1a0f 8449 | 2000 0048 | 3b07 488b 

  0x00007f26a4af7534: ;   {metadata(method data for {method} {0x00007f267c882da8} 'measure' '()V' in 'com/watabou/noosa/RenderedText')}
  0x00007f26a4af7534: d748 bb10 | 3b2e 7d26 | 7f00 008b | 5208 41ba | 0000 0020 | 4903 d248 | 3b93 a001 | 0000 750d 
  0x00007f26a4af7554: 4883 83a8 | 0100 0001 | e960 0000 | 0048 3b93 | b001 0000 | 750d 4883 | 83b8 0100 | 0001 e94a 
  0x00007f26a4af7574: 0000 0048 | 83bb a001 | 0000 0075 | 1748 8993 | a001 0000 | 48c7 83a8 | 0100 0001 | 0000 00e9 
  0x00007f26a4af7594: 2900 0000 | 4883 bbb0 | 0100 0000 | 7517 4889 | 93b0 0100 | 0048 c783 | b801 0000 | 0100 0000 
  0x00007f26a4af75b4: e908 0000 | 0048 8383 | 9801 0000 

  0x00007f26a4af75c0: ;   {oop(""{0x00000000ffe02ae8})}
  0x00007f26a4af75c0: 0148 bae8 | 2ae0 ff00 | 0000 0048 

  0x00007f26a4af75cc: ;   {optimized virtual_call}
  0x00007f26a4af75cc: 8bf7 90e8 

  0x00007f26a4af75d0: ; ImmutableOopMap {[232]=Oop [312]=Oop }
                      ;*invokevirtual equals {reexecute=0 rethrow=0 return_oop=0}
                      ; - com.watabou.noosa.RenderedText::measure@37 (line 87)
  0x00007f26a4af75d0: 3cf7 6607 

  0x00007f26a4af75d4: ;   {post_call_nop}
  0x00007f26a4af75d4: 0f1f 8400 | 4c04 0001 

  0x00007f26a4af75dc: ;   {metadata(method data for {method} {0x00007f267c882da8} 'measure' '()V' in 'com/watabou/noosa/RenderedText')}
  0x00007f26a4af75dc: 85c0 48be | 103b 2e7d | 267f 0000 | bfd8 0100 | 0075 05bf | c801 0000 | 488b 1c3e | 488d 5b01 
  0x00007f26a4af75fc: 4889 1c3e | 488b b424 | e800 0000 | 0f85 6a1f | 0000 c646 | 0f01 8bbe | 9c00 0000 

  0x00007f26a4af7618: ;   {metadata(method data for {method} {0x00007f267c882da8} 'measure' '()V' in 'com/watabou/noosa/RenderedText')}
  0x00007f26a4af7618: 48bb 103b | 2e7d 267f | 0000 4883 | 83e8 0100 | 0001 488b 

  0x00007f26a4af762c: ;   {static_call}
  0x00007f26a4af762c: f766 90e8 

  0x00007f26a4af7630: ; ImmutableOopMap {[232]=Oop [312]=Oop }
                      ;*invokestatic toDisplayText {reexecute=0 rethrow=0 return_oop=0}
                      ; - com.watabou.noosa.RenderedText::measure@81 (line 97)
  0x00007f26a4af7630: 4c99 0200 

  0x00007f26a4af7634: ;   {post_call_nop}
  0x00007f26a4af7634: 0f1f 8400 | ac04 0002 | 410f be57 | 4885 d248 | 8bb4 24e8 | 0000 000f | 850b 2100 | 004c 8bd0 
  0x00007f26a4af7654: 4489 96a0 | 0000 0048 | 8bd6 4833 | d048 c1ea | 1448 83fa | 000f 850b 

  0x00007f26a4af766c: ;   {oop(a 'java/lang/Class'{0x0000000085fdf720} = 'com/watabou/noosa/Game')}
  0x00007f26a4af766c: 2100 0048 | ba20 f7fd | 8500 0000 | 008b ba88 | 0000 008b | 96a4 0000 | 0048 3b07 

  0x00007f26a4af7688: ;   {metadata(method data for {method} {0x00007f267c882da8} 'measure' '()V' in 'com/watabou/noosa/RenderedText')}
  0x00007f26a4af7688: 488b cf49 | b810 3b2e | 7d26 7f00 | 008b 4908 | 41ba 0000 | 0020 4903 | ca49 3b88 | 0002 0000 
  0x00007f26a4af76a8: 750d 4983 | 8008 0200 | 0001 e960 | 0000 0049 | 3b88 1002 | 0000 750d | 4983 8018 | 0200 0001 
  0x00007f26a4af76c8: e94a 0000 | 0049 83b8 | 0002 0000 | 0075 1749 | 8988 0002 | 0000 49c7 | 8008 0200 | 0001 0000 
  0x00007f26a4af76e8: 00e9 2900 | 0000 4983 | b810 0200 | 0000 7517 | 4989 8810 | 0200 0049 | c780 1802 | 0000 0100 
  0x00007f26a4af7708: 0000 e908 | 0000 0049 | 8380 f801 | 0000 0148 | 8bc8 41b8 | 0100 0000 | 41b9 0100 | 0000 488b 
  0x00007f26a4af7728: f766 0f1f 

  0x00007f26a4af772c: ;   {optimized virtual_call}
  0x00007f26a4af772c: 4400 00e8 

  0x00007f26a4af7730: ; ImmutableOopMap {[232]=Oop [312]=Oop }
                      ;*invokevirtual getFont {reexecute=0 rethrow=0 return_oop=0}
                      ; - com.watabou.noosa.RenderedText::measure@101 (line 99)
  0x00007f26a4af7730: 8cd5 0200 

  0x00007f26a4af7734: ;   {post_call_nop}
  0x00007f26a4af7734: 0f1f 8400 | ac05 0003 | 410f be57 | 4885 d248 | 8bb4 24e8 | 0000 000f | 8546 2000 | 004c 8bd0 
  0x00007f26a4af7754: 4489 9698 | 0000 0048 | 8bd6 4833 | d048 c1ea | 1448 83fa | 000f 8546 | 2000 0048 

  0x00007f26a4af7770: ;   {metadata(method data for {method} {0x00007f267c882da8} 'measure' '()V' in 'com/watabou/noosa/RenderedText')}
  0x00007f26a4af7770: 85c0 48ba | 103b 2e7d | 267f 0000 | bf28 0200 | 0074 05bf | 3802 0000 | 488b 043a | 488d 4001 
  0x00007f26a4af7790: 4889 043a | 0f84 701d 

  0x00007f26a4af7798: ;   {metadata('com/badlogic/gdx/graphics/g2d/GlyphLayout')}
  0x00007f26a4af7798: 0000 48ba | 98b4 0b21 | 0000 0000 | 4c8b c649 | 8b87 c801 | 0000 488d | 7820 493b | bfd8 0100 
  0x00007f26a4af77b8: 000f 870e | 2000 0049 | 89bf c801 | 0000 48c7 | 0001 0000 | 0048 8bca | 41ba 0000 | 0020 492b 
  0x00007f26a4af77d8: ca89 4808 | 4833 c989 | 480c 4833 | c948 8948 | 1048 8948 | 1848 8984 | 24f0 0000 | 0045 8b88 
  0x00007f26a4af77f8: 9800 0000 | 458b 98a0 | 0000 0048 

  0x00007f26a4af7804: ;   {metadata(method data for {method} {0x00007f267c882da8} 'measure' '()V' in 'com/watabou/noosa/RenderedText')}
  0x00007f26a4af7804: 8bd0 48be | 103b 2e7d | 267f 0000 | 4883 8648 | 0200 0001 

  0x00007f26a4af7818: ;   {metadata(method data for {method} {0x00007f267c8bd618} '<init>' '(Lcom/badlogic/gdx/graphics/g2d/BitmapFont;Ljava/lang/CharSequence;)V' in 'com/badlogic/gdx/graphics/g2d/GlyphLayout')}
  0x00007f26a4af7818: 48ba d84a | 2e7d 267f | 0000 8bb2 | 9000 0000 | 83c6 0289 | b290 0000 | 0081 e6fe | ff1f 0085 
  0x00007f26a4af7838: f60f 849b | 1f00 0048 

  0x00007f26a4af7840: ;   {metadata(method data for {method} {0x00007f267c8bd618} '<init>' '(Lcom/badlogic/gdx/graphics/g2d/BitmapFont;Ljava/lang/CharSequence;)V' in 'com/badlogic/gdx/graphics/g2d/GlyphLayout')}
  0x00007f26a4af7840: 8bd0 48be | d84a 2e7d | 267f 0000 | 4883 86d8 | 0000 0001 

  0x00007f26a4af7854: ;   {metadata(method data for {method} {0x000000002049ea40} '<init>' '()V' in 'java/lang/Object')}
  0x00007f26a4af7854: 48ba c075 | 007c 267f | 0000 8bb2 | 9000 0000 | 83c6 0289 | b290 0000 | 0081 e6fe | ff1f 0085 
  0x00007f26a4af7874: f60f 8480 

  0x00007f26a4af7878: ;   {metadata('com/badlogic/gdx/utils/Array')}
  0x00007f26a4af7878: 1f00 0048 | ba00 d004 | 2100 0000 | 004c 8be8 | 498b 87c8 | 0100 0048 | 8d78 2049 | 3bbf d801 
  0x00007f26a4af7898: 0000 0f87 | 7c1f 0000 | 4989 bfc8 | 0100 0048 | c700 0100 | 0000 488b | ca41 ba00 | 0000 2049 
  0x00007f26a4af78b8: 2bca 8948 | 0848 33c9 | 8948 0c48 | 33c9 4889 | 4810 4889 | 4818 4c8b | f049 8bde 

  0x00007f26a4af78d4: ;   {metadata(method data for {method} {0x00007f267c8bd618} '<init>' '(Lcom/badlogic/gdx/graphics/g2d/BitmapFont;Ljava/lang/CharSequence;)V' in 'com/badlogic/gdx/graphics/g2d/GlyphLayout')}
  0x00007f26a4af78d4: 48ba d84a | 2e7d 267f | 0000 4883 | 82e8 0000 

  0x00007f26a4af78e4: ;   {metadata(method data for {method} {0x00007f267c46c170} '<init>' '(I)V' in 'com/badlogic/gdx/utils/Array')}
  0x00007f26a4af78e4: 0001 48bb | 60fe 2c7d | 267f 0000 | 8b93 9000 | 0000 83c2 | 0289 9390 | 0000 0081 | e2fe ff1f 
  0x00007f26a4af7904: 0085 d20f | 841c 1f00 | 0049 8bde 

  0x00007f26a4af7910: ;   {metadata(method data for {method} {0x00007f267c46c170} '<init>' '(I)V' in 'com/badlogic/gdx/utils/Array')}
  0x00007f26a4af7910: 48ba 60fe | 2c7d 267f | 0000 4883 | 82d8 0000 

  0x00007f26a4af7920: ;   {metadata(method data for {method} {0x00007f267c46c238} '<init>' '(ZI)V' in 'com/badlogic/gdx/utils/Array')}
  0x00007f26a4af7920: 0001 48bb | b81f 247d | 267f 0000 | 8b93 9000 | 0000 83c2 | 0289 9390 | 0000 0081 | e2fe ff1f 
  0x00007f26a4af7940: 0085 d20f | 8401 1f00 

  0x00007f26a4af7948: ;   {metadata(method data for {method} {0x00007f267c46c238} '<init>' '(ZI)V' in 'com/badlogic/gdx/utils/Array')}
  0x00007f26a4af7948: 0048 bbb8 | 1f24 7d26 | 7f00 0048 | 8383 d800 

  0x00007f26a4af7958: ;   {metadata(method data for {method} {0x00007f267c471300} 'object' '()Lcom/badlogic/gdx/utils/ArraySupplier;' in 'com/badlogic/gdx/utils/ArraySupplier')}
  0x00007f26a4af7958: 0000 0148 | bbc0 2124 | 7d26 7f00 | 008b 9390 | 0000 0083 | c202 8993 | 9000 0000 | 81e2 feff 
  0x00007f26a4af7978: 1f00 85d2 | 0f84 e91e | 0000 498b 

  0x00007f26a4af7984: ;   {metadata(method data for {method} {0x00007f267c46c238} '<init>' '(ZI)V' in 'com/badlogic/gdx/utils/Array')}
  0x00007f26a4af7984: de48 bab8 | 1f24 7d26 | 7f00 0048 | 8382 e800 

  0x00007f26a4af7994: ;   {metadata(method data for {method} {0x00007f267c46c320} '<init>' '(ZILcom/badlogic/gdx/utils/ArraySupplier;)V' in 'com/badlogic/gdx/utils/Array')}
  0x00007f26a4af7994: 0000 0148 | bb88 3223 | 7d26 7f00 | 008b 9390 | 0000 0083 | c202 8993 | 9000 0000 | 81e2 feff 
  0x00007f26a4af79b4: 1f00 85d2 | 0f84 ce1e | 0000 498b 

  0x00007f26a4af79c0: ;   {metadata(method data for {method} {0x00007f267c46c320} '<init>' '(ZILcom/badlogic/gdx/utils/ArraySupplier;)V' in 'com/badlogic/gdx/utils/Array')}
  0x00007f26a4af79c0: de48 ba88 | 3223 7d26 | 7f00 0048 | 8382 d800 

  0x00007f26a4af79d0: ;   {metadata(method data for {method} {0x000000002049ea40} '<init>' '()V' in 'java/lang/Object')}
  0x00007f26a4af79d0: 0000 0148 | bbc0 7500 | 7c26 7f00 | 008b 9390 | 0000 0083 | c202 8993 | 9000 0000 | 81e2 feff 
  0x00007f26a4af79f0: 1f00 85d2 | 0f84 b31e | 0000 41c6 

  0x00007f26a4af79fc: ;   {oop(a 'com/badlogic/gdx/utils/ArraySupplier$$Lambda+0x000000002104d5e8'{0x0000000086d9d370})}
  0x00007f26a4af79fc: 4610 0148 | bb70 d3d9 | 8600 0000 

  0x00007f26a4af7a08: ;   {metadata(method data for {method} {0x00007f267c46c320} '<init>' '(ZILcom/badlogic/gdx/utils/ArraySupplier;)V' in 'com/badlogic/gdx/utils/Array')}
  0x00007f26a4af7a08: 0048 ba88 | 3223 7d26 | 7f00 0048 | 8382 f800 

  0x00007f26a4af7a18: ;   {metadata(method data for {method} {0x00007f267c471898} 'get' '(I)Ljava/lang/Object;' in 'com/badlogic/gdx/utils/ArraySupplier$$Lambda+0x000000002104d5e8')}
  0x00007f26a4af7a18: 0000 0148 | bbb0 2224 | 7d26 7f00 | 008b 9390 | 0000 0083 | c202 8993 | 9000 0000 | 81e2 feff 
  0x00007f26a4af7a38: 1f00 85d2 | 0f84 8c1e 

  0x00007f26a4af7a40: ;   {metadata(method data for {method} {0x00007f267c471898} 'get' '(I)Ljava/lang/Object;' in 'com/badlogic/gdx/utils/ArraySupplier$$Lambda+0x000000002104d5e8')}
  0x00007f26a4af7a40: 0000 48bb | b022 247d | 267f 0000 | 4883 83d8 | 0000 0001 

  0x00007f26a4af7a54: ;   {metadata(method data for {method} {0x00007f267c471440} 'lambda$static$0' '(I)Ljava/lang/Object;' in 'com/badlogic/gdx/utils/ArraySupplier')}
  0x00007f26a4af7a54: 48bb e023 | 247d 267f | 0000 8b93 | 9000 0000 | 83c2 0289 | 9390 0000 | 0081 e2fe | ff1f 0085 
  0x00007f26a4af7a74: d20f 8474 | 1e00 00bb | 0100 0000 

  0x00007f26a4af7a80: ;   {metadata('java/lang/Object'[])}
  0x00007f26a4af7a80: 48ba 3823 | 1720 0000 | 0000 4863 | db48 8bfb | 4881 fbff | ffff 000f | 8773 1e00 | 00be 1700 
  0x00007f26a4af7aa0: 0000 488d | 349e 4883 | e6f8 498b | 87c8 0100 | 0048 8d34 | 3049 3bb7 | d801 0000 | 0f87 4e1e 
  0x00007f26a4af7ac0: 0000 4989 | b7c8 0100 | 0048 2bf0 | 48c7 0001 | 0000 0048 | 8bca 41ba | 0000 0020 | 492b ca89 
  0x00007f26a4af7ae0: 4808 8958 | 0c48 83ee | 1048 85f6 | 0f84 1100 | 0000 4833 | db48 c1ee | 0348 895c | f008 48ff 
  0x00007f26a4af7b00: ce75 f641 | 0fbe 5748 | 85d2 0f85 | 0a1e 0000 | 4c8b d045 | 8956 1449 | 8bd6 4833 | d048 c1ea 
  0x00007f26a4af7b20: 1448 83fa | 000f 850b | 1e00 0041 | 0fbe 5748 | 85d2 0f85 | 161e 0000 | 4d8b d645 | 8955 1849 
  0x00007f26a4af7b40: 8bc5 4933 | c648 c1e8 | 1448 83f8 | 000f 8517 

  0x00007f26a4af7b50: ;   {metadata('com/badlogic/gdx/utils/IntArray')}
  0x00007f26a4af7b50: 1e00 0048 | bae8 ee06 | 2100 0000 | 0049 8b87 | c801 0000 | 488d 7818 | 493b bfd8 | 0100 000f 
  0x00007f26a4af7b70: 870d 1e00 | 0049 89bf | c801 0000 | 48c7 0001 | 0000 0048 | 8bca 41ba | 0000 0020 | 492b ca89 
  0x00007f26a4af7b90: 4808 4833 | c989 480c | 4833 c948 | 8948 104c | 8bf0 498b 

  0x00007f26a4af7ba4: ;   {metadata(method data for {method} {0x00007f267c8bd618} '<init>' '(Lcom/badlogic/gdx/graphics/g2d/BitmapFont;Ljava/lang/CharSequence;)V' in 'com/badlogic/gdx/graphics/g2d/GlyphLayout')}
  0x00007f26a4af7ba4: de48 bad8 | 4a2e 7d26 | 7f00 0048 | 8382 f800 

  0x00007f26a4af7bb4: ;   {metadata(method data for {method} {0x00007f267c5ad2a8} '<init>' '(I)V' in 'com/badlogic/gdx/utils/IntArray')}
  0x00007f26a4af7bb4: 0000 0148 | bb60 4c2e | 7d26 7f00 | 008b 9390 | 0000 0083 | c202 8993 | 9000 0000 | 81e2 feff 
  0x00007f26a4af7bd4: 1f00 85d2 | 0f84 b11d | 0000 498b 

  0x00007f26a4af7be0: ;   {metadata(method data for {method} {0x00007f267c5ad2a8} '<init>' '(I)V' in 'com/badlogic/gdx/utils/IntArray')}
  0x00007f26a4af7be0: de48 ba60 | 4c2e 7d26 | 7f00 0048 | 8382 d800 

  0x00007f26a4af7bf0: ;   {metadata(method data for {method} {0x00007f267c5ad378} '<init>' '(ZI)V' in 'com/badlogic/gdx/utils/IntArray')}
  0x00007f26a4af7bf0: 0000 0148 | bb30 352e | 7d26 7f00 | 008b 9390 | 0000 0083 | c202 8993 | 9000 0000 | 81e2 feff 
  0x00007f26a4af7c10: 1f00 85d2 | 0f84 961d | 0000 498b 

  0x00007f26a4af7c1c: ;   {metadata(method data for {method} {0x00007f267c5ad378} '<init>' '(ZI)V' in 'com/badlogic/gdx/utils/IntArray')}
  0x00007f26a4af7c1c: de48 ba30 | 352e 7d26 | 7f00 0048 | 8382 d800 

  0x00007f26a4af7c2c: ;   {metadata(method data for {method} {0x000000002049ea40} '<init>' '()V' in 'java/lang/Object')}
  0x00007f26a4af7c2c: 0000 0148 | bbc0 7500 | 7c26 7f00 | 008b 9390 | 0000 0083 | c202 8993 | 9000 0000 | 81e2 feff 
  0x00007f26a4af7c4c: 1f00 85d2 | 0f84 7b1d | 0000 41c6 | 4610 01bb | 0200 0000 

  0x00007f26a4af7c60: ;   {metadata({type array int})}
  0x00007f26a4af7c60: 48ba c837 | 1720 0000 | 0000 4863 | db48 8bfb | 4881 fbff | ffff 000f | 8775 1d00 | 00be 1700 
  0x00007f26a4af7c80: 0000 488d | 349e 4883 | e6f8 498b | 87c8 0100 | 0048 8d34 | 3049 3bb7 | d801 0000 | 0f87 501d 
  0x00007f26a4af7ca0: 0000 4989 | b7c8 0100 | 0048 2bf0 | 48c7 0001 | 0000 0048 | 8bca 41ba | 0000 0020 | 492b ca89 
  0x00007f26a4af7cc0: 4808 8958 | 0c48 83ee | 1048 85f6 | 0f84 1100 | 0000 4833 | db48 c1ee | 0348 895c | f008 48ff 
  0x00007f26a4af7ce0: ce75 f641 | 0fbe 5748 | 85d2 0f85 | 0c1d 0000 | 4c8b d045 | 8956 1449 | 8bd6 4833 | d048 c1ea 
  0x00007f26a4af7d00: 1448 83fa | 000f 850d | 1d00 0041 | 0fbe 5748 | 85d2 0f85 | 181d 0000 | 4d8b d645 | 8955 1c49 
  0x00007f26a4af7d20: 8bc5 4933 | c648 c1e8 | 1448 83f8 | 000f 8519 | 1d00 0049 

  0x00007f26a4af7d34: ;   {metadata(method data for {method} {0x00007f267c8bd618} '<init>' '(Lcom/badlogic/gdx/graphics/g2d/BitmapFont;Ljava/lang/CharSequence;)V' in 'com/badlogic/gdx/graphics/g2d/GlyphLayout')}
  0x00007f26a4af7d34: 8bc5 48ba | d84a 2e7d | 267f 0000 

  0x00007f26a4af7d40: ;   {metadata('com/badlogic/gdx/graphics/g2d/GlyphLayout')}
  0x00007f26a4af7d40: 49ba 98b4 | 0b21 0000 | 0000 4c89 | 9210 0100 | 0048 8382 | 1801 0000 | 0149 8bd1 | 498b cb49 
  0x00007f26a4af7d60: 8bf5 0f1f 

  0x00007f26a4af7d64: ;   {optimized virtual_call}
  0x00007f26a4af7d64: 4400 00e8 

  0x00007f26a4af7d68: ; ImmutableOopMap {[232]=Oop [240]=Oop [312]=Oop }
                      ;*invokevirtual setText {reexecute=0 rethrow=0 return_oop=0}
                      ; - com.badlogic.gdx.graphics.g2d.GlyphLayout::<init>@31 (line 78)
                      ; - com.watabou.noosa.RenderedText::measure@126 (line 102)
  0x00007f26a4af7d68: 34a0 0200 

  0x00007f26a4af7d6c: ;   {post_call_nop}
  0x00007f26a4af7d6c: 0f1f 8400 | e40b 0004 | 488b b424 | e800 0000 | 8bbe a000 | 0000 483b | 0748 8bdf 

  0x00007f26a4af7d88: ;   {metadata(method data for {method} {0x00007f267c882da8} 'measure' '()V' in 'com/watabou/noosa/RenderedText')}
  0x00007f26a4af7d88: 48b8 103b | 2e7d 267f | 0000 8b5b | 0841 ba00 | 0000 2049 | 03da 483b | 9860 0200 | 0075 0d48 
  0x00007f26a4af7da8: 8380 6802 | 0000 01e9 | 6000 0000 | 483b 9870 | 0200 0075 | 0d48 8380 | 7802 0000 | 01e9 4a00 
  0x00007f26a4af7dc8: 0000 4883 | b860 0200 | 0000 7517 | 4889 9860 | 0200 0048 | c780 6802 | 0000 0100 | 0000 e929 
  0x00007f26a4af7de8: 0000 0048 | 83b8 7002 | 0000 0075 | 1748 8998 | 7002 0000 | 48c7 8078 | 0200 0001 | 0000 00e9 
  0x00007f26a4af7e08: 0800 0000 | 4883 8058 | 0200 0001 

  0x00007f26a4af7e14: ;   {metadata(method data for {method} {0x00000000204972d0} 'toCharArray' '()[C' in 'java/lang/String')}
  0x00007f26a4af7e14: 48bb 20a5 | d77c 267f | 0000 8b83 | 9000 0000 | 83c0 0289 | 8390 0000 | 0025 feff | 1f00 85c0 
  0x00007f26a4af7e34: 0f84 2f1c | 0000 488b 

  0x00007f26a4af7e3c: ;   {metadata(method data for {method} {0x00000000204972d0} 'toCharArray' '()[C' in 'java/lang/String')}
  0x00007f26a4af7e3c: df48 b820 | a5d7 7c26 | 7f00 008b | 5b08 41ba | 0000 0020 | 4903 da48 | 3b98 e000 | 0000 750d 
  0x00007f26a4af7e5c: 4883 80e8 | 0000 0001 | e960 0000 | 0048 3b98 | f000 0000 | 750d 4883 | 80f8 0000 | 0001 e94a 
  0x00007f26a4af7e7c: 0000 0048 | 83b8 e000 | 0000 0075 | 1748 8998 | e000 0000 | 48c7 80e8 | 0000 0001 | 0000 00e9 
  0x00007f26a4af7e9c: 2900 0000 | 4883 b8f0 | 0000 0000 | 7517 4889 | 98f0 0000 | 0048 c780 | f800 0000 | 0100 0000 
  0x00007f26a4af7ebc: e908 0000 | 0048 8380 | d800 0000 

  0x00007f26a4af7ec8: ;   {metadata(method data for {method} {0x0000000020498508} 'isLatin1' '()Z' in 'java/lang/String')}
  0x00007f26a4af7ec8: 0148 bbb8 | 9700 7c26 | 7f00 008b | 8390 0000 | 0083 c002 | 8983 9000 | 0000 25fe | ff1f 0085 
  0x00007f26a4af7ee8: c00f 849b 

  0x00007f26a4af7eec: ;   {metadata(method data for {method} {0x0000000020498508} 'isLatin1' '()Z' in 'java/lang/String')}
  0x00007f26a4af7eec: 1b00 0048 | bbb8 9700 | 7c26 7f00 | 00ff 83e8 | 0000 000f | be5f 1085 

  0x00007f26a4af7f04: ;   {metadata(method data for {method} {0x0000000020498508} 'isLatin1' '()Z' in 'java/lang/String')}
  0x00007f26a4af7f04: db48 bbb8 | 9700 7c26 | 7f00 00b8 | f800 0000 | 7505 b808 | 0100 0048 | 8b14 0348 | 8d52 0148 
  0x00007f26a4af7f24: 8914 030f | 851a 0000 

  0x00007f26a4af7f2c: ;   {metadata(method data for {method} {0x0000000020498508} 'isLatin1' '()Z' in 'java/lang/String')}
  0x00007f26a4af7f2c: 0048 bbb8 | 9700 7c26 | 7f00 00ff | 8318 0100 | 00bb 0100 | 0000 e905 | 0000 00bb | 0000 0000 
  0x00007f26a4af7f4c: 83e3 0185 

  0x00007f26a4af7f50: ;   {metadata(method data for {method} {0x00000000204972d0} 'toCharArray' '()[C' in 'java/lang/String')}
  0x00007f26a4af7f50: db48 bb20 | a5d7 7c26 | 7f00 00b8 | 0801 0000 | 7405 b818 | 0100 0048 | 8b14 0348 | 8d52 0148 
  0x00007f26a4af7f70: 8914 030f | 8440 0000 | 008b 7f14 

  0x00007f26a4af7f7c: ;   {metadata(method data for {method} {0x00000000204972d0} 'toCharArray' '()[C' in 'java/lang/String')}
  0x00007f26a4af7f7c: 48bb 20a5 | d77c 267f | 0000 4883 | 8328 0100 | 0001 488b | f766 0f1f 

  0x00007f26a4af7f94: ;   {static_call}
  0x00007f26a4af7f94: 4400 00e8 

  0x00007f26a4af7f98: ; ImmutableOopMap {[232]=Oop [240]=Oop [312]=Oop }
                      ;*invokestatic toChars {reexecute=0 rethrow=0 return_oop=0}
                      ; - java.lang.String::toCharArray@11 (line 4413)
                      ; - com.watabou.noosa.RenderedText::measure@134 (line 104)
  0x00007f26a4af7f98: 64b9 f3ff 

  0x00007f26a4af7f9c: ;   {post_call_nop}
  0x00007f26a4af7f9c: 0f1f 8400 | 140e 0005 

  0x00007f26a4af7fa4: ;   {metadata(method data for {method} {0x00000000204972d0} 'toCharArray' '()[C' in 'java/lang/String')}
  0x00007f26a4af7fa4: 48be 20a5 | d77c 267f | 0000 ff86 | 3801 0000 | e923 0000 | 008b 7714 

  0x00007f26a4af7fbc: ;   {metadata(method data for {method} {0x00000000204972d0} 'toCharArray' '()[C' in 'java/lang/String')}
  0x00007f26a4af7fbc: 48bf 20a5 | d77c 267f | 0000 4883 | 8750 0100 

  0x00007f26a4af7fcc: ;   {static_call}
  0x00007f26a4af7fcc: 0001 90e8 

  0x00007f26a4af7fd0: ; ImmutableOopMap {[232]=Oop [240]=Oop [312]=Oop }
                      ;*invokestatic toChars {reexecute=0 rethrow=0 return_oop=0}
                      ; - java.lang.String::toCharArray@21 (line 4414)
                      ; - com.watabou.noosa.RenderedText::measure@134 (line 104)
  0x00007f26a4af7fd0: bd21 0000 

  0x00007f26a4af7fd4: ;   {post_call_nop}
  0x00007f26a4af7fd4: 0f1f 8400 | 4c0e 0006 

  0x00007f26a4af7fdc: ; implicit exception: dispatches to 0x00007f26a4af9aab
  0x00007f26a4af7fdc: 8b78 0c89 | bc24 0001 | 0000 bb00 | 0000 000f | 1f44 0000 | 488b b424 | e800 0000 

  0x00007f26a4af7ff8: ;   {metadata(method data for {method} {0x00007f267c882da8} 'measure' '()V' in 'com/watabou/noosa/RenderedText')}
  0x00007f26a4af7ff8: 3bdf 48ba | 103b 2e7d | 267f 0000 | b988 0200 | 007d 05b9 | 9802 0000 | 4c8b 040a | 4d8d 4001 
  0x00007f26a4af8018: 4c89 040a | 0f8d 120d | 0000 4863 | d30f b74c | 5010 898c | 24f8 0000 | 008b 9698 | 0000 0048 
  0x00007f26a4af8038: 3b02 4c8b 

  0x00007f26a4af803c: ;   {metadata(method data for {method} {0x00007f267c882da8} 'measure' '()V' in 'com/watabou/noosa/RenderedText')}
  0x00007f26a4af803c: c249 b910 | 3b2e 7d26 

  0x00007f26a4af8044: ;   {metadata('com/badlogic/gdx/graphics/g2d/BitmapFont')}
  0x00007f26a4af8044: 7f00 0049 | ba00 a50b | 2100 0000 | 004d 8991 | b002 0000 | 4983 81b8 | 0200 0001 | 448b 4210 
  0x00007f26a4af8064: ; implicit exception: dispatches to 0x00007f26a4af9ab5
  0x00007f26a4af8064: 493b 0049 

  0x00007f26a4af8068: ;   {metadata(method data for {method} {0x00007f267c882da8} 'measure' '()V' in 'com/watabou/noosa/RenderedText')}
  0x00007f26a4af8068: 8bd0 49b9 | 103b 2e7d | 267f 0000 | 8b52 0841 | ba00 0000 | 2049 03d2 | 493b 91e0 | 0200 0075 
  0x00007f26a4af8088: 0d49 8381 | e802 0000 | 01e9 6000 | 0000 493b | 91f0 0200 | 0075 0d49 | 8381 f802 | 0000 01e9 
  0x00007f26a4af80a8: 4a00 0000 | 4983 b9e0 | 0200 0000 | 7517 4989 | 91e0 0200 | 0049 c781 | e802 0000 | 0100 0000 
  0x00007f26a4af80c8: e929 0000 | 0049 83b9 | f002 0000 | 0075 1749 | 8991 f002 | 0000 49c7 | 81f8 0200 | 0001 0000 
  0x00007f26a4af80e8: 00e9 0800 | 0000 4983 | 81d8 0200 | 0001 488b | d149 8bf0 | 4889 8424 | 0801 0000 | 899c 24fc 
  0x00007f26a4af8108: 0000 0066 | 9048 b8b0 | f705 6826 

  0x00007f26a4af8114: ;   {virtual_call}
  0x00007f26a4af8114: 7f00 00e8 

  0x00007f26a4af8118: ; ImmutableOopMap {[232]=Oop [240]=Oop [264]=Oop [312]=Oop }
                      ;*invokevirtual getGlyph {reexecute=0 rethrow=0 return_oop=0}
                      ; - com.watabou.noosa.RenderedText::measure@165 (line 105)
  0x00007f26a4af8118: e69f 6b07 

  0x00007f26a4af811c: ;   {post_call_nop}
  0x00007f26a4af811c: 0f1f 8400 | 940f 0007 

  0x00007f26a4af8124: ;   {metadata(method data for {method} {0x00007f267c882da8} 'measure' '()V' in 'com/watabou/noosa/RenderedText')}
  0x00007f26a4af8124: 4885 c048 | b910 3b2e | 7d26 7f00 | 00ba 0803 | 0000 7405 | ba18 0300 | 0048 8b34 | 1148 8d76 
  0x00007f26a4af8144: 0148 8934 | 110f 8432 | 0000 008b | 480c 3b8c | 24f8 0000 

  0x00007f26a4af8158: ;   {metadata(method data for {method} {0x00007f267c882da8} 'measure' '()V' in 'com/watabou/noosa/RenderedText')}
  0x00007f26a4af8158: 0048 b910 | 3b2e 7d26 | 7f00 00ba | 2803 0000 | 7405 ba38 | 0300 0048 | 8b34 1148 | 8d76 0148 
  0x00007f26a4af8178: 8934 110f | 8458 0b00 | 0048 8bb4 | 24e8 0000 | 008b bea0 | 0000 0048 | 3b07 488b 

  0x00007f26a4af8194: ;   {metadata(method data for {method} {0x00007f267c882da8} 'measure' '()V' in 'com/watabou/noosa/RenderedText')}
  0x00007f26a4af8194: cf48 ba10 | 3b2e 7d26 | 7f00 008b | 4908 41ba | 0000 0020 | 4903 ca48 | 3b8a 5003 | 0000 750d 
  0x00007f26a4af81b4: 4883 8258 | 0300 0001 | e960 0000 | 0048 3b8a | 6003 0000 | 750d 4883 | 8268 0300 | 0001 e94a 
  0x00007f26a4af81d4: 0000 0048 | 83ba 5003 | 0000 0075 | 1748 898a | 5003 0000 | 48c7 8258 | 0300 0001 | 0000 00e9 
  0x00007f26a4af81f4: 2900 0000 | 4883 ba60 | 0300 0000 | 7517 4889 | 8a60 0300 | 0048 c782 | 6803 0000 | 0100 0000 
  0x00007f26a4af8214: e908 0000 | 0048 8382 | 4803 0000 

  0x00007f26a4af8220: ;   {metadata(method data for {method} {0x0000000020176dc8} 'length' '()I' in 'java/lang/String')}
  0x00007f26a4af8220: 0148 b9a0 | d000 7c26 | 7f00 008b | 9190 0000 | 0083 c202 | 8991 9000 | 0000 81e2 | feff 1f00 
  0x00007f26a4af8240: 85d2 0f84 | 7c18 0000 | 8b4f 148b | 510c 488b 

  0x00007f26a4af8250: ;   {metadata(method data for {method} {0x0000000020176dc8} 'length' '()I' in 'java/lang/String')}
  0x00007f26a4af8250: cf48 bba0 | d000 7c26 | 7f00 008b | 4908 41ba | 0000 0020 | 4903 ca48 | 3b8b e000 | 0000 750d 
  0x00007f26a4af8270: 4883 83e8 | 0000 0001 | e960 0000 | 0048 3b8b | f000 0000 | 750d 4883 | 83f8 0000 | 0001 e94a 
  0x00007f26a4af8290: 0000 0048 | 83bb e000 | 0000 0075 | 1748 898b | e000 0000 | 48c7 83e8 | 0000 0001 | 0000 00e9 
  0x00007f26a4af82b0: 2900 0000 | 4883 bbf0 | 0000 0000 | 7517 4889 | 8bf0 0000 | 0048 c783 | f800 0000 | 0100 0000 
  0x00007f26a4af82d0: e908 0000 | 0048 8383 | d800 0000 

  0x00007f26a4af82dc: ;   {metadata(method data for {method} {0x0000000020499168} 'coder' '()B' in 'java/lang/String')}
  0x00007f26a4af82dc: 0148 b9e0 | ce00 7c26 | 7f00 008b | 9990 0000 | 0083 c302 | 8999 9000 | 0000 81e3 | feff 1f00 
  0x00007f26a4af82fc: 85db 0f84 | e617 0000 

  0x00007f26a4af8304: ;   {metadata(method data for {method} {0x0000000020499168} 'coder' '()B' in 'java/lang/String')}
  0x00007f26a4af8304: 48b9 e0ce | 007c 267f | 0000 ff81 | e800 0000 | 0fbe 4f10 

  0x00007f26a4af8318: ;   {metadata(method data for {method} {0x0000000020499168} 'coder' '()B' in 'java/lang/String')}
  0x00007f26a4af8318: 48bb e0ce | 007c 267f | 0000 ff83 | f800 0000 | c1e1 18c1 | f918 d3fa 

  0x00007f26a4af8330: ;   {metadata(method data for {method} {0x00007f267c882da8} 'measure' '()V' in 'com/watabou/noosa/RenderedText')}
  0x00007f26a4af8330: 83fa 1e48 | ba10 3b2e | 7d26 7f00 | 00b9 7803 | 0000 7e05 | b988 0300 | 0048 8b1c | 0a48 8d5b 
  0x00007f26a4af8350: 0148 891c | 0a0f 8eec | 0000 0048 

  0x00007f26a4af835c: ;   {metadata(method data for {method} {0x00007f267c882da8} 'measure' '()V' in 'com/watabou/noosa/RenderedText')}
  0x00007f26a4af835c: 8bd7 48b9 | 103b 2e7d | 267f 0000 | 8b52 0841 | ba00 0000 | 2049 03d2 | 483b 91a0 | 0300 0075 
  0x00007f26a4af837c: 0d48 8381 | a803 0000 | 01e9 6000 | 0000 483b | 91b0 0300 | 0075 0d48 | 8381 b803 | 0000 01e9 
  0x00007f26a4af839c: 4a00 0000 | 4883 b9a0 | 0300 0000 | 7517 4889 | 91a0 0300 | 0048 c781 | a803 0000 | 0100 0000 
  0x00007f26a4af83bc: e929 0000 | 0048 83b9 | b003 0000 | 0075 1748 | 8991 b003 | 0000 48c7 | 81b8 0300 | 0001 0000 
  0x00007f26a4af83dc: 00e9 0800 | 0000 4883 | 8198 0300 | 0001 ba00 | 0000 00b9 | 1e00 0000 

  0x00007f26a4af83f4: ;   {optimized virtual_call}
  0x00007f26a4af83f4: 488b f7e8 

  0x00007f26a4af83f8: ; ImmutableOopMap {[232]=Oop [240]=Oop [264]=Oop [312]=Oop }
                      ;*invokevirtual substring {reexecute=0 rethrow=0 return_oop=0}
                      ; - com.watabou.noosa.RenderedText::measure@206 (line 109)
  0x00007f26a4af83f8: e4d2 0807 

  0x00007f26a4af83fc: ;   {post_call_nop}
  0x00007f26a4af83fc: 0f1f 8400 | 7412 0008 | 0f1f 4000 

  0x00007f26a4af8408: ;   {other}
  0x00007f26a4af8408: e90d 1700 | 0090 9090 | 9090 488b 

  0x00007f26a4af8414: ;   {static_call}
  0x00007f26a4af8414: f066 90e8 

  0x00007f26a4af8418: ; ImmutableOopMap {[232]=Oop [240]=Oop [264]=Oop [312]=Oop }
                      ;*invokedynamic {reexecute=0 rethrow=0 return_oop=0}
                      ; - com.watabou.noosa.RenderedText::measure@209 (line 109)
  0x00007f26a4af8418: c4d8 0807 

  0x00007f26a4af841c: ;   {post_call_nop}
  0x00007f26a4af841c: 0f1f 8400 | 9412 0009 

  0x00007f26a4af8424: ;   {metadata(method data for {method} {0x00007f267c882da8} 'measure' '()V' in 'com/watabou/noosa/RenderedText')}
  0x00007f26a4af8424: 48ba 103b | 2e7d 267f | 0000 488d | 92e8 0300 | 0048 85c0 | 750a f602 | 0175 05f0 | 4883 0a01 
  0x00007f26a4af8444: 488b f88b | 8c24 f800 

  0x00007f26a4af844c: ;   {metadata(method data for {method} {0x00007f267c882da8} 'measure' '()V' in 'com/watabou/noosa/RenderedText')}
  0x00007f26a4af844c: 0000 48ba | 103b 2e7d | 267f 0000 | 4883 82f8 | 0300 0001 

  0x00007f26a4af8460: ;   {metadata(method data for {method} {0x0000000020197a88} 'valueOf' '(C)Ljava/lang/Character;' in 'java/lang/Character')}
  0x00007f26a4af8460: 48ba 50f9 | af7c 267f | 0000 8bb2 | 9000 0000 | 83c6 0289 | b290 0000 | 0081 e6fe | ff1f 0085 
  0x00007f26a4af8480: f60f 849d | 1600 0083 

  0x00007f26a4af8488: ;   {metadata(method data for {method} {0x0000000020197a88} 'valueOf' '(C)Ljava/lang/Character;' in 'java/lang/Character')}
  0x00007f26a4af8488: f97f 48ba | 50f9 af7c | 267f 0000 | bed8 0000 | 007f 05be | e800 0000 | 488b 0432 | 488d 4001 
  0x00007f26a4af84a8: 4889 0432 | 0f8f 2b00 | 0000 ba80 

  0x00007f26a4af84b4: ;   {oop(a 'java/lang/Character'[128] {0x00000000ffe04560})}
  0x00007f26a4af84b4: 0000 0048 | be60 45e0 | ff00 0000 | 003b d10f | 867c 1600 | 0048 63d1 | 8b54 9610 | 4889 bc24 
  0x00007f26a4af84d4: 1001 0000 | e9d2 0000 | 0048 89bc | 2410 0100 

  0x00007f26a4af84e4: ;   {metadata('java/lang/Character')}
  0x00007f26a4af84e4: 0048 ba38 | 6a19 2000 | 0000 0048 | 8bd9 498b | 87c8 0100 | 0048 8d78 | 1049 3bbf | d801 0000 
  0x00007f26a4af8504: 0f87 4916 | 0000 4989 | bfc8 0100 | 0048 c700 | 0100 0000 | 488b ca41 | ba00 0000 | 2049 2bca 
  0x00007f26a4af8524: 8948 0848 | 33c9 8948 | 0c48 33c9 

  0x00007f26a4af8530: ;   {metadata(method data for {method} {0x0000000020197a88} 'valueOf' '(C)Ljava/lang/Character;' in 'java/lang/Character')}
  0x00007f26a4af8530: 488b d048 | b950 f9af | 7c26 7f00 | 0048 8381 | f800 0000 

  0x00007f26a4af8544: ;   {metadata(method data for {method} {0x00000000201972f8} '<init>' '(C)V' in 'java/lang/Character')}
  0x00007f26a4af8544: 0148 baf8 | fdaf 7c26 | 7f00 008b | 8a90 0000 | 0083 c102 | 898a 9000 | 0000 81e1 | feff 1f00 
  0x00007f26a4af8564: 85c9 0f84 | f415 0000 

  0x00007f26a4af856c: ;   {metadata(method data for {method} {0x00000000201972f8} '<init>' '(C)V' in 'java/lang/Character')}
  0x00007f26a4af856c: 488b d048 | b9f8 fdaf | 7c26 7f00 | 0048 8381 | d800 0000 

  0x00007f26a4af8580: ;   {metadata(method data for {method} {0x000000002049ea40} '<init>' '()V' in 'java/lang/Object')}
  0x00007f26a4af8580: 0148 bac0 | 7500 7c26 | 7f00 008b | 8a90 0000 | 0083 c102 | 898a 9000 | 0000 81e1 | feff 1f00 
  0x00007f26a4af85a0: 85c9 0f84 | d915 0000 | 6689 580c 

  0x00007f26a4af85ac: ;   {oop(a 'java/util/ArrayList'{0x0000000086da84a0})}
  0x00007f26a4af85ac: 488b d048 | bea0 84da | 8600 0000 | 004c 8bc6 

  0x00007f26a4af85bc: ;   {metadata(method data for {method} {0x00007f267c882da8} 'measure' '()V' in 'com/watabou/noosa/RenderedText')}
  0x00007f26a4af85bc: 48bb 103b | 2e7d 267f 

  0x00007f26a4af85c4: ;   {metadata('java/util/ArrayList')}
  0x00007f26a4af85c4: 0000 49ba | 204c 2120 | 0000 0000 | 4c89 9310 | 0400 0048 | 8383 1804 

  0x00007f26a4af85dc: ;   {metadata(method data for {method} {0x0000000020218a10} 'contains' '(Ljava/lang/Object;)Z' in 'java/util/ArrayList')}
  0x00007f26a4af85dc: 0000 0149 | b8c0 96f6 | 7c26 7f00 | 0041 8b98 | 9000 0000 | 83c3 0241 | 8998 9000 | 0000 81e3 
  0x00007f26a4af85fc: feff 1f00 | 85db 0f84 | 9a15 0000 

  0x00007f26a4af8608: ;   {metadata(method data for {method} {0x0000000020218a10} 'contains' '(Ljava/lang/Object;)Z' in 'java/util/ArrayList')}
  0x00007f26a4af8608: 4c8b c648 | bbc0 96f6 | 7c26 7f00 

  0x00007f26a4af8614: ;   {metadata('java/util/ArrayList')}
  0x00007f26a4af8614: 0049 ba20 | 4c21 2000 | 0000 004c | 8993 e000 | 0000 4883 | 83e8 0000 

  0x00007f26a4af862c: ;   {metadata(method data for {method} {0x0000000020218d28} 'indexOf' '(Ljava/lang/Object;)I' in 'java/util/ArrayList')}
  0x00007f26a4af862c: 0001 49b8 | 4898 f67c | 267f 0000 | 418b 9890 | 0000 0083 | c302 4189 | 9890 0000 | 0081 e3fe 
  0x00007f26a4af864c: ff1f 0085 | db0f 846c | 1500 0044 | 8b46 1048 

  0x00007f26a4af865c: ;   {metadata(method data for {method} {0x0000000020218d28} 'indexOf' '(Ljava/lang/Object;)I' in 'java/util/ArrayList')}
  0x00007f26a4af865c: 8bde 48b8 | 4898 f67c | 267f 0000 

  0x00007f26a4af8668: ;   {metadata('java/util/ArrayList')}
  0x00007f26a4af8668: 49ba 204c | 2120 0000 | 0000 4c89 | 90e0 0000 | 0048 8380 | e800 0000 | 01b9 0000 

  0x00007f26a4af8684: ;   {optimized virtual_call}
  0x00007f26a4af8684: 0000 90e8 

  0x00007f26a4af8688: ; ImmutableOopMap {[232]=Oop [240]=Oop [264]=Oop [272]=Oop [312]=Oop }
                      ;*invokevirtual indexOfRange {reexecute=0 rethrow=0 return_oop=0}
                      ; - java.util.ArrayList::indexOf@7 (line 287)
                      ; - java.util.ArrayList::contains@2 (line 276)
                      ; - com.watabou.noosa.RenderedText::measure@224 (line 112)
  0x00007f26a4af8688: 54d0 0807 

  0x00007f26a4af868c: ;   {post_call_nop}
  0x00007f26a4af868c: 0f1f 8400 | 0415 000a 

  0x00007f26a4af8694: ;   {metadata(method data for {method} {0x0000000020218a10} 'contains' '(Ljava/lang/Object;)Z' in 'java/util/ArrayList')}
  0x00007f26a4af8694: 85c0 48ba | c096 f67c | 267f 0000 | be08 0100 | 007c 05be | 1801 0000 | 488b 3c32 | 488d 7f01 
  0x00007f26a4af86b4: 4889 3c32 | 0f8c 1a00 

  0x00007f26a4af86bc: ;   {metadata(method data for {method} {0x0000000020218a10} 'contains' '(Ljava/lang/Object;)Z' in 'java/util/ArrayList')}
  0x00007f26a4af86bc: 0000 48ba | c096 f67c | 267f 0000 | ff82 2801 | 0000 ba01 | 0000 00e9 | 0500 0000 | ba00 0000 
  0x00007f26a4af86dc: 0083 e201 

  0x00007f26a4af86e0: ;   {metadata(method data for {method} {0x00007f267c882da8} 'measure' '()V' in 'com/watabou/noosa/RenderedText')}
  0x00007f26a4af86e0: 85d2 48ba | 103b 2e7d | 267f 0000 | be38 0400 | 0075 05be | 4804 0000 | 488b 3c32 | 488d 7f01 
  0x00007f26a4af8700: 4889 3c32 | 0f85 cf05 | 0000 488b | b424 e800 | 0000 660f | 1f44 0000 

  0x00007f26a4af8718: ;   {other}
  0x00007f26a4af8718: e9d6 1400 | 0000 0000 | 0000 488b | de49 8b87 | c801 0000 | 488d 7828 | 493b bfd8 | 0100 000f 
  0x00007f26a4af8738: 87c0 1400 | 0049 89bf | c801 0000 | 48c7 0001 | 0000 0048 | 8bca 41ba | 0000 0020 | 492b ca89 
  0x00007f26a4af8758: 4808 4833 | c989 480c | 4833 c948 | 8948 1048 | 8948 1848 | 8948 2048 | 8984 2418 | 0100 008b 
  0x00007f26a4af8778: b398 0000 | 0048 3b06 

  0x00007f26a4af8780: ;   {metadata(method data for {method} {0x00007f267c882da8} 'measure' '()V' in 'com/watabou/noosa/RenderedText')}
  0x00007f26a4af8780: 488b fe48 | ba10 3b2e | 7d26 7f00 

  0x00007f26a4af878c: ;   {metadata('com/badlogic/gdx/graphics/g2d/BitmapFont')}
  0x00007f26a4af878c: 0049 ba00 | a50b 2100 | 0000 004c | 8992 6004 | 0000 4883 | 8268 0400 

  0x00007f26a4af87a4: ;   {metadata(method data for {method} {0x00007f267c8b4378} 'toString' '()Ljava/lang/String;' in 'com/badlogic/gdx/graphics/g2d/BitmapFont')}
  0x00007f26a4af87a4: 0001 48bf | 284f 2e7d | 267f 0000 | 8b97 9000 | 0000 83c2 | 0289 9790 | 0000 0081 | e2fe ff1f 
  0x00007f26a4af87c4: 0085 d20f | 8442 1400 | 008b 7e10 

  0x00007f26a4af87d0: ; implicit exception: dispatches to 0x00007f26a4af9c30
  0x00007f26a4af87d0: 8b7f 4c48 

  0x00007f26a4af87d4: ;   {metadata(method data for {method} {0x00007f267c8b4378} 'toString' '()Ljava/lang/String;' in 'com/badlogic/gdx/graphics/g2d/BitmapFont')}
  0x00007f26a4af87d4: 85ff 48ba | 284f 2e7d | 267f 0000 | b9d8 0000 | 0074 05b9 | e800 0000 | 4c8b 040a | 4d8d 4001 
  0x00007f26a4af87f4: 4c89 040a | 0f84 1500 

  0x00007f26a4af87fc: ;   {metadata(method data for {method} {0x00007f267c8b4378} 'toString' '()Ljava/lang/String;' in 'com/badlogic/gdx/graphics/g2d/BitmapFont')}
  0x00007f26a4af87fc: 0000 48be | 284f 2e7d | 267f 0000 | ff86 f800 | 0000 e92c | 0000 0048 

  0x00007f26a4af8814: ;   {metadata(method data for {method} {0x00007f267c8b4378} 'toString' '()Ljava/lang/String;' in 'com/badlogic/gdx/graphics/g2d/BitmapFont')}
  0x00007f26a4af8814: 8bde 48ba | 284f 2e7d | 267f 0000 | 4883 8210 | 0100 0001 | 0f1f 8000 

  0x00007f26a4af882c: ;   {optimized virtual_call}
  0x00007f26a4af882c: 0000 00e8 

  0x00007f26a4af8830: ; ImmutableOopMap {[232]=Oop [240]=Oop [264]=Oop [272]=Oop [280]=Oop [312]=Oop }
                      ;*invokespecial toString {reexecute=0 rethrow=0 return_oop=0}
                      ; - com.badlogic.gdx.graphics.g2d.BitmapFont::toString@21 (line 388)
                      ; - com.watabou.noosa.RenderedText::measure@238 (line 113)
  0x00007f26a4af8830: acce 0807 

  0x00007f26a4af8834: ;   {post_call_nop}
  0x00007f26a4af8834: 0f1f 8400 | ac16 000b | 488b f84c | 8b84 2410 | 0100 008b | 8c24 f800 | 0000 6690 

  0x00007f26a4af8850: ;   {other}
  0x00007f26a4af8850: e9ef 1300 | 0090 9090 | 9090 488b | f748 8bd1 | 498b c84c 

  0x00007f26a4af8864: ;   {static_call}
  0x00007f26a4af8864: 8bc3 90e8 

  0x00007f26a4af8868: ; ImmutableOopMap {[232]=Oop [240]=Oop [264]=Oop [280]=Oop [312]=Oop }
                      ;*invokedynamic {reexecute=0 rethrow=0 return_oop=0}
                      ; - com.watabou.noosa.RenderedText::measure@245 (line 113)
  0x00007f26a4af8868: 74d4 0807 

  0x00007f26a4af886c: ;   {post_call_nop}
  0x00007f26a4af886c: 0f1f 8400 | e416 000c 

  0x00007f26a4af8874: ;   {metadata(method data for {method} {0x00007f267c882da8} 'measure' '()V' in 'com/watabou/noosa/RenderedText')}
  0x00007f26a4af8874: 48ba 103b | 2e7d 267f | 0000 488d | 92b8 0400 | 0048 85c0 | 750a f602 | 0175 05f0 | 4883 0a01 
  0x00007f26a4af8894: 488b 9424 | 1801 0000 

  0x00007f26a4af889c: ;   {metadata(method data for {method} {0x00007f267c882da8} 'measure' '()V' in 'com/watabou/noosa/RenderedText')}
  0x00007f26a4af889c: 48be 103b | 2e7d 267f | 0000 4883 | 86c8 0400 | 0001 488b | d048 8bb4 | 2418 0100 | 0066 0f1f 
  0x00007f26a4af88bc: ;   {optimized virtual_call}
  0x00007f26a4af88bc: 4400 00e8 

  0x00007f26a4af88c0: ; ImmutableOopMap {[232]=Oop [240]=Oop [264]=Oop [280]=Oop [312]=Oop }
                      ;*invokespecial <init> {reexecute=0 rethrow=0 return_oop=0}
                      ; - com.watabou.noosa.RenderedText::measure@250 (line 113)
  0x00007f26a4af88c0: 1cce 0807 

  0x00007f26a4af88c4: ;   {post_call_nop}
  0x00007f26a4af88c4: 0f1f 8400 | 3c17 000d 

  0x00007f26a4af88cc: ;   {metadata(method data for {method} {0x00007f267c882da8} 'measure' '()V' in 'com/watabou/noosa/RenderedText')}
  0x00007f26a4af88cc: 48be 103b | 2e7d 267f | 0000 4883 | 86d8 0400 | 0001 488b | b424 1801 

  0x00007f26a4af88e4: ;   {static_call}
  0x00007f26a4af88e4: 0000 90e8 

  0x00007f26a4af88e8: ; ImmutableOopMap {[232]=Oop [240]=Oop [264]=Oop [312]=Oop }
                      ;*invokestatic reportException {reexecute=0 rethrow=0 return_oop=0}
                      ; - com.watabou.noosa.RenderedText::measure@253 (line 113)
  0x00007f26a4af88e8: f4d3 0807 

  0x00007f26a4af88ec: ;   {post_call_nop}
  0x00007f26a4af88ec: 0f1f 8400 | 6417 000e 

  0x00007f26a4af88f4: ;   {metadata(method data for {method} {0x00007f267c882da8} 'measure' '()V' in 'com/watabou/noosa/RenderedText')}
  0x00007f26a4af88f4: 48ba 103b | 2e7d 267f | 0000 4883 | 82e8 0400 

  0x00007f26a4af8904: ;   {metadata(method data for {method} {0x0000000020197a88} 'valueOf' '(C)Ljava/lang/Character;' in 'java/lang/Character')}
  0x00007f26a4af8904: 0001 48ba | 50f9 af7c | 267f 0000 | 8bb2 9000 | 0000 83c6 | 0289 b290 | 0000 0081 | e6fe ff1f 
  0x00007f26a4af8924: 0085 f60f | 8421 1300 | 008b 9c24 | f800 0000 

  0x00007f26a4af8934: ;   {metadata(method data for {method} {0x0000000020197a88} 'valueOf' '(C)Ljava/lang/Character;' in 'java/lang/Character')}
  0x00007f26a4af8934: 83fb 7f48 | ba50 f9af | 7c26 7f00 | 00be d800 | 0000 7f05 | bee8 0000 | 0048 8b3c | 3248 8d7f 
  0x00007f26a4af8954: 0148 893c | 320f 8f23 | 0000 00ba | 8000 0000 

  0x00007f26a4af8964: ;   {oop(a 'java/lang/Character'[128] {0x00000000ffe04560})}
  0x00007f26a4af8964: 48be 6045 | e0ff 0000 | 0000 3bd3 | 0f86 f912 | 0000 4863 | cb8b 548e | 10e9 c700 

  0x00007f26a4af8980: ;   {metadata('java/lang/Character')}
  0x00007f26a4af8980: 0000 48ba | 386a 1920 | 0000 0000 | 498b 87c8 | 0100 0048 | 8d78 1049 | 3bbf d801 | 0000 0f87 
  0x00007f26a4af89a0: d912 0000 | 4989 bfc8 | 0100 0048 | c700 0100 | 0000 488b | ca41 ba00 | 0000 2049 | 2bca 8948 
  0x00007f26a4af89c0: 0848 33c9 | 8948 0c48 | 33c9 488b 

  0x00007f26a4af89cc: ;   {metadata(method data for {method} {0x0000000020197a88} 'valueOf' '(C)Ljava/lang/Character;' in 'java/lang/Character')}
  0x00007f26a4af89cc: d048 be50 | f9af 7c26 | 7f00 0048 | 8386 f800 

  0x00007f26a4af89dc: ;   {metadata(method data for {method} {0x00000000201972f8} '<init>' '(C)V' in 'java/lang/Character')}
  0x00007f26a4af89dc: 0000 0148 | baf8 fdaf | 7c26 7f00 | 008b b290 | 0000 0083 | c602 89b2 | 9000 0000 | 81e6 feff 
  0x00007f26a4af89fc: 1f00 85f6 | 0f84 8412 | 0000 488b 

  0x00007f26a4af8a08: ;   {metadata(method data for {method} {0x00000000201972f8} '<init>' '(C)V' in 'java/lang/Character')}
  0x00007f26a4af8a08: d048 bef8 | fdaf 7c26 | 7f00 0048 | 8386 d800 

  0x00007f26a4af8a18: ;   {metadata(method data for {method} {0x000000002049ea40} '<init>' '()V' in 'java/lang/Object')}
  0x00007f26a4af8a18: 0000 0148 | bac0 7500 | 7c26 7f00 | 008b b290 | 0000 0083 | c602 89b2 | 9000 0000 | 81e6 feff 
  0x00007f26a4af8a38: 1f00 85f6 | 0f84 6912 | 0000 6689 | 580c 488b 

  0x00007f26a4af8a48: ;   {oop(a 'java/util/ArrayList'{0x0000000086da84a0})}
  0x00007f26a4af8a48: d048 bea0 | 84da 8600 | 0000 0048 

  0x00007f26a4af8a54: ;   {metadata(method data for {method} {0x00007f267c882da8} 'measure' '()V' in 'com/watabou/noosa/RenderedText')}
  0x00007f26a4af8a54: 8bfe 48bb | 103b 2e7d | 267f 0000 

  0x00007f26a4af8a60: ;   {metadata('java/util/ArrayList')}
  0x00007f26a4af8a60: 49ba 204c | 2120 0000 | 0000 4c89 | 9300 0500 | 0048 8383 | 0805 0000 

  0x00007f26a4af8a78: ;   {metadata(method data for {method} {0x00000000202188b0} 'add' '(Ljava/lang/Object;)Z' in 'java/util/ArrayList')}
  0x00007f26a4af8a78: 0148 bf50 | 6004 7c26 | 7f00 008b | 9f90 0000 | 0083 c302 | 899f 9000 | 0000 81e3 | feff 1f00 
  0x00007f26a4af8a98: 85db 0f84 | 2c12 0000 | 8b7e 0cff | c789 7e0c | 8b7e 148b 

  0x00007f26a4af8aac: ;   {metadata(method data for {method} {0x00000000202188b0} 'add' '(Ljava/lang/Object;)Z' in 'java/util/ArrayList')}
  0x00007f26a4af8aac: 5e10 48b8 | 5060 047c | 267f 0000 | 4883 80d8 | 0000 0001 

  0x00007f26a4af8ac0: ;   {metadata(method data for {method} {0x00000000202197d0} 'add' '(Ljava/lang/Object;[Ljava/lang/Object;I)V' in 'java/util/ArrayList')}
  0x00007f26a4af8ac0: 48be 2066 | 047c 267f | 0000 8b86 | 9000 0000 | 83c0 0289 | 8690 0000 | 0025 feff | 1f00 85c0 
  0x00007f26a4af8ae0: 0f84 0712 | 0000 8b77 

  0x00007f26a4af8ae8: ;   {metadata(method data for {method} {0x00000000202197d0} 'add' '(Ljava/lang/Object;[Ljava/lang/Object;I)V' in 'java/util/ArrayList')}
  0x00007f26a4af8ae8: 0c3b de48 | be20 6604 | 7c26 7f00 | 00b8 d800 | 0000 7505 | b8e8 0000 | 0048 8b0c | 0648 8d49 
  0x00007f26a4af8b08: 0148 890c | 060f 8593 | 0000 0048 | 8994 2420 

  0x00007f26a4af8b18: ;   {oop(a 'java/util/ArrayList'{0x0000000086da84a0})}
  0x00007f26a4af8b18: 0100 0048 | bea0 84da | 8600 0000 | 0048 8bfe 

  0x00007f26a4af8b28: ;   {metadata(method data for {method} {0x00000000202197d0} 'add' '(Ljava/lang/Object;[Ljava/lang/Object;I)V' in 'java/util/ArrayList')}
  0x00007f26a4af8b28: 48b8 2066 | 047c 267f | 0000 4883 | 80f8 0000 

  0x00007f26a4af8b38: ;   {metadata(method data for {method} {0x0000000020219930} 'grow' '()[Ljava/lang/Object;' in 'java/util/ArrayList')}
  0x00007f26a4af8b38: 0001 48bf | 2870 047c | 267f 0000 | 8b87 9000 | 0000 83c0 | 0289 8790 | 0000 0025 | feff 1f00 
  0x00007f26a4af8b58: 85c0 0f84 | b311 0000 

  0x00007f26a4af8b60: ;   {metadata(method data for {method} {0x0000000020219930} 'grow' '()[Ljava/lang/Object;' in 'java/util/ArrayList')}
  0x00007f26a4af8b60: 488b fe48 | b828 7004 | 7c26 7f00 | 0048 8380 | d800 0000 | 0148 8bfb | ffc7 488b | d789 9c24 
  0x00007f26a4af8b80: 0401 0000 

  0x00007f26a4af8b84: ;   {optimized virtual_call}
  0x00007f26a4af8b84: 6666 90e8 

  0x00007f26a4af8b88: ; ImmutableOopMap {[232]=Oop [240]=Oop [264]=Oop [288]=Oop [312]=Oop }
                      ;*invokevirtual grow {reexecute=0 rethrow=0 return_oop=0}
                      ; - java.util.ArrayList::grow@7 (line 245)
                      ; - java.util.ArrayList::add@7 (line 484)
                      ; - java.util.ArrayList::add@20 (line 497)
                      ; - com.watabou.noosa.RenderedText::measure@264 (line 114)
  0x00007f26a4af8b88: 54cb 0807 

  0x00007f26a4af8b8c: ;   {post_call_nop}
  0x00007f26a4af8b8c: 0f1f 8400 | 041a 000f | 488b f88b | 9c24 0401 | 0000 488b | 9424 2001 | 0000 3b5f | 0c0f 838f 
  0x00007f26a4af8bac: 1100 0048 

  0x00007f26a4af8bb0: ;   {metadata(method data for {method} {0x00000000202197d0} 'add' '(Ljava/lang/Object;[Ljava/lang/Object;I)V' in 'java/util/ArrayList')}
  0x00007f26a4af8bb0: 85d2 48be | 2066 047c | 267f 0000 | 750c 808e | 2101 0000 | 01e9 d100 | 0000 8b4a | 0841 ba00 
  0x00007f26a4af8bd0: 0000 2049 | 03ca 483b | 8e30 0100 | 0075 0d48 | 8386 3801 | 0000 01e9 | 6000 0000 | 483b 8e40 
  0x00007f26a4af8bf0: 0100 0075 | 0d48 8386 | 4801 0000 | 01e9 4a00 | 0000 4883 | be30 0100 | 0000 7517 | 4889 8e30 
  0x00007f26a4af8c10: 0100 0048 | c786 3801 | 0000 0100 | 0000 e929 | 0000 0048 | 83be 4001 | 0000 0075 | 1748 898e 
  0x00007f26a4af8c30: 4001 0000 | 48c7 8648 | 0100 0001 | 0000 00e9 | 0800 0000 | 4883 8628 | 0100 0001 

  0x00007f26a4af8c4c: ; implicit exception: dispatches to 0x00007f26a4af9d4c
  0x00007f26a4af8c4c: 8b4f 0841 | ba00 0000 | 2049 03ca | 8b72 0841 | ba00 0000 | 2049 03f2 | 488b 89e0 | 0000 0048 
  0x00007f26a4af8c6c: 3bf1 0f84 | 2700 0000 | 8b41 1448 | 3b0c 060f | 841a 0000 | 0083 f820 | 0f85 c710 | 0000 5651 
  0x00007f26a4af8c8c: ;   {runtime_call C1 Runtime slow_subtype_check_blob}
  0x00007f26a4af8c8c: e84f aa15 | 075e 5985 | c90f 84b6 | 1000 0048 | 63cb 488d | 4c8f 1041 | 0fbe 7748 | 85f6 0f85 
  0x00007f26a4af8cac: aa10 0000 | 4c8b d244 | 8911 488b | f148 33f2 | 48c1 ee14 | 4883 fe00 | 0f85 aa10 

  0x00007f26a4af8cc8: ;   {oop(a 'java/util/ArrayList'{0x0000000086da84a0})}
  0x00007f26a4af8cc8: 0000 48b9 | a084 da86 | 0000 0000 | ffc3 8959 | 108b 9c24 | fc00 0000 

  0x00007f26a4af8ce0: ;   {metadata(method data for {method} {0x00007f267c882da8} 'measure' '()V' in 'com/watabou/noosa/RenderedText')}
  0x00007f26a4af8ce0: ffc3 48b9 | 103b 2e7d | 267f 0000 | 8b91 9400 | 0000 83c2 | 0289 9194 | 0000 0081 | e2fe 3f00 
  0x00007f26a4af8d00: 0085 d20f | 8483 1000 | 004d 8b57 

  0x00007f26a4af8d0c: ; ImmutableOopMap {[232]=Oop [240]=Oop [264]=Oop [312]=Oop }
                      ;*goto {reexecute=1 rethrow=0 return_oop=0}
                      ; - (reexecute) com.watabou.noosa.RenderedText::measure@271 (line 104)
                      ;   {poll}
  0x00007f26a4af8d0c: 3041 8502 

  0x00007f26a4af8d10: ;   {metadata(method data for {method} {0x00007f267c882da8} 'measure' '()V' in 'com/watabou/noosa/RenderedText')}
  0x00007f26a4af8d10: 48b9 103b | 2e7d 267f | 0000 ff81 | 2805 0000 | 8bbc 2400 | 0100 0048 | 8b84 2408 | 0100 00e9 
  0x00007f26a4af8d30: bcf2 ffff | 8b8e 9800 | 0000 483b | 0148 8bd1 

  0x00007f26a4af8d40: ;   {metadata(method data for {method} {0x00007f267c882da8} 'measure' '()V' in 'com/watabou/noosa/RenderedText')}
  0x00007f26a4af8d40: 48bf 103b | 2e7d 267f 

  0x00007f26a4af8d48: ;   {metadata('com/badlogic/gdx/graphics/g2d/BitmapFont')}
  0x00007f26a4af8d48: 0000 49ba | 00a5 0b21 | 0000 0000 | 4c89 9748 | 0500 0048 | 8387 5005 | 0000 018b | 7910 8b96 
  0x00007f26a4af8d68: a000 0000 

  0x00007f26a4af8d6c: ; implicit exception: dispatches to 0x00007f26a4af9db2
  0x00007f26a4af8d6c: 483b 0248 

  0x00007f26a4af8d70: ;   {metadata(method data for {method} {0x00007f267c882da8} 'measure' '()V' in 'com/watabou/noosa/RenderedText')}
  0x00007f26a4af8d70: 8bca 48bb | 103b 2e7d | 267f 0000 | 8b49 0841 | ba00 0000 | 2049 03ca | 483b 8b78 | 0500 0075 
  0x00007f26a4af8d90: 0d48 8383 | 8005 0000 | 01e9 6000 | 0000 483b | 8b88 0500 | 0075 0d48 | 8383 9005 | 0000 01e9 
  0x00007f26a4af8db0: 4a00 0000 | 4883 bb78 | 0500 0000 | 7517 4889 | 8b78 0500 | 0048 c783 | 8005 0000 | 0100 0000 
  0x00007f26a4af8dd0: e929 0000 | 0048 83bb | 8805 0000 | 0075 1748 | 898b 8805 | 0000 48c7 | 8390 0500 | 0001 0000 
  0x00007f26a4af8df0: 00e9 0800 | 0000 4883 | 8370 0500 

  0x00007f26a4af8dfc: ;   {metadata(method data for {method} {0x0000000020176dc8} 'length' '()I' in 'java/lang/String')}
  0x00007f26a4af8dfc: 0001 48b9 | a0d0 007c | 267f 0000 | 8b99 9000 | 0000 83c3 | 0289 9990 | 0000 0081 | e3fe ff1f 
  0x00007f26a4af8e1c: 0085 db0f | 8492 0f00 | 008b 5a14 

  0x00007f26a4af8e28: ; implicit exception: dispatches to 0x00007f26a4af9dd8
  0x00007f26a4af8e28: 8b43 0c48 

  0x00007f26a4af8e2c: ;   {metadata(method data for {method} {0x0000000020176dc8} 'length' '()I' in 'java/lang/String')}
  0x00007f26a4af8e2c: 8bca 49b8 | a0d0 007c | 267f 0000 | 8b49 0841 | ba00 0000 | 2049 03ca | 493b 88e0 | 0000 0075 
  0x00007f26a4af8e4c: 0d49 8380 | e800 0000 | 01e9 6000 | 0000 493b | 88f0 0000 | 0075 0d49 | 8380 f800 | 0000 01e9 
  0x00007f26a4af8e6c: 4a00 0000 | 4983 b8e0 | 0000 0000 | 7517 4989 | 88e0 0000 | 0049 c780 | e800 0000 | 0100 0000 
  0x00007f26a4af8e8c: e929 0000 | 0049 83b8 | f000 0000 | 0075 1749 | 8988 f000 | 0000 49c7 | 80f8 0000 | 0001 0000 
  0x00007f26a4af8eac: 00e9 0800 | 0000 4983 | 80d8 0000 

  0x00007f26a4af8eb8: ;   {metadata(method data for {method} {0x0000000020499168} 'coder' '()B' in 'java/lang/String')}
  0x00007f26a4af8eb8: 0001 48b9 | e0ce 007c | 267f 0000 | 448b 8190 | 0000 0041 | 83c0 0244 | 8981 9000 | 0000 4181 
  0x00007f26a4af8ed8: e0fe ff1f | 0045 85c0 | 0f84 f70e 

  0x00007f26a4af8ee4: ;   {metadata(method data for {method} {0x0000000020499168} 'coder' '()B' in 'java/lang/String')}
  0x00007f26a4af8ee4: 0000 48b9 | e0ce 007c | 267f 0000 | ff81 e800 | 0000 440f 

  0x00007f26a4af8ef8: ;   {metadata(method data for {method} {0x0000000020499168} 'coder' '()B' in 'java/lang/String')}
  0x00007f26a4af8ef8: be42 1048 | b9e0 ce00 | 7c26 7f00 | 00ff 81f8 | 0000 0049 | 8bc8 c1e1 | 18c1 f918 | 4c8b c841 
  0x00007f26a4af8f18: d3f9 41ff | c948 8bca 

  0x00007f26a4af8f20: ;   {metadata(method data for {method} {0x00007f267c882da8} 'measure' '()V' in 'com/watabou/noosa/RenderedText')}
  0x00007f26a4af8f20: 49bb 103b | 2e7d 267f | 0000 8b49 | 0841 ba00 | 0000 2049 | 03ca 493b | 8ba8 0500 | 0075 0d49 
  0x00007f26a4af8f40: 8383 b005 | 0000 01e9 | 6000 0000 | 493b 8bb8 | 0500 0075 | 0d49 8383 | c005 0000 | 01e9 4a00 
  0x00007f26a4af8f60: 0000 4983 | bba8 0500 | 0000 7517 | 4989 8ba8 | 0500 0049 | c783 b005 | 0000 0100 | 0000 e929 
  0x00007f26a4af8f80: 0000 0049 | 83bb b805 | 0000 0075 | 1749 898b | b805 0000 | 49c7 83c0 | 0500 0001 | 0000 00e9 
  0x00007f26a4af8fa0: 0800 0000 | 4983 83a0 | 0500 0001 

  0x00007f26a4af8fac: ;   {metadata(method data for {method} {0x0000000020176e78} 'charAt' '(I)C' in 'java/lang/String')}
  0x00007f26a4af8fac: 48b9 20ca | 007c 267f | 0000 448b | 9990 0000 | 0041 83c3 | 0244 8999 | 9000 0000 | 4181 e3fe 
  0x00007f26a4af8fcc: ff1f 0045 | 85db 0f84 | 260e 0000 

  0x00007f26a4af8fd8: ;   {metadata(method data for {method} {0x0000000020176e78} 'charAt' '(I)C' in 'java/lang/String')}
  0x00007f26a4af8fd8: 488b ca49 | bb20 ca00 | 7c26 7f00 | 008b 4908 | 41ba 0000 | 0020 4903 | ca49 3b8b | e000 0000 
  0x00007f26a4af8ff8: 750d 4983 | 83e8 0000 | 0001 e960 | 0000 0049 | 3b8b f000 | 0000 750d | 4983 83f8 | 0000 0001 
  0x00007f26a4af9018: e94a 0000 | 0049 83bb | e000 0000 | 0075 1749 | 898b e000 | 0000 49c7 | 83e8 0000 | 0001 0000 
  0x00007f26a4af9038: 00e9 2900 | 0000 4983 | bbf0 0000 | 0000 7517 | 4989 8bf0 | 0000 0049 | c783 f800 | 0000 0100 
  0x00007f26a4af9058: 0000 e908 | 0000 0049 | 8383 d800 

  0x00007f26a4af9064: ;   {metadata(method data for {method} {0x0000000020498508} 'isLatin1' '()Z' in 'java/lang/String')}
  0x00007f26a4af9064: 0000 0148 | b9b8 9700 | 7c26 7f00 | 0044 8b99 | 9000 0000 | 4183 c302 | 4489 9990 | 0000 0041 
  0x00007f26a4af9084: 81e3 feff | 1f00 4585 | db0f 848c 

  0x00007f26a4af9090: ;   {metadata(method data for {method} {0x0000000020498508} 'isLatin1' '()Z' in 'java/lang/String')}
  0x00007f26a4af9090: 0d00 0048 | bab8 9700 | 7c26 7f00 | 00ff 82e8 | 0000 0045 

  0x00007f26a4af90a4: ;   {metadata(method data for {method} {0x0000000020498508} 'isLatin1' '()Z' in 'java/lang/String')}
  0x00007f26a4af90a4: 85c0 48ba | b897 007c | 267f 0000 | b9f8 0000 | 0075 05b9 | 0801 0000 | 4c8b 040a | 4d8d 4001 
  0x00007f26a4af90c4: 4c89 040a | 0f85 1a00 

  0x00007f26a4af90cc: ;   {metadata(method data for {method} {0x0000000020498508} 'isLatin1' '()Z' in 'java/lang/String')}
  0x00007f26a4af90cc: 0000 48ba | b897 007c | 267f 0000 | ff82 1801 | 0000 ba01 | 0000 00e9 | 0500 0000 | ba00 0000 
  0x00007f26a4af90ec: 0083 e201 

  0x00007f26a4af90f0: ;   {metadata(method data for {method} {0x0000000020176e78} 'charAt' '(I)C' in 'java/lang/String')}
  0x00007f26a4af90f0: 85d2 48ba | 20ca 007c | 267f 0000 | b908 0100 | 0074 05b9 | 1801 0000 | 4c8b 040a | 4d8d 4001 
  0x00007f26a4af9110: 4c89 040a | 0f84 d100 

  0x00007f26a4af9118: ;   {metadata(method data for {method} {0x0000000020176e78} 'charAt' '(I)C' in 'java/lang/String')}
  0x00007f26a4af9118: 0000 48ba | 20ca 007c | 267f 0000 | 4883 8228 | 0100 0001 

  0x00007f26a4af912c: ;   {metadata(method data for {method} {0x000000002018d960} 'charAt' '([BI)C' in 'java/lang/StringLatin1')}
  0x00007f26a4af912c: 48ba c0c7 | 007c 267f | 0000 8b8a | 9000 0000 | 83c1 0289 | 8a90 0000 | 0081 e1fe | ff1f 0085 
  0x00007f26a4af914c: c90f 84ed 

  0x00007f26a4af9150: ;   {metadata(method data for {method} {0x000000002018d960} 'charAt' '([BI)C' in 'java/lang/StringLatin1')}
  0x00007f26a4af9150: 0c00 0048 | bac0 c700 | 7c26 7f00 | 0048 8382 | d800 0000 

  0x00007f26a4af9164: ;   {metadata(method data for {method} {0x0000000020499798} 'checkIndex' '(II)V' in 'java/lang/String')}
  0x00007f26a4af9164: 0148 baf0 | c800 7c26 | 7f00 008b | 8a90 0000 | 0083 c102 | 898a 9000 | 0000 81e1 | feff 1f00 
  0x00007f26a4af9184: 85c9 0f84 | d50c 0000 

  0x00007f26a4af918c: ;   {metadata(method data for {method} {0x0000000020499798} 'checkIndex' '(II)V' in 'java/lang/String')}
  0x00007f26a4af918c: 48ba f0c8 | 007c 267f | 0000 4883 | 82d8 0000 

  0x00007f26a4af919c: ;   {oop(a 'jdk/internal/util/Preconditions$4'{0x0000000085fd2670})}
  0x00007f26a4af919c: 0001 48ba | 7026 fd85 | 0000 0000 | ba00 0000 | 0044 3bca | 0f8c cc0c | 0000 443b | c80f 8dd0 
  0x00007f26a4af91bc: 0c00 0049 | 8bd1 413b | c10f 86d1 | 0c00 004d | 63c9 420f | be54 0b10 | 81e2 ff00 | 0000 81e2 
  0x00007f26a4af91dc: ffff 0000 | 81e2 ffff | 0000 e931 

  0x00007f26a4af91e8: ;   {metadata(method data for {method} {0x0000000020176e78} 'charAt' '(I)C' in 'java/lang/String')}
  0x00007f26a4af91e8: 0100 0048 | ba20 ca00 | 7c26 7f00 | 0048 8382 | 3801 0000 

  0x00007f26a4af91fc: ;   {metadata(method data for {method} {0x000000002018f160} 'charAt' '([BI)C' in 'java/lang/StringUTF16')}
  0x00007f26a4af91fc: 0148 ba60 | 000a 7c26 | 7f00 008b | 8a90 0000 | 0083 c102 | 898a 9000 | 0000 81e1 | feff 1f00 
  0x00007f26a4af921c: 85c9 0f84 | 860c 0000 

  0x00007f26a4af9224: ;   {metadata(method data for {method} {0x000000002018f160} 'charAt' '([BI)C' in 'java/lang/StringUTF16')}
  0x00007f26a4af9224: 48ba 6000 | 0a7c 267f | 0000 4883 | 82d8 0000 

  0x00007f26a4af9234: ;   {metadata(method data for {method} {0x000000002018e768} 'checkIndex' '(I[B)V' in 'java/lang/StringUTF16')}
  0x00007f26a4af9234: 0001 48ba | 7006 0a7c | 267f 0000 | 8b8a 9000 | 0000 83c1 | 0289 8a90 | 0000 0081 | e1fe ff1f 
  0x00007f26a4af9254: 0085 c90f | 846e 0c00 

  0x00007f26a4af925c: ;   {metadata(method data for {method} {0x000000002018e768} 'checkIndex' '(I[B)V' in 'java/lang/StringUTF16')}
  0x00007f26a4af925c: 0048 ba70 | 060a 7c26 | 7f00 0048 | 8382 d800 

  0x00007f26a4af926c: ;   {metadata(method data for {method} {0x000000002018e710} 'length' '([B)I' in 'java/lang/StringUTF16')}
  0x00007f26a4af926c: 0000 0148 | bab0 070a | 7c26 7f00 | 008b 8a90 | 0000 0083 | c102 898a | 9000 0000 | 81e1 feff 
  0x00007f26a4af928c: 1f00 85c9 | 0f84 560c 

  0x00007f26a4af9294: ;   {metadata(method data for {method} {0x000000002018e768} 'checkIndex' '(I[B)V' in 'java/lang/StringUTF16')}
  0x00007f26a4af9294: 0000 48ba | 7006 0a7c | 267f 0000 | 4883 82e8 | 0000 0001 

  0x00007f26a4af92a8: ;   {metadata(method data for {method} {0x0000000020499798} 'checkIndex' '(II)V' in 'java/lang/String')}
  0x00007f26a4af92a8: d1f8 48ba | f0c8 007c | 267f 0000 | 8b8a 9000 | 0000 83c1 | 0289 8a90 | 0000 0081 | e1fe ff1f 
  0x00007f26a4af92c8: 0085 c90f | 843c 0c00 

  0x00007f26a4af92d0: ;   {metadata(method data for {method} {0x0000000020499798} 'checkIndex' '(II)V' in 'java/lang/String')}
  0x00007f26a4af92d0: 0048 baf0 | c800 7c26 | 7f00 0048 | 8382 d800 

  0x00007f26a4af92e0: ;   {oop(a 'jdk/internal/util/Preconditions$4'{0x0000000085fd2670})}
  0x00007f26a4af92e0: 0000 0148 | ba70 26fd | 8500 0000 | 00ba 0000 | 0000 443b | ca0f 8c33 | 0c00 0044 | 3bc8 0f8d 
  0x00007f26a4af9300: 370c 0000 | 498b d14d | 63c9 420f | b754 4b10 | 81e2 ffff | 0000 81e2 | ffff 0000 

  0x00007f26a4af931c: ; implicit exception: dispatches to 0x00007f26a4af9f48
  0x00007f26a4af931c: 483b 0748 

  0x00007f26a4af9320: ;   {metadata(method data for {method} {0x00007f267c882da8} 'measure' '()V' in 'com/watabou/noosa/RenderedText')}
  0x00007f26a4af9320: 8bdf 48b8 | 103b 2e7d | 267f 0000 | 8b5b 0841 | ba00 0000 | 2049 03da | 483b 98d8 | 0500 0075 
  0x00007f26a4af9340: 0d48 8380 | e005 0000 | 01e9 6000 | 0000 483b | 98e8 0500 | 0075 0d48 | 8380 f005 | 0000 01e9 
  0x00007f26a4af9360: 4a00 0000 | 4883 b8d8 | 0500 0000 | 7517 4889 | 98d8 0500 | 0048 c780 | e005 0000 | 0100 0000 
  0x00007f26a4af9380: e929 0000 | 0048 83b8 | e805 0000 | 0075 1748 | 8998 e805 | 0000 48c7 | 80f0 0500 | 0001 0000 
  0x00007f26a4af93a0: 00e9 0800 | 0000 4883 | 80d0 0500 | 0001 488b | f70f 1f40 | 0048 b8d8 | f705 6826 

  0x00007f26a4af93bc: ;   {virtual_call}
  0x00007f26a4af93bc: 7f00 00e8 

  0x00007f26a4af93c0: ; ImmutableOopMap {[232]=Oop [240]=Oop [312]=Oop }
                      ;*invokevirtual getGlyph {reexecute=0 rethrow=0 return_oop=0}
                      ; - com.watabou.noosa.RenderedText::measure@297 (line 121)
  0x00007f26a4af93c0: 3e8d 6b07 

  0x00007f26a4af93c4: ;   {post_call_nop}
  0x00007f26a4af93c4: 0f1f 8400 | 3c22 0011 

  0x00007f26a4af93cc: ;   {metadata(method data for {method} {0x00007f267c882da8} 'measure' '()V' in 'com/watabou/noosa/RenderedText')}
  0x00007f26a4af93cc: 4885 c048 | be10 3b2e | 7d26 7f00 | 00bf 0006 | 0000 7405 | bf10 0600 | 0048 8b1c | 3e48 8d5b 
  0x00007f26a4af93ec: 0148 891c | 3e0f 8467 | 0000 008b | 7038 c5fa | 2ac6 8b70 | 18c5 f22a | cec5 f828 

  0x00007f26a4af9408: ;   {section_word}
  0x00007f26a4af9408: d1c5 ea59 | 156f deff | ffc5 f82e | c2be ffff | ffff 0f8a | 1400 0000 | 0f82 0e00 | 0000 be00 
  0x00007f26a4af9428: 0000 000f | 8403 0000 | 0048 ffc6 

  0x00007f26a4af9434: ;   {metadata(method data for {method} {0x00007f267c882da8} 'measure' '()V' in 'com/watabou/noosa/RenderedText')}
  0x00007f26a4af9434: 85f6 48be | 103b 2e7d | 267f 0000 | bf30 0600 | 007f 05bf | 2006 0000 | 488b 1c3e | 488d 5b01 
  0x00007f26a4af9454: 4889 1c3e | 0f8f 1f00 | 0000 488b | 8424 f000 | 0000 488b | b424 e800 | 0000 c5fa | 1040 10c5 
  0x00007f26a4af9474: fa11 463c | e932 0000 | 0048 8b84 | 24f0 0000 | 0048 8bb4 | 24e8 0000 | 00c5 fa10 | 5010 c5ea 
  0x00007f26a4af9494: 5cd1 c5ea | 58d0 c5fa 

  0x00007f26a4af949c: ;   {metadata(method data for {method} {0x00007f267c882da8} 'measure' '()V' in 'com/watabou/noosa/RenderedText')}
  0x00007f26a4af949c: 1156 3c48 | bf10 3b2e | 7d26 7f00 | 00ff 8740 | 0600 008b | bea4 0000 

  0x00007f26a4af94b4: ;   {metadata(method data for {method} {0x00007f267c882da8} 'measure' '()V' in 'com/watabou/noosa/RenderedText')}
  0x00007f26a4af94b4: 0048 bb10 | 3b2e 7d26 | 7f00 0048 | 8383 5806 | 0000 01c5 

  0x00007f26a4af94c8: ;   {section_word}
  0x00007f26a4af94c8: fa2a c7c5 | fa59 05b1 | ddff ff0f 

  0x00007f26a4af94d4: ;   {static_call}
  0x00007f26a4af94d4: 1f40 00e8 

  0x00007f26a4af94d8: ; ImmutableOopMap {[232]=Oop [240]=Oop [312]=Oop }
                      ;*invokestatic round {reexecute=0 rethrow=0 return_oop=0}
                      ; - com.watabou.noosa.RenderedText::measure@362 (line 129)
  0x00007f26a4af94d8: 2461 6907 

  0x00007f26a4af94dc: ;   {post_call_nop}
  0x00007f26a4af94dc: 0f1f 8400 | 5423 0012 | c5fa 2ac0 | 488b b424 | e800 0000 | c5fa 1146 | 4048 8b84 | 24f0 0000 
  0x00007f26a4af94fc: 00c5 fa10 | 4014 c5fa | 1186 a800 | 0000 488d | 8424 3001 | 0000 488b | 7008 418b | 97d0 0700 
  0x00007f26a4af951c: 0049 3b74 | 17f8 0f85 | 2a0a 0000 | 4183 afd0 | 0700 0008 | 493b 7417 | f00f 842a | 0000 0048 
  0x00007f26a4af953c: 8b06 a802 | 0f85 1200 | 0000 488b | d048 83ca | 01f0 480f | b116 0f84 | 0d00 0000 | 4183 87d0 
  0x00007f26a4af955c: 0700 0008 | e9ed 0900 | 0048 81c4 | 5001 0000 

  0x00007f26a4af956c: ;   {poll_return}
  0x00007f26a4af956c: 5d49 3b67 | 280f 87f1 | 0900 00c3 

  0x00007f26a4af9578: ;   {oop(""{0x00000000ffe02ae8})}
  0x00007f26a4af9578: 48b8 e82a | e0ff 0000 | 0000 410f | be47 4885 | c00f 85ef 

  0x00007f26a4af958c: ;   {oop(""{0x00000000ffe02ae8})}
  0x00007f26a4af958c: 0900 0049 | bae8 2ae0 | ff00 0000 | 0044 8996 | 9c00 0000 

  0x00007f26a4af95a0: ;   {oop(""{0x00000000ffe02ae8})}
  0x00007f26a4af95a0: 48b8 e82a | e0ff 0000 | 0000 488b | d648 33d0 | 48c1 ea14 | 4883 fa00 | 0f85 de09 | 0000 410f 
  0x00007f26a4af95c0: be47 4885 | c00f 85e9 

  0x00007f26a4af95c8: ;   {oop(""{0x00000000ffe02ae8})}
  0x00007f26a4af95c8: 0900 0049 | bae8 2ae0 | ff00 0000 | 0044 8996 | a000 0000 

  0x00007f26a4af95dc: ;   {oop(""{0x00000000ffe02ae8})}
  0x00007f26a4af95dc: 48b8 e82a | e0ff 0000 | 0000 488b | d648 33d0 | 48c1 ea14 | 4883 fa00 | 0f85 d809 | 0000 c746 
  0x00007f26a4af95fc: 4000 0000 | 00c7 463c | 0000 0000 | c646 0f00 | 488d 8424 | 3001 0000 | 488b 7008 | 418b 97d0 
  0x00007f26a4af961c: 0700 0049 | 3b74 17f8 | 0f85 c009 | 0000 4183 | afd0 0700 | 0008 493b | 7417 f00f | 842a 0000 
  0x00007f26a4af963c: 0048 8b06 | a802 0f85 | 1200 0000 | 488b d048 | 83ca 01f0 | 480f b116 | 0f84 0d00 | 0000 4183 
  0x00007f26a4af965c: 87d0 0700 | 0008 e983 | 0900 0048 | 81c4 5001 

  0x00007f26a4af966c: ;   {poll_return}
  0x00007f26a4af966c: 0000 5d49 | 3b67 280f | 8787 0900 | 00c3 660f | 1f44 0000 

  0x00007f26a4af9680: ;   {other}
  0x00007f26a4af9680: e9a0 0900 | 0000 0000 | 0000 498b | 87c8 0100 | 0048 8d78 | 2849 3bbf | d801 0000 | 0f87 8d09 
  0x00007f26a4af96a0: 0000 4989 | bfc8 0100 | 0048 c700 | 0100 0000 | 488b ca41 | ba00 0000 | 2049 2bca | 8948 0848 
  0x00007f26a4af96c0: 33c9 8948 | 0c48 33c9 | 4889 4810 | 4889 4818 | 4889 4820 

  0x00007f26a4af96d4: ;   {metadata(method data for {method} {0x00007f267c882da8} 'measure' '()V' in 'com/watabou/noosa/RenderedText')}
  0x00007f26a4af96d4: 488b d048 | be10 3b2e | 7d26 7f00 | 0048 8386 | 6801 0000 

  0x00007f26a4af96e8: ;   {oop("Text measured from the actor thread!"{0x000000008a738ce0})}
  0x00007f26a4af96e8: 0148 bae0 | 8c73 8a00 | 0000 0048 | 8bf0 4889 | 8424 2801 

  0x00007f26a4af96fc: ;   {optimized virtual_call}
  0x00007f26a4af96fc: 0000 90e8 

  0x00007f26a4af9700: ; ImmutableOopMap {[296]=Oop [312]=Oop }
                      ;*invokespecial <init> {reexecute=0 rethrow=0 return_oop=0}
                      ; - com.watabou.noosa.RenderedText::measure@20 (line 84)
  0x00007f26a4af9700: dcbf 0807 

  0x00007f26a4af9704: ;   {post_call_nop}
  0x00007f26a4af9704: 0f1f 8400 | 7c25 0013 | 488b 8424 | 2801 0000 | e940 0900 | 0048 8974 | 2408 4889 

  0x00007f26a4af9720: ;   {runtime_call C1 Runtime monitorenter_blob}
  0x00007f26a4af9720: 1424 e839 

  0x00007f26a4af9724: ; ImmutableOopMap {rsi=Oop [232]=Oop [312]=Oop }
                      ;*synchronization entry
                      ; - com.watabou.noosa.RenderedText::measure@-1 (line 83)
  0x00007f26a4af9724: aa15 07e9 | 1bdc ffff 

  0x00007f26a4af972c: ;   {metadata({method} {0x00007f267c882da8} 'measure' '()V' in 'com/watabou/noosa/RenderedText')}
  0x00007f26a4af972c: 49ba a82d | 887c 267f | 0000 4c89 | 5424 0848 | c704 24ff 

  0x00007f26a4af9740: ;   {runtime_call C1 Runtime counter_overflow_blob}
  0x00007f26a4af9740: ffff ffe8 

  0x00007f26a4af9744: ; ImmutableOopMap {rsi=Oop [232]=Oop [312]=Oop }
                      ;*synchronization entry
                      ; - com.watabou.noosa.RenderedText::measure@-1 (line 83)
  0x00007f26a4af9744: 18d5 1507 | e921 dcff 

  0x00007f26a4af974c: ;   {runtime_call C1 Runtime throw_null_pointer_exception_blob}
  0x00007f26a4af974c: ffe8 8e6c 

  0x00007f26a4af9750: ; ImmutableOopMap {rdx=Oop [232]=Oop [312]=Oop }
                      ;*invokevirtual getName {reexecute=0 rethrow=0 return_oop=0}
                      ; - com.watabou.noosa.RenderedText::measure@3 (line 83)
                      ;   {runtime_call C1 Runtime throw_null_pointer_exception_blob}
  0x00007f26a4af9750: 1507 e889 

  0x00007f26a4af9754: ; ImmutableOopMap {rdi=Oop [232]=Oop [312]=Oop }
                      ;*invokevirtual equals {reexecute=0 rethrow=0 return_oop=0}
                      ; - com.watabou.noosa.RenderedText::measure@8 (line 83)
                      ;   {runtime_call C1 Runtime throw_null_pointer_exception_blob}
  0x00007f26a4af9754: 6c15 07e8 

  0x00007f26a4af9758: ; ImmutableOopMap {rdi=Oop [232]=Oop [312]=Oop }
                      ;*invokevirtual equals {reexecute=0 rethrow=0 return_oop=0}
                      ; - com.watabou.noosa.RenderedText::measure@37 (line 87)
  0x00007f26a4af9758: 846c 1507 | 8b96 a000 | 0000 4883 | fa00 0f84 | e5de ffff | 4889 1424 

  0x00007f26a4af9770: ;   {runtime_call g1_pre_barrier_slow}
  0x00007f26a4af9770: e8eb da15 | 07e9 d7de | ffff 4883 | f800 0f84 | ebde ffff | 4889 3424 

  0x00007f26a4af9788: ;   {runtime_call g1_post_barrier_slow}
  0x00007f26a4af9788: e8d3 dd15 | 07e9 ddde 

  0x00007f26a4af9790: ;   {runtime_call C1 Runtime throw_null_pointer_exception_blob}
  0x00007f26a4af9790: ffff e849 

  0x00007f26a4af9794: ; ImmutableOopMap {rax=Oop rsi=Oop rdi=Oop [232]=Oop [312]=Oop }
                      ;*invokevirtual getFont {reexecute=0 rethrow=0 return_oop=0}
                      ; - com.watabou.noosa.RenderedText::measure@101 (line 99)
  0x00007f26a4af9794: 6c15 078b | 9698 0000 | 0048 83fa | 000f 84aa | dfff ff48 

  0x00007f26a4af97a8: ;   {runtime_call g1_pre_barrier_slow}
  0x00007f26a4af97a8: 8914 24e8 | b0da 1507 | e99c dfff | ff48 83f8 | 000f 84b0 | dfff ff48 

  0x00007f26a4af97c0: ;   {runtime_call g1_post_barrier_slow}
  0x00007f26a4af97c0: 8934 24e8 | 98dd 1507 | e9a2 dfff | ff48 8bd2 

  0x00007f26a4af97d0: ;   {runtime_call C1 Runtime fast_new_instance_blob}
  0x00007f26a4af97d0: e80b 7e15 

  0x00007f26a4af97d4: ; ImmutableOopMap {r8=Oop [232]=Oop [312]=Oop }
                      ;*new {reexecute=0 rethrow=0 return_oop=0}
                      ; - com.watabou.noosa.RenderedText::measure@114 (line 102)
  0x00007f26a4af97d4: 07e9 13e0 

  0x00007f26a4af97d8: ;   {metadata({method} {0x00007f267c8bd618} '<init>' '(Lcom/badlogic/gdx/graphics/g2d/BitmapFont;Ljava/lang/CharSequence;)V' in 'com/badlogic/gdx/graphics/g2d/GlyphLayout')}
  0x00007f26a4af97d8: ffff 49ba | 18d6 8b7c | 267f 0000 | 4c89 5424 | 0848 c704 | 24ff ffff 

  0x00007f26a4af97f0: ;   {runtime_call C1 Runtime counter_overflow_blob}
  0x00007f26a4af97f0: ffe8 6ad4 

  0x00007f26a4af97f4: ; ImmutableOopMap {r8=Oop rax=Oop r9=Oop r11=Oop [232]=Oop [240]=Oop [312]=Oop }
                      ;*synchronization entry
                      ; - com.badlogic.gdx.graphics.g2d.GlyphLayout::<init>@-1 (line 77)
                      ; - com.watabou.noosa.RenderedText::measure@126 (line 102)
  0x00007f26a4af97f4: 1507 e944 

  0x00007f26a4af97f8: ;   {metadata({method} {0x000000002049ea40} '<init>' '()V' in 'java/lang/Object')}
  0x00007f26a4af97f8: e0ff ff49 | ba40 ea49 | 2000 0000 | 004c 8954 | 2408 48c7 | 0424 ffff 

  0x00007f26a4af9810: ;   {runtime_call C1 Runtime counter_overflow_blob}
  0x00007f26a4af9810: ffff e849 

  0x00007f26a4af9814: ; ImmutableOopMap {r8=Oop rax=Oop r9=Oop r11=Oop [232]=Oop [240]=Oop [312]=Oop }
                      ;*synchronization entry
                      ; - java.lang.Object::<init>@-1 (line 44)
                      ; - com.badlogic.gdx.graphics.g2d.GlyphLayout::<init>@1 (line 77)
                      ; - com.watabou.noosa.RenderedText::measure@126 (line 102)
  0x00007f26a4af9814: d415 07e9 | 5fe0 ffff 

  0x00007f26a4af981c: ;   {runtime_call C1 Runtime fast_new_instance_blob}
  0x00007f26a4af981c: 488b d2e8 

  0x00007f26a4af9820: ; ImmutableOopMap {r8=Oop r9=Oop r11=Oop r13=Oop [232]=Oop [240]=Oop [312]=Oop }
                      ;*new {reexecute=0 rethrow=0 return_oop=0}
                      ; - com.badlogic.gdx.graphics.g2d.GlyphLayout::<init>@5 (line 56)
                      ; - com.watabou.noosa.RenderedText::measure@126 (line 102)
  0x00007f26a4af9820: bc7d 1507 | e9a5 e0ff 

  0x00007f26a4af9828: ;   {metadata({method} {0x00007f267c46c170} '<init>' '(I)V' in 'com/badlogic/gdx/utils/Array')}
  0x00007f26a4af9828: ff49 ba70 | c146 7c26 | 7f00 004c | 8954 2408 | 48c7 0424 | ffff ffff 

  0x00007f26a4af9840: ;   {runtime_call C1 Runtime counter_overflow_blob}
  0x00007f26a4af9840: e81b d415 

  0x00007f26a4af9844: ; ImmutableOopMap {r8=Oop r9=Oop r11=Oop r13=Oop r14=Oop [232]=Oop [240]=Oop [312]=Oop }
                      ;*synchronization entry
                      ; - com.badlogic.gdx.utils.Array::<init>@-1 (line 48)
                      ; - com.badlogic.gdx.graphics.g2d.GlyphLayout::<init>@10 (line 56)
                      ; - com.watabou.noosa.RenderedText::measure@126 (line 102)
  0x00007f26a4af9844: 07e9 c3e0 

  0x00007f26a4af9848: ;   {metadata({method} {0x00007f267c46c238} '<init>' '(ZI)V' in 'com/badlogic/gdx/utils/Array')}
  0x00007f26a4af9848: ffff 49ba | 38c2 467c | 267f 0000 | 4c89 5424 | 0848 c704 | 24ff ffff 

  0x00007f26a4af9860: ;   {runtime_call C1 Runtime counter_overflow_blob}
  0x00007f26a4af9860: ffe8 fad3 

  0x00007f26a4af9864: ; ImmutableOopMap {r8=Oop r9=Oop r11=Oop r13=Oop r14=Oop [232]=Oop [240]=Oop [312]=Oop }
                      ;*synchronization entry
                      ; - com.badlogic.gdx.utils.Array::<init>@-1 (line 55)
                      ; - com.badlogic.gdx.utils.Array::<init>@3 (line 48)
                      ; - com.badlogic.gdx.graphics.g2d.GlyphLayout::<init>@10 (line 56)
                      ; - com.watabou.noosa.RenderedText::measure@126 (line 102)
  0x00007f26a4af9864: 1507 e9de 

  0x00007f26a4af9868: ;   {metadata({method} {0x00007f267c471300} 'object' '()Lcom/badlogic/gdx/utils/ArraySupplier;' in 'com/badlogic/gdx/utils/ArraySupplier')}
  0x00007f26a4af9868: e0ff ff49 | ba00 1347 | 7c26 7f00 | 004c 8954 | 2408 48c7 | 0424 ffff 

  0x00007f26a4af9880: ;   {runtime_call C1 Runtime counter_overflow_blob}
  0x00007f26a4af9880: ffff e8d9 

  0x00007f26a4af9884: ; ImmutableOopMap {r8=Oop r9=Oop r11=Oop r13=Oop r14=Oop [232]=Oop [240]=Oop [312]=Oop }
                      ;*synchronization entry
                      ; - com.badlogic.gdx.utils.ArraySupplier::object@-1 (line 14)
                      ; - com.badlogic.gdx.utils.Array::<init>@3 (line 55)
                      ; - com.badlogic.gdx.utils.Array::<init>@3 (line 48)
                      ; - com.badlogic.gdx.graphics.g2d.GlyphLayout::<init>@10 (line 56)
                      ; - com.watabou.noosa.RenderedText::measure@126 (line 102)
  0x00007f26a4af9884: d315 07e9 | f6e0 ffff 

  0x00007f26a4af988c: ;   {metadata({method} {0x00007f267c46c320} '<init>' '(ZILcom/badlogic/gdx/utils/ArraySupplier;)V' in 'com/badlogic/gdx/utils/Array')}
  0x00007f26a4af988c: 49ba 20c3 | 467c 267f | 0000 4c89 | 5424 0848 | c704 24ff 

  0x00007f26a4af98a0: ;   {runtime_call C1 Runtime counter_overflow_blob}
  0x00007f26a4af98a0: ffff ffe8 

  0x00007f26a4af98a4: ; ImmutableOopMap {r8=Oop r9=Oop r11=Oop r13=Oop r14=Oop [232]=Oop [240]=Oop [312]=Oop }
                      ;*synchronization entry
                      ; - com.badlogic.gdx.utils.Array::<init>@-1 (line 62)
                      ; - com.badlogic.gdx.utils.Array::<init>@6 (line 55)
                      ; - com.badlogic.gdx.utils.Array::<init>@3 (line 48)
                      ; - com.badlogic.gdx.graphics.g2d.GlyphLayout::<init>@10 (line 56)
                      ; - com.watabou.noosa.RenderedText::measure@126 (line 102)
  0x00007f26a4af98a4: b8d3 1507 | e911 e1ff 

  0x00007f26a4af98ac: ;   {metadata({method} {0x000000002049ea40} '<init>' '()V' in 'java/lang/Object')}
  0x00007f26a4af98ac: ff49 ba40 | ea49 2000 | 0000 004c | 8954 2408 | 48c7 0424 | ffff ffff 

  0x00007f26a4af98c4: ;   {runtime_call C1 Runtime counter_overflow_blob}
  0x00007f26a4af98c4: e897 d315 

  0x00007f26a4af98c8: ; ImmutableOopMap {r8=Oop r9=Oop r11=Oop r13=Oop r14=Oop [232]=Oop [240]=Oop [312]=Oop }
                      ;*synchronization entry
                      ; - java.lang.Object::<init>@-1 (line 44)
                      ; - com.badlogic.gdx.utils.Array::<init>@1 (line 62)
                      ; - com.badlogic.gdx.utils.Array::<init>@6 (line 55)
                      ; - com.badlogic.gdx.utils.Array::<init>@3 (line 48)
                      ; - com.badlogic.gdx.graphics.g2d.GlyphLayout::<init>@10 (line 56)
                      ; - com.watabou.noosa.RenderedText::measure@126 (line 102)
  0x00007f26a4af98c8: 07e9 2ce1 

  0x00007f26a4af98cc: ;   {metadata({method} {0x00007f267c471898} 'get' '(I)Ljava/lang/Object;' in 'com/badlogic/gdx/utils/ArraySupplier$$Lambda+0x000000002104d5e8')}
  0x00007f26a4af98cc: ffff 49ba | 9818 477c | 267f 0000 | 4c89 5424 | 0848 c704 | 24ff ffff 

  0x00007f26a4af98e4: ;   {runtime_call C1 Runtime counter_overflow_blob}
  0x00007f26a4af98e4: ffe8 76d3 

  0x00007f26a4af98e8: ; ImmutableOopMap {r8=Oop r9=Oop r11=Oop r13=Oop r14=Oop [232]=Oop [240]=Oop [312]=Oop }
                      ;*synchronization entry
                      ; - com.badlogic.gdx.utils.ArraySupplier$$Lambda/0x000000002104d5e8::get@-1
                      ; - com.badlogic.gdx.utils.Array::<init>@12 (line 64)
                      ; - com.badlogic.gdx.utils.Array::<init>@6 (line 55)
                      ; - com.badlogic.gdx.utils.Array::<init>@3 (line 48)
                      ; - com.badlogic.gdx.graphics.g2d.GlyphLayout::<init>@10 (line 56)
                      ; - com.watabou.noosa.RenderedText::measure@126 (line 102)
  0x00007f26a4af98e8: 1507 e953 

  0x00007f26a4af98ec: ;   {metadata({method} {0x00007f267c471440} 'lambda$static$0' '(I)Ljava/lang/Object;' in 'com/badlogic/gdx/utils/ArraySupplier')}
  0x00007f26a4af98ec: e1ff ff49 | ba40 1447 | 7c26 7f00 | 004c 8954 | 2408 48c7 | 0424 ffff 

  0x00007f26a4af9904: ;   {runtime_call C1 Runtime counter_overflow_blob}
  0x00007f26a4af9904: ffff e855 

  0x00007f26a4af9908: ; ImmutableOopMap {r8=Oop r9=Oop r11=Oop r13=Oop r14=Oop [232]=Oop [240]=Oop [312]=Oop }
                      ;*synchronization entry
                      ; - com.badlogic.gdx.utils.ArraySupplier::lambda$static$0@-1 (line 9)
                      ; - com.badlogic.gdx.utils.ArraySupplier$$Lambda/0x000000002104d5e8::get@1
                      ; - com.badlogic.gdx.utils.Array::<init>@12 (line 64)
                      ; - com.badlogic.gdx.utils.Array::<init>@6 (line 55)
                      ; - com.badlogic.gdx.utils.Array::<init>@3 (line 48)
                      ; - com.badlogic.gdx.graphics.g2d.GlyphLayout::<init>@10 (line 56)
                      ; - com.watabou.noosa.RenderedText::measure@126 (line 102)
  0x00007f26a4af9908: d315 07e9 | 6be1 ffff 

  0x00007f26a4af9910: ;   {runtime_call C1 Runtime new_object_array_blob}
  0x00007f26a4af9910: e8cb 8515 

  0x00007f26a4af9914: ; ImmutableOopMap {r8=Oop r9=Oop r11=Oop r13=Oop r14=Oop [232]=Oop [240]=Oop [312]=Oop }
                      ;*anewarray {reexecute=0 rethrow=0 return_oop=0}
                      ; - com.badlogic.gdx.utils.ArraySupplier::lambda$static$0@1 (line 9)
                      ; - com.badlogic.gdx.utils.ArraySupplier$$Lambda/0x000000002104d5e8::get@1
                      ; - com.badlogic.gdx.utils.Array::<init>@12 (line 64)
                      ; - com.badlogic.gdx.utils.Array::<init>@6 (line 55)
                      ; - com.badlogic.gdx.utils.Array::<init>@3 (line 48)
                      ; - com.badlogic.gdx.graphics.g2d.GlyphLayout::<init>@10 (line 56)
                      ; - com.watabou.noosa.RenderedText::measure@126 (line 102)
  0x00007f26a4af9914: 07e9 e9e1 | ffff 418b | 5614 4883 | fa00 0f84 | e8e1 ffff | 4889 1424 

  0x00007f26a4af992c: ;   {runtime_call g1_pre_barrier_slow}
  0x00007f26a4af992c: e82f d915 | 07e9 dae1 | ffff 4883 | f800 0f84 | ebe1 ffff | 4c89 3424 

  0x00007f26a4af9944: ;   {runtime_call g1_post_barrier_slow}
  0x00007f26a4af9944: e817 dc15 | 07e9 dde1 | ffff 418b | 5518 4883 | fa00 0f84 | dce1 ffff | 4889 1424 

  0x00007f26a4af9960: ;   {runtime_call g1_pre_barrier_slow}
  0x00007f26a4af9960: e8fb d815 | 07e9 cee1 | ffff 4983 | fe00 0f84 | dfe1 ffff | 4c89 2c24 

  0x00007f26a4af9978: ;   {runtime_call g1_post_barrier_slow}
  0x00007f26a4af9978: e8e3 db15 | 07e9 d1e1 | ffff 488b 

  0x00007f26a4af9984: ;   {runtime_call C1 Runtime fast_new_instance_blob}
  0x00007f26a4af9984: d2e8 567c 

  0x00007f26a4af9988: ; ImmutableOopMap {r8=Oop r9=Oop r11=Oop r13=Oop [232]=Oop [240]=Oop [312]=Oop }
                      ;*new {reexecute=0 rethrow=0 return_oop=0}
                      ; - com.badlogic.gdx.graphics.g2d.GlyphLayout::<init>@17 (line 65)
                      ; - com.watabou.noosa.RenderedText::measure@126 (line 102)
  0x00007f26a4af9988: 1507 e910 

  0x00007f26a4af998c: ;   {metadata({method} {0x00007f267c5ad2a8} '<init>' '(I)V' in 'com/badlogic/gdx/utils/IntArray')}
  0x00007f26a4af998c: e2ff ff49 | baa8 d25a | 7c26 7f00 | 004c 8954 | 2408 48c7 | 0424 ffff 

  0x00007f26a4af99a4: ;   {runtime_call C1 Runtime counter_overflow_blob}
  0x00007f26a4af99a4: ffff e8b5 

  0x00007f26a4af99a8: ; ImmutableOopMap {r8=Oop r9=Oop r11=Oop r13=Oop r14=Oop [232]=Oop [240]=Oop [312]=Oop }
                      ;*synchronization entry
                      ; - com.badlogic.gdx.utils.IntArray::<init>@-1 (line 38)
                      ; - com.badlogic.gdx.graphics.g2d.GlyphLayout::<init>@22 (line 65)
                      ; - com.watabou.noosa.RenderedText::measure@126 (line 102)
  0x00007f26a4af99a8: d215 07e9 | 2ee2 ffff 

  0x00007f26a4af99b0: ;   {metadata({method} {0x00007f267c5ad378} '<init>' '(ZI)V' in 'com/badlogic/gdx/utils/IntArray')}
  0x00007f26a4af99b0: 49ba 78d3 | 5a7c 267f | 0000 4c89 | 5424 0848 | c704 24ff 

  0x00007f26a4af99c4: ;   {runtime_call C1 Runtime counter_overflow_blob}
  0x00007f26a4af99c4: ffff ffe8 

  0x00007f26a4af99c8: ; ImmutableOopMap {r8=Oop r9=Oop r11=Oop r13=Oop r14=Oop [232]=Oop [240]=Oop [312]=Oop }
                      ;*synchronization entry
                      ; - com.badlogic.gdx.utils.IntArray::<init>@-1 (line 44)
                      ; - com.badlogic.gdx.utils.IntArray::<init>@3 (line 38)
                      ; - com.badlogic.gdx.graphics.g2d.GlyphLayout::<init>@22 (line 65)
                      ; - com.watabou.noosa.RenderedText::measure@126 (line 102)
  0x00007f26a4af99c8: 94d2 1507 | e949 e2ff 

  0x00007f26a4af99d0: ;   {metadata({method} {0x000000002049ea40} '<init>' '()V' in 'java/lang/Object')}
  0x00007f26a4af99d0: ff49 ba40 | ea49 2000 | 0000 004c | 8954 2408 | 48c7 0424 | ffff ffff 

  0x00007f26a4af99e8: ;   {runtime_call C1 Runtime counter_overflow_blob}
  0x00007f26a4af99e8: e873 d215 

  0x00007f26a4af99ec: ; ImmutableOopMap {r8=Oop r9=Oop r11=Oop r13=Oop r14=Oop [232]=Oop [240]=Oop [312]=Oop }
                      ;*synchronization entry
                      ; - java.lang.Object::<init>@-1 (line 44)
                      ; - com.badlogic.gdx.utils.IntArray::<init>@1 (line 44)
                      ; - com.badlogic.gdx.utils.IntArray::<init>@3 (line 38)
                      ; - com.badlogic.gdx.graphics.g2d.GlyphLayout::<init>@22 (line 65)
                      ; - com.watabou.noosa.RenderedText::measure@126 (line 102)
  0x00007f26a4af99ec: 07e9 64e2 

  0x00007f26a4af99f0: ;   {runtime_call C1 Runtime new_type_array_blob}
  0x00007f26a4af99f0: ffff e8e9 

  0x00007f26a4af99f4: ; ImmutableOopMap {r8=Oop r9=Oop r11=Oop r13=Oop r14=Oop [232]=Oop [240]=Oop [312]=Oop }
                      ;*newarray {reexecute=0 rethrow=0 return_oop=0}
                      ; - com.badlogic.gdx.utils.IntArray::<init>@11 (line 46)
                      ; - com.badlogic.gdx.utils.IntArray::<init>@3 (line 38)
                      ; - com.badlogic.gdx.graphics.g2d.GlyphLayout::<init>@22 (line 65)
                      ; - com.watabou.noosa.RenderedText::measure@126 (line 102)
  0x00007f26a4af99f4: 8115 07e9 | e7e2 ffff | 418b 5614 | 4883 fa00 | 0f84 e6e2 | ffff 4889 

  0x00007f26a4af9a0c: ;   {runtime_call g1_pre_barrier_slow}
  0x00007f26a4af9a0c: 1424 e84d | d815 07e9 | d8e2 ffff | 4883 f800 | 0f84 e9e2 | ffff 4c89 

  0x00007f26a4af9a24: ;   {runtime_call g1_post_barrier_slow}
  0x00007f26a4af9a24: 3424 e835 | db15 07e9 | dbe2 ffff | 418b 551c | 4883 fa00 | 0f84 dae2 | ffff 4889 

  0x00007f26a4af9a40: ;   {runtime_call g1_pre_barrier_slow}
  0x00007f26a4af9a40: 1424 e819 | d815 07e9 | cce2 ffff | 4983 fe00 | 0f84 dde2 | ffff 4c89 

  0x00007f26a4af9a58: ;   {runtime_call g1_post_barrier_slow}
  0x00007f26a4af9a58: 2c24 e801 | db15 07e9 | cfe2 ffff 

  0x00007f26a4af9a64: ;   {runtime_call C1 Runtime throw_null_pointer_exception_blob}
  0x00007f26a4af9a64: e877 6915 

  0x00007f26a4af9a68: ; ImmutableOopMap {rsi=Oop rdi=Oop [232]=Oop [240]=Oop [312]=Oop }
                      ;*invokevirtual toCharArray {reexecute=0 rethrow=0 return_oop=0}
                      ; - com.watabou.noosa.RenderedText::measure@134 (line 104)
                      ;   {metadata({method} {0x00000000204972d0} 'toCharArray' '()[C' in 'java/lang/String')}
  0x00007f26a4af9a68: 0749 bad0 | 7249 2000 | 0000 004c | 8954 2408 | 48c7 0424 | ffff ffff 

  0x00007f26a4af9a80: ;   {runtime_call C1 Runtime counter_overflow_blob}
  0x00007f26a4af9a80: e8db d115 

  0x00007f26a4af9a84: ; ImmutableOopMap {rsi=Oop rdi=Oop [232]=Oop [240]=Oop [312]=Oop }
                      ;*synchronization entry
                      ; - java.lang.String::toCharArray@-1 (line 4413)
                      ; - com.watabou.noosa.RenderedText::measure@134 (line 104)
  0x00007f26a4af9a84: 07e9 b0e3 

  0x00007f26a4af9a88: ;   {metadata({method} {0x0000000020498508} 'isLatin1' '()Z' in 'java/lang/String')}
  0x00007f26a4af9a88: ffff 49ba | 0885 4920 | 0000 0000 | 4c89 5424 | 0848 c704 | 24ff ffff 

  0x00007f26a4af9aa0: ;   {runtime_call C1 Runtime counter_overflow_blob}
  0x00007f26a4af9aa0: ffe8 bad1 

  0x00007f26a4af9aa4: ; ImmutableOopMap {rsi=Oop rdi=Oop [232]=Oop [240]=Oop [312]=Oop }
                      ;*synchronization entry
                      ; - java.lang.String::isLatin1@-1 (line 4893)
                      ; - java.lang.String::toCharArray@1 (line 4413)
                      ; - com.watabou.noosa.RenderedText::measure@134 (line 104)
  0x00007f26a4af9aa4: 1507 e944 

  0x00007f26a4af9aa8: ;   {runtime_call C1 Runtime throw_null_pointer_exception_blob}
  0x00007f26a4af9aa8: e4ff ffe8 

  0x00007f26a4af9aac: ; ImmutableOopMap {rax=Oop [232]=Oop [240]=Oop [312]=Oop }
                      ;*arraylength {reexecute=0 rethrow=0 return_oop=0}
                      ; - com.watabou.noosa.RenderedText::measure@139 (line 104)
  0x00007f26a4af9aac: 3069 1507 

  0x00007f26a4af9ab0: ;   {runtime_call C1 Runtime throw_null_pointer_exception_blob}
  0x00007f26a4af9ab0: e82b 6915 

  0x00007f26a4af9ab4: ; ImmutableOopMap {rax=Oop rsi=Oop rdx=Oop [232]=Oop [240]=Oop [312]=Oop }
                      ;*invokevirtual getData {reexecute=0 rethrow=0 return_oop=0}
                      ; - com.watabou.noosa.RenderedText::measure@160 (line 105)
                      ;   {runtime_call C1 Runtime throw_null_pointer_exception_blob}
  0x00007f26a4af9ab4: 07e8 2669 

  0x00007f26a4af9ab8: ; ImmutableOopMap {rax=Oop rsi=Oop r8=Oop [232]=Oop [240]=Oop [312]=Oop }
                      ;*invokevirtual getGlyph {reexecute=0 rethrow=0 return_oop=0}
                      ; - com.watabou.noosa.RenderedText::measure@165 (line 105)
                      ;   {runtime_call C1 Runtime throw_null_pointer_exception_blob}
  0x00007f26a4af9ab8: 1507 e821 

  0x00007f26a4af9abc: ; ImmutableOopMap {[232]=Oop [240]=Oop [264]=Oop [312]=Oop }
                      ;*getfield id {reexecute=1 rethrow=0 return_oop=0}
                      ; - (reexecute) com.watabou.noosa.RenderedText::measure@177 (line 106)
                      ;   {runtime_call C1 Runtime throw_null_pointer_exception_blob}
  0x00007f26a4af9abc: 6915 07e8 

  0x00007f26a4af9ac0: ; ImmutableOopMap {rsi=Oop rdi=Oop [232]=Oop [240]=Oop [264]=Oop [312]=Oop }
                      ;*invokevirtual length {reexecute=0 rethrow=0 return_oop=0}
                      ; - com.watabou.noosa.RenderedText::measure@193 (line 108)
  0x00007f26a4af9ac0: 1c69 1507 

  0x00007f26a4af9ac4: ;   {metadata({method} {0x0000000020176dc8} 'length' '()I' in 'java/lang/String')}
  0x00007f26a4af9ac4: 49ba c86d | 1720 0000 | 0000 4c89 | 5424 0848 | c704 24ff 

  0x00007f26a4af9ad8: ;   {runtime_call C1 Runtime counter_overflow_blob}
  0x00007f26a4af9ad8: ffff ffe8 

  0x00007f26a4af9adc: ; ImmutableOopMap {rsi=Oop rdi=Oop [232]=Oop [240]=Oop [264]=Oop [312]=Oop }
                      ;*synchronization entry
                      ; - java.lang.String::length@-1 (line 1583)
                      ; - com.watabou.noosa.RenderedText::measure@193 (line 108)
  0x00007f26a4af9adc: 80d1 1507 | e963 e7ff 

  0x00007f26a4af9ae4: ;   {runtime_call C1 Runtime throw_null_pointer_exception_blob}
  0x00007f26a4af9ae4: ffe8 f668 

  0x00007f26a4af9ae8: ; ImmutableOopMap {rsi=Oop rdi=Oop [232]=Oop [240]=Oop [264]=Oop [312]=Oop }
                      ;*arraylength {reexecute=0 rethrow=0 return_oop=0}
                      ; - java.lang.String::length@4 (line 1583)
                      ; - com.watabou.noosa.RenderedText::measure@193 (line 108)
                      ;   {metadata({method} {0x0000000020499168} 'coder' '()B' in 'java/lang/String')}
  0x00007f26a4af9ae8: 1507 49ba | 6891 4920 | 0000 0000 | 4c89 5424 | 0848 c704 | 24ff ffff 

  0x00007f26a4af9b00: ;   {runtime_call C1 Runtime counter_overflow_blob}
  0x00007f26a4af9b00: ffe8 5ad1 

  0x00007f26a4af9b04: ; ImmutableOopMap {rsi=Oop rdi=Oop [232]=Oop [240]=Oop [264]=Oop [312]=Oop }
                      ;*synchronization entry
                      ; - java.lang.String::coder@-1 (line 4885)
                      ; - java.lang.String::length@6 (line 1583)
                      ; - com.watabou.noosa.RenderedText::measure@193 (line 108)
  0x00007f26a4af9b04: 1507 e9f9 | e7ff ff48 | ba00 0000 | 0000 0000 | 00b8 000f 

  0x00007f26a4af9b18: ;   {runtime_call C1 Runtime load_appendix_patching_blob}
  0x00007f26a4af9b18: 050a e841 

  0x00007f26a4af9b1c: ; ImmutableOopMap {rax=Oop [232]=Oop [240]=Oop [264]=Oop [312]=Oop }
                      ;*invokedynamic {reexecute=1 rethrow=0 return_oop=0}
                      ; - (reexecute) com.watabou.noosa.RenderedText::measure@209 (line 109)
  0x00007f26a4af9b1c: ca15 07e9 | e4e8 ffff 

  0x00007f26a4af9b24: ;   {metadata({method} {0x0000000020197a88} 'valueOf' '(C)Ljava/lang/Character;' in 'java/lang/Character')}
  0x00007f26a4af9b24: 49ba 887a | 1920 0000 | 0000 4c89 | 5424 0848 | c704 24ff 

  0x00007f26a4af9b38: ;   {runtime_call C1 Runtime counter_overflow_blob}
  0x00007f26a4af9b38: ffff ffe8 

  0x00007f26a4af9b3c: ; ImmutableOopMap {rdi=Oop [232]=Oop [240]=Oop [264]=Oop [312]=Oop }
                      ;*synchronization entry
                      ; - java.lang.Character::valueOf@-1 (line 9283)
                      ; - com.watabou.noosa.RenderedText::measure@221 (line 112)
  0x00007f26a4af9b3c: 20d1 1507 | e942 e9ff | ff48 890c | 2448 8974 

  0x00007f26a4af9b4c: ;   {runtime_call C1 Runtime throw_range_check_failed_blob}
  0x00007f26a4af9b4c: 2408 e88d 

  0x00007f26a4af9b50: ; ImmutableOopMap {rdi=Oop rsi=Oop [232]=Oop [240]=Oop [264]=Oop [312]=Oop }
                      ;*aaload {reexecute=0 rethrow=0 return_oop=0}
                      ; - java.lang.Character::valueOf@10 (line 9284)
                      ; - com.watabou.noosa.RenderedText::measure@221 (line 112)
  0x00007f26a4af9b50: 5f15 0748 

  0x00007f26a4af9b54: ;   {runtime_call C1 Runtime fast_new_instance_blob}
  0x00007f26a4af9b54: 8bd2 e885 

  0x00007f26a4af9b58: ; ImmutableOopMap {[232]=Oop [240]=Oop [264]=Oop [272]=Oop [312]=Oop }
                      ;*new {reexecute=0 rethrow=0 return_oop=0}
                      ; - java.lang.Character::valueOf@12 (line 9286)
                      ; - com.watabou.noosa.RenderedText::measure@221 (line 112)
  0x00007f26a4af9b58: 7a15 07e9 | d0e9 ffff 

  0x00007f26a4af9b60: ;   {metadata({method} {0x00000000201972f8} '<init>' '(C)V' in 'java/lang/Character')}
  0x00007f26a4af9b60: 49ba f872 | 1920 0000 | 0000 4c89 | 5424 0848 | c704 24ff 

  0x00007f26a4af9b74: ;   {runtime_call C1 Runtime counter_overflow_blob}
  0x00007f26a4af9b74: ffff ffe8 

  0x00007f26a4af9b78: ; ImmutableOopMap {rax=Oop [232]=Oop [240]=Oop [264]=Oop [272]=Oop [312]=Oop }
                      ;*synchronization entry
                      ; - java.lang.Character::<init>@-1 (line 9236)
                      ; - java.lang.Character::valueOf@17 (line 9286)
                      ; - com.watabou.noosa.RenderedText::measure@221 (line 112)
  0x00007f26a4af9b78: e4d0 1507 | e9eb e9ff 

  0x00007f26a4af9b80: ;   {metadata({method} {0x000000002049ea40} '<init>' '()V' in 'java/lang/Object')}
  0x00007f26a4af9b80: ff49 ba40 | ea49 2000 | 0000 004c | 8954 2408 | 48c7 0424 | ffff ffff 

  0x00007f26a4af9b98: ;   {runtime_call C1 Runtime counter_overflow_blob}
  0x00007f26a4af9b98: e8c3 d015 

  0x00007f26a4af9b9c: ; ImmutableOopMap {rax=Oop [232]=Oop [240]=Oop [264]=Oop [272]=Oop [312]=Oop }
                      ;*synchronization entry
                      ; - java.lang.Object::<init>@-1 (line 44)
                      ; - java.lang.Character::<init>@1 (line 9236)
                      ; - java.lang.Character::valueOf@17 (line 9286)
                      ; - com.watabou.noosa.RenderedText::measure@221 (line 112)
  0x00007f26a4af9b9c: 07e9 06ea 

  0x00007f26a4af9ba0: ;   {metadata({method} {0x0000000020218a10} 'contains' '(Ljava/lang/Object;)Z' in 'java/util/ArrayList')}
  0x00007f26a4af9ba0: ffff 49ba | 108a 2120 | 0000 0000 | 4c89 5424 | 0848 c704 | 24ff ffff 

  0x00007f26a4af9bb8: ;   {runtime_call C1 Runtime counter_overflow_blob}
  0x00007f26a4af9bb8: ffe8 a2d0 

  0x00007f26a4af9bbc: ; ImmutableOopMap {rdx=Oop rsi=Oop [232]=Oop [240]=Oop [264]=Oop [272]=Oop [312]=Oop }
                      ;*synchronization entry
                      ; - java.util.ArrayList::contains@-1 (line 276)
                      ; - com.watabou.noosa.RenderedText::measure@224 (line 112)
  0x00007f26a4af9bbc: 1507 e945 

  0x00007f26a4af9bc0: ;   {metadata({method} {0x0000000020218d28} 'indexOf' '(Ljava/lang/Object;)I' in 'java/util/ArrayList')}
  0x00007f26a4af9bc0: eaff ff49 | ba28 8d21 | 2000 0000 | 004c 8954 | 2408 48c7 | 0424 ffff 

  0x00007f26a4af9bd8: ;   {runtime_call C1 Runtime counter_overflow_blob}
  0x00007f26a4af9bd8: ffff e881 

  0x00007f26a4af9bdc: ; ImmutableOopMap {rdx=Oop rsi=Oop [232]=Oop [240]=Oop [264]=Oop [272]=Oop [312]=Oop }
                      ;*synchronization entry
                      ; - java.util.ArrayList::indexOf@-1 (line 287)
                      ; - java.util.ArrayList::contains@2 (line 276)
                      ; - com.watabou.noosa.RenderedText::measure@224 (line 112)
  0x00007f26a4af9bdc: d015 07e9 | 73ea ffff 

  0x00007f26a4af9be4: ;   {metadata(nullptr)}
  0x00007f26a4af9be4: 48ba 0000 | 0000 0000 | 0000 b800 

  0x00007f26a4af9bf0: ;   {runtime_call C1 Runtime load_klass_patching_blob}
  0x00007f26a4af9bf0: 0f05 0ae8 

  0x00007f26a4af9bf4: ; ImmutableOopMap {rsi=Oop [232]=Oop [240]=Oop [264]=Oop [272]=Oop [312]=Oop }
                      ;*new {reexecute=1 rethrow=0 return_oop=0}
                      ; - (reexecute) com.watabou.noosa.RenderedText::measure@230 (line 113)
  0x00007f26a4af9bf4: e8bc 1507 | e91b ebff | ff48 8bd2 

  0x00007f26a4af9c00: ;   {runtime_call C1 Runtime fast_new_instance_blob}
  0x00007f26a4af9c00: e8db 7915 

  0x00007f26a4af9c04: ; ImmutableOopMap {rbx=Oop [232]=Oop [240]=Oop [264]=Oop [272]=Oop [312]=Oop }
                      ;*new {reexecute=0 rethrow=0 return_oop=0}
                      ; - com.watabou.noosa.RenderedText::measure@230 (line 113)
  0x00007f26a4af9c04: 07e9 65eb 

  0x00007f26a4af9c08: ;   {runtime_call C1 Runtime throw_null_pointer_exception_blob}
  0x00007f26a4af9c08: ffff e8d1 

  0x00007f26a4af9c0c: ; ImmutableOopMap {rbx=Oop rax=Oop rsi=Oop [232]=Oop [240]=Oop [264]=Oop [272]=Oop [280]=Oop [312]=Oop }
                      ;*invokevirtual toString {reexecute=0 rethrow=0 return_oop=0}
                      ; - com.watabou.noosa.RenderedText::measure@238 (line 113)
                      ;   {metadata({method} {0x00007f267c8b4378} 'toString' '()Ljava/lang/String;' in 'com/badlogic/gdx/graphics/g2d/BitmapFont')}
  0x00007f26a4af9c0c: 6715 0749 | ba78 438b | 7c26 7f00 | 004c 8954 | 2408 48c7 | 0424 ffff 

  0x00007f26a4af9c24: ;   {runtime_call C1 Runtime counter_overflow_blob}
  0x00007f26a4af9c24: ffff e835 

  0x00007f26a4af9c28: ; ImmutableOopMap {rbx=Oop rax=Oop rsi=Oop [232]=Oop [240]=Oop [264]=Oop [272]=Oop [280]=Oop [312]=Oop }
                      ;*synchronization entry
                      ; - com.badlogic.gdx.graphics.g2d.BitmapFont::toString@-1 (line 388)
                      ; - com.watabou.noosa.RenderedText::measure@238 (line 113)
  0x00007f26a4af9c28: d015 07e9 | 9deb ffff 

  0x00007f26a4af9c30: ;   {runtime_call C1 Runtime throw_null_pointer_exception_blob}
  0x00007f26a4af9c30: e8ab 6715 

  0x00007f26a4af9c34: ; ImmutableOopMap {rbx=Oop rax=Oop rsi=Oop [232]=Oop [240]=Oop [264]=Oop [272]=Oop [280]=Oop [312]=Oop }
                      ;*getfield name {reexecute=1 rethrow=0 return_oop=0}
                      ; - (reexecute) com.badlogic.gdx.graphics.g2d.BitmapFont::toString@4 (line 388)
                      ; - com.watabou.noosa.RenderedText::measure@238 (line 113)
  0x00007f26a4af9c34: 0748 bb00 | 0000 0000 | 0000 00b8 | 000f 050a 

  0x00007f26a4af9c44: ;   {runtime_call C1 Runtime load_appendix_patching_blob}
  0x00007f26a4af9c44: e817 c915 

  0x00007f26a4af9c48: ; ImmutableOopMap {rdi=Oop r8=Oop [232]=Oop [240]=Oop [264]=Oop [280]=Oop [312]=Oop }
                      ;*invokedynamic {reexecute=1 rethrow=0 return_oop=0}
                      ; - (reexecute) com.watabou.noosa.RenderedText::measure@245 (line 113)
  0x00007f26a4af9c48: 07e9 02ec 

  0x00007f26a4af9c4c: ;   {metadata({method} {0x0000000020197a88} 'valueOf' '(C)Ljava/lang/Character;' in 'java/lang/Character')}
  0x00007f26a4af9c4c: ffff 49ba | 887a 1920 | 0000 0000 | 4c89 5424 | 0848 c704 | 24ff ffff 

  0x00007f26a4af9c64: ;   {runtime_call C1 Runtime counter_overflow_blob}
  0x00007f26a4af9c64: ffe8 f6cf 

  0x00007f26a4af9c68: ; ImmutableOopMap {[232]=Oop [240]=Oop [264]=Oop [312]=Oop }
                      ;*synchronization entry
                      ; - java.lang.Character::valueOf@-1 (line 9283)
                      ; - com.watabou.noosa.RenderedText::measure@261 (line 114)
  0x00007f26a4af9c68: 1507 e9be | ecff ff48 | 891c 2448 | 8974 2408 

  0x00007f26a4af9c78: ;   {runtime_call C1 Runtime throw_range_check_failed_blob}
  0x00007f26a4af9c78: e863 5e15 

  0x00007f26a4af9c7c: ; ImmutableOopMap {rsi=Oop [232]=Oop [240]=Oop [264]=Oop [312]=Oop }
                      ;*aaload {reexecute=0 rethrow=0 return_oop=0}
                      ; - java.lang.Character::valueOf@10 (line 9284)
                      ; - com.watabou.noosa.RenderedText::measure@261 (line 114)
  0x00007f26a4af9c7c: 0748 8bd2 

  0x00007f26a4af9c80: ;   {runtime_call C1 Runtime fast_new_instance_blob}
  0x00007f26a4af9c80: e85b 7915 

  0x00007f26a4af9c84: ; ImmutableOopMap {[232]=Oop [240]=Oop [264]=Oop [312]=Oop }
                      ;*new {reexecute=0 rethrow=0 return_oop=0}
                      ; - java.lang.Character::valueOf@12 (line 9286)
                      ; - com.watabou.noosa.RenderedText::measure@261 (line 114)
  0x00007f26a4af9c84: 07e9 40ed 

  0x00007f26a4af9c88: ;   {metadata({method} {0x00000000201972f8} '<init>' '(C)V' in 'java/lang/Character')}
  0x00007f26a4af9c88: ffff 49ba | f872 1920 | 0000 0000 | 4c89 5424 | 0848 c704 | 24ff ffff 

  0x00007f26a4af9ca0: ;   {runtime_call C1 Runtime counter_overflow_blob}
  0x00007f26a4af9ca0: ffe8 bacf 

  0x00007f26a4af9ca4: ; ImmutableOopMap {rax=Oop [232]=Oop [240]=Oop [264]=Oop [312]=Oop }
                      ;*synchronization entry
                      ; - java.lang.Character::<init>@-1 (line 9236)
                      ; - java.lang.Character::valueOf@17 (line 9286)
                      ; - com.watabou.noosa.RenderedText::measure@261 (line 114)
  0x00007f26a4af9ca4: 1507 e95b 

  0x00007f26a4af9ca8: ;   {metadata({method} {0x000000002049ea40} '<init>' '()V' in 'java/lang/Object')}
  0x00007f26a4af9ca8: edff ff49 | ba40 ea49 | 2000 0000 | 004c 8954 | 2408 48c7 | 0424 ffff 

  0x00007f26a4af9cc0: ;   {runtime_call C1 Runtime counter_overflow_blob}
  0x00007f26a4af9cc0: ffff e899 

  0x00007f26a4af9cc4: ; ImmutableOopMap {rax=Oop [232]=Oop [240]=Oop [264]=Oop [312]=Oop }
                      ;*synchronization entry
                      ; - java.lang.Object::<init>@-1 (line 44)
                      ; - java.lang.Character::<init>@1 (line 9236)
                      ; - java.lang.Character::valueOf@17 (line 9286)
                      ; - com.watabou.noosa.RenderedText::measure@261 (line 114)
  0x00007f26a4af9cc4: cf15 07e9 | 76ed ffff 

  0x00007f26a4af9ccc: ;   {metadata({method} {0x00000000202188b0} 'add' '(Ljava/lang/Object;)Z' in 'java/util/ArrayList')}
  0x00007f26a4af9ccc: 49ba b088 | 2120 0000 | 0000 4c89 | 5424 0848 | c704 24ff 

  0x00007f26a4af9ce0: ;   {runtime_call C1 Runtime counter_overflow_blob}
  0x00007f26a4af9ce0: ffff ffe8 

  0x00007f26a4af9ce4: ; ImmutableOopMap {rdx=Oop rsi=Oop [232]=Oop [240]=Oop [264]=Oop [312]=Oop }
                      ;*synchronization entry
                      ; - java.util.ArrayList::add@-1 (line 496)
                      ; - com.watabou.noosa.RenderedText::measure@264 (line 114)
  0x00007f26a4af9ce4: 78cf 1507 | e9b3 edff 

  0x00007f26a4af9cec: ;   {metadata({method} {0x00000000202197d0} 'add' '(Ljava/lang/Object;[Ljava/lang/Object;I)V' in 'java/util/ArrayList')}
  0x00007f26a4af9cec: ff49 bad0 | 9721 2000 | 0000 004c | 8954 2408 | 48c7 0424 | ffff ffff 

  0x00007f26a4af9d04: ;   {runtime_call C1 Runtime counter_overflow_blob}
  0x00007f26a4af9d04: e857 cf15 

  0x00007f26a4af9d08: ; ImmutableOopMap {rdx=Oop rdi=Oop [232]=Oop [240]=Oop [264]=Oop [312]=Oop }
                      ;*synchronization entry
                      ; - java.util.ArrayList::add@-1 (line 483)
                      ; - java.util.ArrayList::add@20 (line 497)
                      ; - com.watabou.noosa.RenderedText::measure@264 (line 114)
  0x00007f26a4af9d08: 07e9 d8ed 

  0x00007f26a4af9d0c: ;   {runtime_call C1 Runtime throw_null_pointer_exception_blob}
  0x00007f26a4af9d0c: ffff e8cd 

  0x00007f26a4af9d10: ; ImmutableOopMap {rdx=Oop rdi=Oop [232]=Oop [240]=Oop [264]=Oop [312]=Oop }
                      ;*arraylength {reexecute=0 rethrow=0 return_oop=0}
                      ; - java.util.ArrayList::add@2 (line 483)
                      ; - java.util.ArrayList::add@20 (line 497)
                      ; - com.watabou.noosa.RenderedText::measure@264 (line 114)
                      ;   {metadata({method} {0x0000000020219930} 'grow' '()[Ljava/lang/Object;' in 'java/util/ArrayList')}
  0x00007f26a4af9d10: 6615 0749 | ba30 9921 | 2000 0000 | 004c 8954 | 2408 48c7 | 0424 ffff 

  0x00007f26a4af9d28: ;   {runtime_call C1 Runtime counter_overflow_blob}
  0x00007f26a4af9d28: ffff e831 

  0x00007f26a4af9d2c: ; ImmutableOopMap {rsi=Oop [232]=Oop [240]=Oop [264]=Oop [288]=Oop [312]=Oop }
                      ;*synchronization entry
                      ; - java.util.ArrayList::grow@-1 (line 245)
                      ; - java.util.ArrayList::add@7 (line 484)
                      ; - java.util.ArrayList::add@20 (line 497)
                      ; - com.watabou.noosa.RenderedText::measure@264 (line 114)
  0x00007f26a4af9d2c: cf15 07e9 | 2cee ffff 

  0x00007f26a4af9d34: ;   {runtime_call C1 Runtime throw_null_pointer_exception_blob}
  0x00007f26a4af9d34: e8a7 6615 

  0x00007f26a4af9d38: ; ImmutableOopMap {rdi=Oop rdx=Oop [232]=Oop [240]=Oop [264]=Oop [312]=Oop }
                      ;*aastore {reexecute=1 rethrow=0 return_oop=0}
                      ; - (reexecute) java.util.ArrayList::add@14 (line 485)
                      ; - java.util.ArrayList::add@20 (line 497)
                      ; - com.watabou.noosa.RenderedText::measure@264 (line 114)
                      ;   {runtime_call C1 Runtime throw_null_pointer_exception_blob}
  0x00007f26a4af9d38: 07e8 a266 

  0x00007f26a4af9d3c: ; ImmutableOopMap {rdi=Oop rdx=Oop [232]=Oop [240]=Oop [264]=Oop [312]=Oop }
                      ;*aastore {reexecute=1 rethrow=0 return_oop=0}
                      ; - (reexecute) java.util.ArrayList::add@14 (line 485)
                      ; - java.util.ArrayList::add@20 (line 497)
                      ; - com.watabou.noosa.RenderedText::measure@264 (line 114)
  0x00007f26a4af9d3c: 1507 4889 | 1c24 4889 

  0x00007f26a4af9d44: ;   {runtime_call C1 Runtime throw_range_check_failed_blob}
  0x00007f26a4af9d44: 7c24 08e8 

  0x00007f26a4af9d48: ; ImmutableOopMap {rdi=Oop rdx=Oop [232]=Oop [240]=Oop [264]=Oop [312]=Oop }
                      ;*aastore {reexecute=1 rethrow=0 return_oop=0}
                      ; - (reexecute) java.util.ArrayList::add@14 (line 485)
                      ; - java.util.ArrayList::add@20 (line 497)
                      ; - com.watabou.noosa.RenderedText::measure@264 (line 114)
  0x00007f26a4af9d48: 945d 1507 

  0x00007f26a4af9d4c: ;   {runtime_call C1 Runtime throw_null_pointer_exception_blob}
  0x00007f26a4af9d4c: e88f 6615 

  0x00007f26a4af9d50: ; ImmutableOopMap {rdi=Oop rdx=Oop [232]=Oop [240]=Oop [264]=Oop [312]=Oop }
                      ;*aastore {reexecute=1 rethrow=0 return_oop=0}
                      ; - (reexecute) java.util.ArrayList::add@14 (line 485)
                      ; - java.util.ArrayList::add@20 (line 497)
                      ; - com.watabou.noosa.RenderedText::measure@264 (line 114)
  0x00007f26a4af9d50: 0748 8914 

  0x00007f26a4af9d54: ;   {runtime_call C1 Runtime throw_array_store_exception_blob}
  0x00007f26a4af9d54: 24e8 8690 

  0x00007f26a4af9d58: ; ImmutableOopMap {rdi=Oop rdx=Oop [232]=Oop [240]=Oop [264]=Oop [312]=Oop }
                      ;*aastore {reexecute=1 rethrow=0 return_oop=0}
                      ; - (reexecute) java.util.ArrayList::add@14 (line 485)
                      ; - java.util.ArrayList::add@20 (line 497)
                      ; - com.watabou.noosa.RenderedText::measure@264 (line 114)
  0x00007f26a4af9d58: 1507 8b31 | 4883 fe00 | 0f84 4aef | ffff 4889 

  0x00007f26a4af9d68: ;   {runtime_call g1_pre_barrier_slow}
  0x00007f26a4af9d68: 3424 e8f1 | d415 07e9 | 3cef ffff | 4883 fa00 | 0f84 4cef | ffff 4889 

  0x00007f26a4af9d80: ;   {runtime_call g1_post_barrier_slow}
  0x00007f26a4af9d80: 0c24 e8d9 | d715 07e9 | 3eef ffff 

  0x00007f26a4af9d8c: ;   {metadata({method} {0x00007f267c882da8} 'measure' '()V' in 'com/watabou/noosa/RenderedText')}
  0x00007f26a4af9d8c: 49ba a82d | 887c 267f | 0000 4c89 | 5424 0848 | c704 240f 

  0x00007f26a4af9da0: ;   {runtime_call C1 Runtime counter_overflow_blob}
  0x00007f26a4af9da0: 0100 00e8 

  0x00007f26a4af9da4: ; ImmutableOopMap {[232]=Oop [240]=Oop [264]=Oop [312]=Oop }
                      ;*goto {reexecute=1 rethrow=0 return_oop=0}
                      ; - (reexecute) com.watabou.noosa.RenderedText::measure@271 (line 104)
  0x00007f26a4af9da4: b8ce 1507 | e95c efff 

  0x00007f26a4af9dac: ;   {runtime_call C1 Runtime throw_null_pointer_exception_blob}
  0x00007f26a4af9dac: ffe8 2e66 

  0x00007f26a4af9db0: ; ImmutableOopMap {rsi=Oop rcx=Oop [232]=Oop [240]=Oop [312]=Oop }
                      ;*invokevirtual getData {reexecute=0 rethrow=0 return_oop=0}
                      ; - com.watabou.noosa.RenderedText::measure@278 (line 121)
                      ;   {runtime_call C1 Runtime throw_null_pointer_exception_blob}
  0x00007f26a4af9db0: 1507 e829 

  0x00007f26a4af9db4: ; ImmutableOopMap {rsi=Oop rdi=Oop rdx=Oop [232]=Oop [240]=Oop [312]=Oop }
                      ;*invokevirtual length {reexecute=0 rethrow=0 return_oop=0}
                      ; - com.watabou.noosa.RenderedText::measure@289 (line 121)
                      ;   {metadata({method} {0x0000000020176dc8} 'length' '()I' in 'java/lang/String')}
  0x00007f26a4af9db4: 6615 0749 | bac8 6d17 | 2000 0000 | 004c 8954 | 2408 48c7 | 0424 ffff 

  0x00007f26a4af9dcc: ;   {runtime_call C1 Runtime counter_overflow_blob}
  0x00007f26a4af9dcc: ffff e88d 

  0x00007f26a4af9dd0: ; ImmutableOopMap {rsi=Oop rdi=Oop rdx=Oop [232]=Oop [240]=Oop [312]=Oop }
                      ;*synchronization entry
                      ; - java.lang.String::length@-1 (line 1583)
                      ; - com.watabou.noosa.RenderedText::measure@289 (line 121)
  0x00007f26a4af9dd0: ce15 07e9 | 4df0 ffff 

  0x00007f26a4af9dd8: ;   {runtime_call C1 Runtime throw_null_pointer_exception_blob}
  0x00007f26a4af9dd8: e803 6615 

  0x00007f26a4af9ddc: ; ImmutableOopMap {rsi=Oop rdi=Oop rdx=Oop rbx=Oop [232]=Oop [240]=Oop [312]=Oop }
                      ;*arraylength {reexecute=0 rethrow=0 return_oop=0}
                      ; - java.lang.String::length@4 (line 1583)
                      ; - com.watabou.noosa.RenderedText::measure@289 (line 121)
                      ;   {metadata({method} {0x0000000020499168} 'coder' '()B' in 'java/lang/String')}
  0x00007f26a4af9ddc: 0749 ba68 | 9149 2000 | 0000 004c | 8954 2408 | 48c7 0424 | ffff ffff 

  0x00007f26a4af9df4: ;   {runtime_call C1 Runtime counter_overflow_blob}
  0x00007f26a4af9df4: e867 ce15 

  0x00007f26a4af9df8: ; ImmutableOopMap {rsi=Oop rdi=Oop rdx=Oop rbx=Oop [232]=Oop [240]=Oop [312]=Oop }
                      ;*synchronization entry
                      ; - java.lang.String::coder@-1 (line 4885)
                      ; - java.lang.String::length@6 (line 1583)
                      ; - com.watabou.noosa.RenderedText::measure@289 (line 121)
  0x00007f26a4af9df8: 07e9 e8f0 

  0x00007f26a4af9dfc: ;   {metadata({method} {0x0000000020176e78} 'charAt' '(I)C' in 'java/lang/String')}
  0x00007f26a4af9dfc: ffff 49ba | 786e 1720 | 0000 0000 | 4c89 5424 | 0848 c704 | 24ff ffff 

  0x00007f26a4af9e14: ;   {runtime_call C1 Runtime counter_overflow_blob}
  0x00007f26a4af9e14: ffe8 46ce 

  0x00007f26a4af9e18: ; ImmutableOopMap {rsi=Oop rdi=Oop rdx=Oop rbx=Oop [232]=Oop [240]=Oop [312]=Oop }
                      ;*synchronization entry
                      ; - java.lang.String::charAt@-1 (line 1623)
                      ; - com.watabou.noosa.RenderedText::measure@294 (line 121)
  0x00007f26a4af9e18: 1507 e9b9 

  0x00007f26a4af9e1c: ;   {metadata({method} {0x0000000020498508} 'isLatin1' '()Z' in 'java/lang/String')}
  0x00007f26a4af9e1c: f1ff ff49 | ba08 8549 | 2000 0000 | 004c 8954 | 2408 48c7 | 0424 ffff 

  0x00007f26a4af9e34: ;   {runtime_call C1 Runtime counter_overflow_blob}
  0x00007f26a4af9e34: ffff e825 

  0x00007f26a4af9e38: ; ImmutableOopMap {rsi=Oop rdi=Oop rdx=Oop rbx=Oop [232]=Oop [240]=Oop [312]=Oop }
                      ;*synchronization entry
                      ; - java.lang.String::isLatin1@-1 (line 4893)
                      ; - java.lang.String::charAt@1 (line 1623)
                      ; - com.watabou.noosa.RenderedText::measure@294 (line 121)
  0x00007f26a4af9e38: ce15 07e9 | 53f2 ffff 

  0x00007f26a4af9e40: ;   {metadata({method} {0x000000002018d960} 'charAt' '([BI)C' in 'java/lang/StringLatin1')}
  0x00007f26a4af9e40: 49ba 60d9 | 1820 0000 | 0000 4c89 | 5424 0848 | c704 24ff 

  0x00007f26a4af9e54: ;   {runtime_call C1 Runtime counter_overflow_blob}
  0x00007f26a4af9e54: ffff ffe8 

  0x00007f26a4af9e58: ; ImmutableOopMap {rsi=Oop rdi=Oop rbx=Oop [232]=Oop [240]=Oop [312]=Oop }
                      ;*synchronization entry
                      ; - java.lang.StringLatin1::charAt@-1 (line 45)
                      ; - java.lang.String::charAt@12 (line 1624)
                      ; - com.watabou.noosa.RenderedText::measure@294 (line 121)
  0x00007f26a4af9e58: 04ce 1507 | e9f2 f2ff 

  0x00007f26a4af9e60: ;   {metadata({method} {0x0000000020499798} 'checkIndex' '(II)V' in 'java/lang/String')}
  0x00007f26a4af9e60: ff49 ba98 | 9749 2000 | 0000 004c | 8954 2408 | 48c7 0424 | ffff ffff 

  0x00007f26a4af9e78: ;   {runtime_call C1 Runtime counter_overflow_blob}
  0x00007f26a4af9e78: e8e3 cd15 

  0x00007f26a4af9e7c: ; ImmutableOopMap {rsi=Oop rdi=Oop rbx=Oop [232]=Oop [240]=Oop [312]=Oop }
                      ;*synchronization entry
                      ; - java.lang.String::checkIndex@-1 (line 4904)
                      ; - java.lang.StringLatin1::charAt@3 (line 45)
                      ; - java.lang.String::charAt@12 (line 1624)
                      ; - com.watabou.noosa.RenderedText::measure@294 (line 121)
  0x00007f26a4af9e7c: 07e9 0af3 | ffff 48c7 | 0424 e4ff 

  0x00007f26a4af9e88: ;   {runtime_call C1 Runtime deoptimize_blob}
  0x00007f26a4af9e88: ffff e851 

  0x00007f26a4af9e8c: ; ImmutableOopMap {rsi=Oop rdi=Oop rbx=Oop [232]=Oop [240]=Oop [312]=Oop }
                      ;*invokestatic checkIndex {reexecute=0 rethrow=0 return_oop=0}
                      ; - java.lang.String::checkIndex@5 (line 4904)
                      ; - java.lang.StringLatin1::charAt@3 (line 45)
                      ; - java.lang.String::charAt@12 (line 1624)
                      ; - com.watabou.noosa.RenderedText::measure@294 (line 121)
  0x00007f26a4af9e8c: b315 0748 | c704 24e4 

  0x00007f26a4af9e94: ;   {runtime_call C1 Runtime deoptimize_blob}
  0x00007f26a4af9e94: ffff ffe8 

  0x00007f26a4af9e98: ; ImmutableOopMap {rsi=Oop rdi=Oop rbx=Oop [232]=Oop [240]=Oop [312]=Oop }
                      ;*invokestatic checkIndex {reexecute=0 rethrow=0 return_oop=0}
                      ; - java.lang.String::checkIndex@5 (line 4904)
                      ; - java.lang.StringLatin1::charAt@3 (line 45)
                      ; - java.lang.String::charAt@12 (line 1624)
                      ; - com.watabou.noosa.RenderedText::measure@294 (line 121)
  0x00007f26a4af9e98: 44b3 1507 | 4c89 0c24 | 4889 5c24 

  0x00007f26a4af9ea4: ;   {runtime_call C1 Runtime throw_range_check_failed_blob}
  0x00007f26a4af9ea4: 08e8 365c 

  0x00007f26a4af9ea8: ; ImmutableOopMap {rsi=Oop rdi=Oop rbx=Oop [232]=Oop [240]=Oop [312]=Oop }
                      ;*baload {reexecute=0 rethrow=0 return_oop=0}
                      ; - java.lang.StringLatin1::charAt@8 (line 46)
                      ; - java.lang.String::charAt@12 (line 1624)
                      ; - com.watabou.noosa.RenderedText::measure@294 (line 121)
                      ;   {metadata({method} {0x000000002018f160} 'charAt' '([BI)C' in 'java/lang/StringUTF16')}
  0x00007f26a4af9ea8: 1507 49ba | 60f1 1820 | 0000 0000 | 4c89 5424 | 0848 c704 | 24ff ffff 

  0x00007f26a4af9ec0: ;   {runtime_call C1 Runtime counter_overflow_blob}
  0x00007f26a4af9ec0: ffe8 9acd 

  0x00007f26a4af9ec4: ; ImmutableOopMap {rsi=Oop rdi=Oop rbx=Oop [232]=Oop [240]=Oop [312]=Oop }
                      ;*synchronization entry
                      ; - java.lang.StringUTF16::charAt@-1 (line 1551)
                      ; - java.lang.String::charAt@21 (line 1626)
                      ; - com.watabou.noosa.RenderedText::measure@294 (line 121)
  0x00007f26a4af9ec4: 1507 e959 

  0x00007f26a4af9ec8: ;   {metadata({method} {0x000000002018e768} 'checkIndex' '(I[B)V' in 'java/lang/StringUTF16')}
  0x00007f26a4af9ec8: f3ff ff49 | ba68 e718 | 2000 0000 | 004c 8954 | 2408 48c7 | 0424 ffff 

  0x00007f26a4af9ee0: ;   {runtime_call C1 Runtime counter_overflow_blob}
  0x00007f26a4af9ee0: ffff e879 

  0x00007f26a4af9ee4: ; ImmutableOopMap {rsi=Oop rdi=Oop rbx=Oop [232]=Oop [240]=Oop [312]=Oop }
                      ;*synchronization entry
                      ; - java.lang.StringUTF16::checkIndex@-1 (line 1650)
                      ; - java.lang.StringUTF16::charAt@2 (line 1551)
                      ; - java.lang.String::charAt@21 (line 1626)
                      ; - com.watabou.noosa.RenderedText::measure@294 (line 121)
  0x00007f26a4af9ee4: cd15 07e9 | 71f3 ffff 

  0x00007f26a4af9eec: ;   {metadata({method} {0x000000002018e710} 'length' '([B)I' in 'java/lang/StringUTF16')}
  0x00007f26a4af9eec: 49ba 10e7 | 1820 0000 | 0000 4c89 | 5424 0848 | c704 24ff 

  0x00007f26a4af9f00: ;   {runtime_call C1 Runtime counter_overflow_blob}
  0x00007f26a4af9f00: ffff ffe8 

  0x00007f26a4af9f04: ; ImmutableOopMap {rsi=Oop rdi=Oop rbx=Oop [232]=Oop [240]=Oop [312]=Oop }
                      ;*synchronization entry
                      ; - java.lang.StringUTF16::length@-1 (line 83)
                      ; - java.lang.StringUTF16::checkIndex@2 (line 1650)
                      ; - java.lang.StringUTF16::charAt@2 (line 1551)
                      ; - java.lang.String::charAt@21 (line 1626)
                      ; - com.watabou.noosa.RenderedText::measure@294 (line 121)
  0x00007f26a4af9f04: 58cd 1507 | e989 f3ff 

  0x00007f26a4af9f0c: ;   {metadata({method} {0x0000000020499798} 'checkIndex' '(II)V' in 'java/lang/String')}
  0x00007f26a4af9f0c: ff49 ba98 | 9749 2000 | 0000 004c | 8954 2408 | 48c7 0424 | ffff ffff 

  0x00007f26a4af9f24: ;   {runtime_call C1 Runtime counter_overflow_blob}
  0x00007f26a4af9f24: e837 cd15 

  0x00007f26a4af9f28: ; ImmutableOopMap {rsi=Oop rdi=Oop rbx=Oop [232]=Oop [240]=Oop [312]=Oop }
                      ;*synchronization entry
                      ; - java.lang.String::checkIndex@-1 (line 4904)
                      ; - java.lang.StringUTF16::checkIndex@5 (line 1650)
                      ; - java.lang.StringUTF16::charAt@2 (line 1551)
                      ; - java.lang.String::charAt@21 (line 1626)
                      ; - com.watabou.noosa.RenderedText::measure@294 (line 121)
  0x00007f26a4af9f28: 07e9 a3f3 | ffff 48c7 | 0424 e4ff 

  0x00007f26a4af9f34: ;   {runtime_call C1 Runtime deoptimize_blob}
  0x00007f26a4af9f34: ffff e8a5 

  0x00007f26a4af9f38: ; ImmutableOopMap {rsi=Oop rdi=Oop rbx=Oop [232]=Oop [240]=Oop [312]=Oop }
                      ;*invokestatic checkIndex {reexecute=0 rethrow=0 return_oop=0}
                      ; - java.lang.String::checkIndex@5 (line 4904)
                      ; - java.lang.StringUTF16::checkIndex@5 (line 1650)
                      ; - java.lang.StringUTF16::charAt@2 (line 1551)
                      ; - java.lang.String::charAt@21 (line 1626)
                      ; - com.watabou.noosa.RenderedText::measure@294 (line 121)
  0x00007f26a4af9f38: b215 0748 | c704 24e4 

  0x00007f26a4af9f40: ;   {runtime_call C1 Runtime deoptimize_blob}
  0x00007f26a4af9f40: ffff ffe8 

  0x00007f26a4af9f44: ; ImmutableOopMap {rsi=Oop rdi=Oop rbx=Oop [232]=Oop [240]=Oop [312]=Oop }
                      ;*invokestatic checkIndex {reexecute=0 rethrow=0 return_oop=0}
                      ; - java.lang.String::checkIndex@5 (line 4904)
                      ; - java.lang.StringUTF16::checkIndex@5 (line 1650)
                      ; - java.lang.StringUTF16::charAt@2 (line 1551)
                      ; - java.lang.String::charAt@21 (line 1626)
                      ; - com.watabou.noosa.RenderedText::measure@294 (line 121)
  0x00007f26a4af9f44: 98b2 1507 

  0x00007f26a4af9f48: ;   {runtime_call C1 Runtime throw_null_pointer_exception_blob}
  0x00007f26a4af9f48: e893 6415 

  0x00007f26a4af9f4c: ; ImmutableOopMap {rdi=Oop [232]=Oop [240]=Oop [312]=Oop }
                      ;*invokevirtual getGlyph {reexecute=0 rethrow=0 return_oop=0}
                      ; - com.watabou.noosa.RenderedText::measure@297 (line 121)
                      ;   {runtime_call C1 Runtime throw_null_pointer_exception_blob}
  0x00007f26a4af9f4c: 07e8 8e64 

  0x00007f26a4af9f50: ; ImmutableOopMap {rax=Oop [232]=Oop [240]=Oop [312]=Oop }
                      ;*getfield xadvance {reexecute=1 rethrow=0 return_oop=0}
                      ; - (reexecute) com.watabou.noosa.RenderedText::measure@306 (line 122)
  0x00007f26a4af9f50: 1507 488d | 8424 3001 | 0000 4889 

  0x00007f26a4af9f5c: ;   {runtime_call C1 Runtime monitorexit_blob}
  0x00007f26a4af9f5c: 0424 e87d | ac15 07e9 | fdf5 ffff 

  0x00007f26a4af9f68: ;   {internal_word}
  0x00007f26a4af9f68: 49ba 6d95 | afa4 267f | 0000 4d89 | 9738 0500 

  0x00007f26a4af9f78: ;   {runtime_call SafepointBlob}
  0x00007f26a4af9f78: 00e9 e2d8 | 0807 8b86 | 9c00 0000 | 4883 f800 | 0f84 01f6 | ffff 4889 

  0x00007f26a4af9f90: ;   {runtime_call g1_pre_barrier_slow}
  0x00007f26a4af9f90: 0424 e8c9 | d215 07e9 | f3f5 ffff | 4883 f800 | 0f84 18f6 | ffff 4889 

  0x00007f26a4af9fa8: ;   {runtime_call g1_post_barrier_slow}
  0x00007f26a4af9fa8: 3424 e8b1 | d515 07e9 | 0af6 ffff | 8b86 a000 | 0000 4883 | f800 0f84 | 07f6 ffff | 4889 0424 
  0x00007f26a4af9fc8: ;   {runtime_call g1_pre_barrier_slow}
  0x00007f26a4af9fc8: e893 d215 | 07e9 f9f5 | ffff 4883 | f800 0f84 | 1ef6 ffff | 4889 3424 

  0x00007f26a4af9fe0: ;   {runtime_call g1_post_barrier_slow}
  0x00007f26a4af9fe0: e87b d515 | 07e9 10f6 | ffff 488d | 8424 3001 | 0000 4889 

  0x00007f26a4af9ff4: ;   {runtime_call C1 Runtime monitorexit_blob}
  0x00007f26a4af9ff4: 0424 e8e5 | ab15 07e9 | 67f6 ffff 

  0x00007f26a4afa000: ;   {internal_word}
  0x00007f26a4afa000: 49ba 6f96 | afa4 267f | 0000 4d89 | 9738 0500 

  0x00007f26a4afa010: ;   {runtime_call SafepointBlob}
  0x00007f26a4afa010: 00e9 4ad8 

  0x00007f26a4afa014: ;   {metadata(nullptr)}
  0x00007f26a4afa014: 0807 48ba | 0000 0000 | 0000 0000 | b800 0f05 

  0x00007f26a4afa024: ;   {runtime_call C1 Runtime load_klass_patching_blob}
  0x00007f26a4afa024: 0ae8 b6b8 

  0x00007f26a4afa028: ; ImmutableOopMap {[312]=Oop }
                      ;*new {reexecute=1 rethrow=0 return_oop=0}
                      ; - (reexecute) com.watabou.noosa.RenderedText::measure@14 (line 84)
  0x00007f26a4afa028: 1507 e951 | f6ff ff48 

  0x00007f26a4afa030: ;   {runtime_call C1 Runtime fast_new_instance_blob}
  0x00007f26a4afa030: 8bd2 e8a9 

  0x00007f26a4afa034: ; ImmutableOopMap {[312]=Oop }
                      ;*new {reexecute=0 rethrow=0 return_oop=0}
                      ; - com.watabou.noosa.RenderedText::measure@14 (line 84)
  0x00007f26a4afa034: 7515 07e9 | 98f6 ffff | 498b 87e0 | 0500 0049 | c787 e005 | 0000 0000 | 0000 49c7 | 87e8 0500 
  0x00007f26a4afa054: 0000 0000 | 0048 8bd8 | 488d 8424 | 3001 0000 | 488b 7008 | 418b bfd0 | 0700 0049 | 3b74 3ff8 
  0x00007f26a4afa074: 0f85 4d00 | 0000 4183 | afd0 0700 | 0008 493b | 743f f00f | 842a 0000 | 0048 8b06 | a802 0f85 
  0x00007f26a4afa094: 1200 0000 | 488b f848 | 83cf 01f0 | 480f b13e | 0f84 0d00 | 0000 4183 | 87d0 0700 | 0008 e910 
  0x00007f26a4afa0b4: 0000 0048 | 8bc3 4881 | c450 0100 

  0x00007f26a4afa0c0: ;   {runtime_call C1 Runtime unwind_exception_blob}
  0x00007f26a4afa0c0: 005d e919 | 5415 0748 | 8d84 2430 | 0100 0048 

  0x00007f26a4afa0d0: ;   {runtime_call C1 Runtime monitorexit_blob}
  0x00007f26a4afa0d0: 8904 24e8 | 08ab 1507 | ebdd f4f4 | f4f4 f4f4 
[Stub Code]
  0x00007f26a4afa0e0: ;   {other}
  0x00007f26a4afa0e0: 0f1f 4400 

  0x00007f26a4afa0e4: ;   {static_stub}
  0x00007f26a4afa0e4: 0048 bb40 | ac40 7c26 

  0x00007f26a4afa0ec: ;   {runtime_call I2C/C2I adapters}
  0x00007f26a4afa0ec: 7f00 00e9 | cdf3 0607 

  0x00007f26a4afa0f4: ;   {static_stub}
  0x00007f26a4afa0f4: 9048 bb58 | d98b 7c26 

  0x00007f26a4afa0fc: ;   {runtime_call I2C/C2I adapters}
  0x00007f26a4afa0fc: 7f00 00e9 | 3697 0807 

  0x00007f26a4afa104: ;   {static_stub}
  0x00007f26a4afa104: 9048 bb00 | 0000 0000 

  0x00007f26a4afa10c: ;   {runtime_call nmethod}
  0x00007f26a4afa10c: 0000 00e9 | fbff ffff 

  0x00007f26a4afa114: ;   {static_stub}
  0x00007f26a4afa114: 9048 bb00 | 0000 0000 

  0x00007f26a4afa11c: ;   {runtime_call nmethod}
  0x00007f26a4afa11c: 0000 00e9 | fbff ffff 

  0x00007f26a4afa124: ;   {static_stub}
  0x00007f26a4afa124: 9048 bb00 | 0000 0000 

  0x00007f26a4afa12c: ;   {runtime_call nmethod}
  0x00007f26a4afa12c: 0000 00e9 | fbff ffff 

  0x00007f26a4afa134: ;   {static_stub}
  0x00007f26a4afa134: 9048 bb00 | 0000 0000 

  0x00007f26a4afa13c: ;   {runtime_call nmethod}
  0x00007f26a4afa13c: 0000 00e9 | fbff ffff 

  0x00007f26a4afa144: ;   {static_stub}
  0x00007f26a4afa144: 9048 bb00 | 0000 0000 

  0x00007f26a4afa14c: ;   {runtime_call nmethod}
  0x00007f26a4afa14c: 0000 00e9 | fbff ffff 

  0x00007f26a4afa154: ;   {static_stub}
  0x00007f26a4afa154: 9048 bb00 | 0000 0000 

  0x00007f26a4afa15c: ;   {runtime_call nmethod}
  0x00007f26a4afa15c: 0000 00e9 | fbff ffff 

  0x00007f26a4afa164: ;   {static_stub}
  0x00007f26a4afa164: 48bb 0000 | 0000 0000 

  0x00007f26a4afa16c: ;   {runtime_call nmethod}
  0x00007f26a4afa16c: 0000 e9fb 

  0x00007f26a4afa170: ;   {static_stub}
  0x00007f26a4afa170: ffff ff48 | bb00 0000 | 0000 0000 

  0x00007f26a4afa17c: ;   {runtime_call nmethod}
  0x00007f26a4afa17c: 00e9 fbff 

  0x00007f26a4afa180: ;   {static_stub}
  0x00007f26a4afa180: ffff 48bb | 0000 0000 | 0000 0000 

  0x00007f26a4afa18c: ;   {runtime_call nmethod}
  0x00007f26a4afa18c: e9fb ffff 

  0x00007f26a4afa190: ;   {static_stub}
  0x00007f26a4afa190: ff48 bb08 | f118 2000 

  0x00007f26a4afa198: ;   {runtime_call I2C/C2I adapters}
  0x00007f26a4afa198: 0000 00e9 | 92ca 0807 

  0x00007f26a4afa1a0: ;   {static_stub}
  0x00007f26a4afa1a0: 48bb 0000 | 0000 0000 

  0x00007f26a4afa1a8: ;   {runtime_call nmethod}
  0x00007f26a4afa1a8: 0000 e9fb 

  0x00007f26a4afa1ac: ;   {static_stub}
  0x00007f26a4afa1ac: ffff ff48 | bb00 0000 | 0000 0000 

  0x00007f26a4afa1b8: ;   {runtime_call nmethod}
  0x00007f26a4afa1b8: 00e9 fbff 

  0x00007f26a4afa1bc: ;   {static_stub}
  0x00007f26a4afa1bc: ffff 48bb | 0000 0000 | 0000 0000 

  0x00007f26a4afa1c8: ;   {runtime_call nmethod}
  0x00007f26a4afa1c8: e9fb ffff 

  0x00007f26a4afa1cc: ;   {static_stub}
  0x00007f26a4afa1cc: ff48 bb00 | 0000 0000 

  0x00007f26a4afa1d4: ;   {runtime_call nmethod}
  0x00007f26a4afa1d4: 0000 00e9 | fbff ffff 

  0x00007f26a4afa1dc: ;   {static_stub}
  0x00007f26a4afa1dc: 48bb 0000 | 0000 0000 

  0x00007f26a4afa1e4: ;   {runtime_call nmethod}
  0x00007f26a4afa1e4: 0000 e9fb 

  0x00007f26a4afa1e8: ;   {static_stub}
  0x00007f26a4afa1e8: ffff ff48 | bb50 3088 | 7c26 7f00 

  0x00007f26a4afa1f4: ;   {runtime_call I2C/C2I adapters}
  0x00007f26a4afa1f4: 00e9 38ca 

  0x00007f26a4afa1f8: ;   {runtime_call C1 Runtime handle_exception_from_callee_blob}
  0x00007f26a4afa1f8: 0807 e8e1 

  0x00007f26a4afa1fc: ;   {external_word}
  0x00007f26a4afa1fc: 8815 0748 | bfda 17b9 | c426 7f00 | 0048 83e4 

  0x00007f26a4afa20c: ;   {runtime_call MacroAssembler::debug64(char*, long, long*)}
  0x00007f26a4afa20c: f0e8 2e22 

  0x00007f26a4afa210: ;   {section_word}
  0x00007f26a4afa210: a71f f449 | ba13 a2af | a426 7f00 

  0x00007f26a4afa21c: ;   {runtime_call DeoptimizationBlob}
  0x00007f26a4afa21c: 0041 52e9 | 3cd9 0807 | f4f4 f4f4 
[/MachCode]


---------------  P R O C E S S  ---------------

Threads class SMR info:
_java_thread_list=0x00007f2620000c50, length=16, elements={
0x00007f26bc01c4b0, 0x00007f26bc0f1d80, 0x00007f26bc0f3470, 0x00007f26bc0f4ed0,
0x00007f26bc0f6800, 0x00007f26bc0f8090, 0x00007f26bc0f9ea0, 0x00007f26bc0fb8a0,
0x00007f26bc1482d0, 0x00007f26bc14b330, 0x00007f26bca51e00, 0x00007f26bd9a9ae0,
0x00007f26bd9aae50, 0x00007f26bd9ee6a0, 0x00007f26be015080, 0x00007f26be0a4160
}

Java Threads: ( => current thread )
=>0x00007f26bc01c4b0 JavaThread "SHPD Render Thread"                [_thread_in_native, id=17166, stack(0x00007f26c3700000,0x00007f26c3800000) (1024K)]
  0x00007f26bc0f1d80 JavaThread "Reference Handler"          daemon [_thread_blocked, id=17176, stack(0x00007f26a40fb000,0x00007f26a41fb000) (1024K)]
  0x00007f26bc0f3470 JavaThread "Finalizer"                  daemon [_thread_blocked, id=17177, stack(0x00007f2695900000,0x00007f2695a00000) (1024K)]
  0x00007f26bc0f4ed0 JavaThread "Signal Dispatcher"          daemon [_thread_blocked, id=17178, stack(0x00007f2695800000,0x00007f2695900000) (1024K)]
  0x00007f26bc0f6800 JavaThread "Service Thread"             daemon [_thread_blocked, id=17179, stack(0x00007f2695700000,0x00007f2695800000) (1024K)]
  0x00007f26bc0f8090 JavaThread "Monitor Deflation Thread"   daemon [_thread_blocked, id=17180, stack(0x00007f2695600000,0x00007f2695700000) (1024K)]
  0x00007f26bc0f9ea0 JavaThread "C2 CompilerThread0"         daemon [_thread_blocked, id=17181, stack(0x00007f2695500000,0x00007f2695600000) (1024K)]
  0x00007f26bc0fb8a0 JavaThread "C1 CompilerThread0"         daemon [_thread_blocked, id=17182, stack(0x00007f2695400000,0x00007f2695500000) (1024K)]
  0x00007f26bc1482d0 JavaThread "Notification Thread"        daemon [_thread_blocked, id=17183, stack(0x00007f2695300000,0x00007f2695400000) (1024K)]
  0x00007f26bc14b330 JavaThread "Common-Cleaner"             daemon [_thread_blocked, id=17184, stack(0x00007f2695200000,0x00007f2695300000) (1024K)]
  0x00007f26bca51e00 JavaThread "Thread-0"                   daemon [_thread_blocked, id=17193, stack(0x00007f2658c51000,0x00007f2658d51000) (1024K)]
  0x00007f26bd9a9ae0 JavaThread "NetThread0"                 daemon [_thread_blocked, id=17210, stack(0x00007f2635bfe000,0x00007f2635cfe000) (1024K)]
  0x00007f26bd9aae50 JavaThread "NetThread1"                 daemon [_thread_blocked, id=17211, stack(0x00007f2635afe000,0x00007f2635bfe000) (1024K)]
  0x00007f26bd9ee6a0 JavaThread "NetThread2"                 daemon [_thread_blocked, id=17212, stack(0x00007f260ff00000,0x00007f2610000000) (1024K)]
  0x00007f26be015080 JavaThread "NetThread3"                 daemon [_thread_blocked, id=17213, stack(0x00007f260fe00000,0x00007f260ff00000) (1024K)]
  0x00007f26be0a4160 JavaThread "SHPD Actor Thread"                 [_thread_blocked, id=17220, stack(0x00007f2636500000,0x00007f2636600000) (1024K)]
Total: 16

Other Threads:
  0x00007f26bc0e80b0 VMThread "VM Thread"                           [id=17175, stack(0x00007f26a42fd000,0x00007f26a43fd000) (1024K)]
  0x00007f26bc0d80a0 WatcherThread "VM Periodic Task Thread"        [id=17174, stack(0x00007f26a41fc000,0x00007f26a42fc000) (1024K)]
  0x00007f26bc0790d0 WorkerThread "GC Thread#0"                     [id=17167, stack(0x00007f26c06fc000,0x00007f26c07fc000) (1024K)]
  0x00007f268c0074b0 WorkerThread "GC Thread#1"                     [id=17207, stack(0x00007f2641100000,0x00007f2641200000) (1024K)]
  0x00007f268c008250 WorkerThread "GC Thread#2"                     [id=17208, stack(0x00007f26368de000,0x00007f26369de000) (1024K)]
  0x00007f268c0113e0 WorkerThread "GC Thread#3"                     [id=17209, stack(0x00007f2635cff000,0x00007f2635dff000) (1024K)]
  0x00007f26bc0917c0 ConcurrentGCThread "G1 Main Marker"            [id=17168, stack(0x00007f26c05fb000,0x00007f26c06fb000) (1024K)]
  0x00007f26bc0929a0 WorkerThread "G1 Conc#0"                       [id=17169, stack(0x00007f26c04fa000,0x00007f26c05fa000) (1024K)]
  0x00007f26bc0c0460 ConcurrentGCThread "G1 Refine#0"               [id=17170, stack(0x00007f26a44ff000,0x00007f26a45ff000) (1024K)]
  0x00007f26bc0c1660 ConcurrentGCThread "G1 Service"                [id=17171, stack(0x00007f26a43fe000,0x00007f26a44fe000) (1024K)]
Total: 10

Threads with active compile tasks:
Total: 0

VM state: not at safepoint (normal execution)

VM Mutex/Monitor currently owned by a thread: None

Heap address: 0x0000000085e00000, size: 1954 MB, Compressed Oops mode: 32-bit

CDS archive(s) mapped at: [0x0000000020000000-0x0000000020d8e000-0x0000000020d8e000), size 14213120, SharedBaseAddress: 0x0000000020000000, ArchiveRelocationMode: 1.
Compressed class space mapped at: 0x0000000021000000-0x0000000061000000, reserved size: 1073741824
UseCompressedClassPointers 1, UseCompactObjectHeaders 0
Narrow klass pointer bits 32, Max shift 3
Narrow klass base: 0x0000000020000000, Narrow klass shift: 0
Encoding Range: [0x0000000020000000 - 0x0000000120000000), (4294967296 bytes)
Klass Range:    [0x0000000020001000 - 0x0000000061000000), (1090514944 bytes)
Klass ID Range:  [4096 - 1090519033) (1090514937)
Protection zone: [0x0000000020000000 - 0x0000000020001000), (4096 bytes)

GC Precious Log:
 CardTable entry size: 512
 Card Set container configuration: InlinePtr #cards 5 size 8 Array Of Cards #cards 10 size 36 Howl #buckets 4 coarsen threshold 1843 Howl Bitmap #cards 512 size 80 coarsen threshold 460 Card regions per heap region 1 cards per card region 2048
 CPUs: 4 total, 4 available
 Memory: 7815M
 Large Page Support: Disabled
 NUMA Support: Disabled
 Compressed Oops: Enabled (32-bit)
 Heap Region Size: 1M
 Heap Min Capacity: 8M
 Heap Initial Capacity: 124M
 Heap Max Capacity: 1954M
 Pre-touch: Disabled
 Parallel Workers: 4
 Concurrent Workers: 1
 Concurrent Refinement Workers: 4
 Periodic GC: Disabled

Heap:
 garbage-first heap   total reserved 2000896K, committed 45056K, used 14034K [0x0000000085e00000, 0x0000000100000000)
  region size 1024K, 9 young (9216K), 6 survivors (6144K)

Heap Regions: E=young(eden), S=young(survivor), O=old, HS=humongous(starts), HC=humongous(continues), CS=collection set, F=free, TAMS=top-at-mark-start, PB=parsable bottom
|   0|0x0000000085e00000, 0x0000000085e00000, 0x0000000085f00000|  0%| F|  |TAMS 0x0000000085e00000| PB 0x0000000085e00000| Untracked |  0
|   1|0x0000000085f00000, 0x0000000086000000, 0x0000000086000000|100%| O|  |TAMS 0x0000000085f00000| PB 0x0000000085f00000| Untracked |  0
|   2|0x0000000086000000, 0x0000000086000000, 0x0000000086100000|  0%| F|  |TAMS 0x0000000086000000| PB 0x0000000086000000| Untracked |  0
|   3|0x0000000086100000, 0x0000000086100000, 0x0000000086200000|  0%| F|  |TAMS 0x0000000086100000| PB 0x0000000086100000| Untracked |  0
|   4|0x0000000086200000, 0x0000000086200000, 0x0000000086300000|  0%| F|  |TAMS 0x0000000086200000| PB 0x0000000086200000| Untracked |  0
|   5|0x0000000086300000, 0x0000000086300000, 0x0000000086400000|  0%| F|  |TAMS 0x0000000086300000| PB 0x0000000086300000| Untracked |  0
|   6|0x0000000086400000, 0x0000000086400000, 0x0000000086500000|  0%| F|  |TAMS 0x0000000086400000| PB 0x0000000086400000| Untracked |  0
|   7|0x0000000086500000, 0x0000000086500000, 0x0000000086600000|  0%| F|  |TAMS 0x0000000086500000| PB 0x0000000086500000| Untracked |  0
|   8|0x0000000086600000, 0x0000000086600000, 0x0000000086700000|  0%| F|  |TAMS 0x0000000086600000| PB 0x0000000086600000| Untracked |  0
|   9|0x0000000086700000, 0x0000000086700000, 0x0000000086800000|  0%| F|  |TAMS 0x0000000086700000| PB 0x0000000086700000| Untracked |  0
|  10|0x0000000086800000, 0x0000000086800000, 0x0000000086900000|  0%| F|  |TAMS 0x0000000086800000| PB 0x0000000086800000| Untracked |  0
|  11|0x0000000086900000, 0x0000000086900000, 0x0000000086a00000|  0%| F|  |TAMS 0x0000000086900000| PB 0x0000000086900000| Untracked |  0
|  12|0x0000000086a00000, 0x0000000086a00000, 0x0000000086b00000|  0%| F|  |TAMS 0x0000000086a00000| PB 0x0000000086a00000| Untracked |  0
|  13|0x0000000086b00000, 0x0000000086b00000, 0x0000000086c00000|  0%| F|  |TAMS 0x0000000086b00000| PB 0x0000000086b00000| Untracked |  0
|  14|0x0000000086c00000, 0x0000000086d00000, 0x0000000086d00000|100%| O|  |TAMS 0x0000000086c00000| PB 0x0000000086c00000| Untracked |  0
|  15|0x0000000086d00000, 0x0000000086e00000, 0x0000000086e00000|100%| O|  |TAMS 0x0000000086d00000| PB 0x0000000086d00000| Untracked |  0
|  16|0x0000000086e00000, 0x0000000086f00000, 0x0000000086f00000|100%| O|  |TAMS 0x0000000086e00000| PB 0x0000000086e00000| Untracked |  0
|  17|0x0000000086f00000, 0x0000000086ff6220, 0x0000000087000000| 96%| O|  |TAMS 0x0000000086f00000| PB 0x0000000086f00000| Untracked |  0
|  18|0x0000000087000000, 0x0000000087000000, 0x0000000087100000|  0%| F|  |TAMS 0x0000000087000000| PB 0x0000000087000000| Untracked |  0
|  19|0x0000000087100000, 0x0000000087100000, 0x0000000087200000|  0%| F|  |TAMS 0x0000000087100000| PB 0x0000000087100000| Untracked |  0
|  20|0x0000000087200000, 0x0000000087200000, 0x0000000087300000|  0%| F|  |TAMS 0x0000000087200000| PB 0x0000000087200000| Untracked |  0
|  21|0x0000000087300000, 0x0000000087300000, 0x0000000087400000|  0%| F|  |TAMS 0x0000000087300000| PB 0x0000000087300000| Untracked |  0
|  22|0x0000000087400000, 0x0000000087400000, 0x0000000087500000|  0%| F|  |TAMS 0x0000000087400000| PB 0x0000000087400000| Untracked |  0
|  23|0x0000000087500000, 0x0000000087500000, 0x0000000087600000|  0%| F|  |TAMS 0x0000000087500000| PB 0x0000000087500000| Untracked |  0
|  24|0x0000000087600000, 0x0000000087600000, 0x0000000087700000|  0%| F|  |TAMS 0x0000000087600000| PB 0x0000000087600000| Untracked |  0
|  25|0x0000000087700000, 0x0000000087700000, 0x0000000087800000|  0%| F|  |TAMS 0x0000000087700000| PB 0x0000000087700000| Untracked |  0
|  26|0x0000000087800000, 0x0000000087800000, 0x0000000087900000|  0%| F|  |TAMS 0x0000000087800000| PB 0x0000000087800000| Untracked |  0
|  27|0x0000000087900000, 0x0000000087900000, 0x0000000087a00000|  0%| F|  |TAMS 0x0000000087900000| PB 0x0000000087900000| Untracked |  0
|  28|0x0000000087a00000, 0x0000000087a00000, 0x0000000087b00000|  0%| F|  |TAMS 0x0000000087a00000| PB 0x0000000087a00000| Untracked |  0
|  29|0x0000000087b00000, 0x0000000087b00000, 0x0000000087c00000|  0%| F|  |TAMS 0x0000000087b00000| PB 0x0000000087b00000| Untracked |  0
|  30|0x0000000087c00000, 0x0000000087c00000, 0x0000000087d00000|  0%| F|  |TAMS 0x0000000087c00000| PB 0x0000000087c00000| Untracked |  0
|  31|0x0000000087d00000, 0x0000000087d00000, 0x0000000087e00000|  0%| F|  |TAMS 0x0000000087d00000| PB 0x0000000087d00000| Untracked |  0
|  32|0x0000000087e00000, 0x0000000087e00000, 0x0000000087f00000|  0%| F|  |TAMS 0x0000000087e00000| PB 0x0000000087e00000| Untracked |  0
|  33|0x0000000087f00000, 0x0000000088000000, 0x0000000088000000|100%| E|  |TAMS 0x0000000087f00000| PB 0x0000000087f00000| Complete |  0
|  34|0x0000000088000000, 0x0000000088100000, 0x0000000088100000|100%| E|CS|TAMS 0x0000000088000000| PB 0x0000000088000000| Complete |  0
|  66|0x000000008a000000, 0x000000008a09d760, 0x000000008a100000| 61%| S|CS|TAMS 0x000000008a000000| PB 0x000000008a000000| Complete |  0
|  71|0x000000008a500000, 0x000000008a600000, 0x000000008a600000|100%| S|CS|TAMS 0x000000008a500000| PB 0x000000008a500000| Complete |  0
|  72|0x000000008a600000, 0x000000008a700000, 0x000000008a700000|100%| S|CS|TAMS 0x000000008a600000| PB 0x000000008a600000| Complete |  0
|  73|0x000000008a700000, 0x000000008a800000, 0x000000008a800000|100%| S|CS|TAMS 0x000000008a700000| PB 0x000000008a700000| Complete |  0
|  74|0x000000008a800000, 0x000000008a900000, 0x000000008a900000|100%| S|CS|TAMS 0x000000008a800000| PB 0x000000008a800000| Complete |  0
|  75|0x000000008a900000, 0x000000008aa00000, 0x000000008aa00000|100%| S|CS|TAMS 0x000000008a900000| PB 0x000000008a900000| Complete |  0
| 123|0x000000008d900000, 0x000000008da00000, 0x000000008da00000|100%| E|CS|TAMS 0x000000008d900000| PB 0x000000008d900000| Complete |  0
|1952|0x00000000ffe00000, 0x00000000fff00000, 0x00000000fff00000|100%| O|  |TAMS 0x00000000ffe00000| PB 0x00000000ffe00000| Untracked |  0
|1953|0x00000000fff00000, 0x00000000fff21178, 0x0000000100000000| 12%| O|Cm|TAMS 0x00000000fff00000| PB 0x00000000fff00000| Complete |  0

Card table byte_map: [0x00007f26c2684000,0x00007f26c2a55000] _byte_map_base: 0x00007f26c2255000

Marking Bits: (CMBitMap*) 0x00007f26bc079e30
 Bits: [0x00007f26c07fc000, 0x00007f26c2684000)

Polling page: 0x00007f26c5554000

Metaspace:
Metaspace        used 21502K, committed 21696K, reserved 1114112K
 class space     used 2501K, committed 2560K, reserved 1048576K

Usage:
  Non-class:     18.56 MB used.
      Class:      2.44 MB used.
       Both:     21.00 MB used.

Virtual space:
  Non-class space:       64.00 MB reserved,      18.69 MB ( 29%) committed,  1 nodes.
      Class space:        1.00 GB reserved,       2.50 MB ( <1%) committed,  1 nodes.
             Both:        1.06 GB reserved,      21.19 MB (  2%) committed. 

Chunk freelists:
   Non-Class:  12.89 MB
       Class:  13.33 MB
        Both:  26.22 MB

MaxMetaspaceSize: unlimited
CompressedClassSpaceSize: 1.00 GB
Initial GC threshold: 21.00 MB
Current GC threshold: 35.25 MB
CDS: on
 - commit_granule_bytes: 65536.
 - commit_granule_words: 8192.
 - virtual_space_node_default_size: 8388608.
 - enlarge_chunks_in_place: 1.
UseCompressedClassPointers 1, UseCompactObjectHeaders 0
Narrow klass pointer bits 32, Max shift 3
Narrow klass base: 0x0000000020000000, Narrow klass shift: 0
Encoding Range: [0x0000000020000000 - 0x0000000120000000), (4294967296 bytes)
Klass Range:    [0x0000000020001000 - 0x0000000061000000), (1090514944 bytes)
Klass ID Range:  [4096 - 1090519033) (1090514937)
Protection zone: [0x0000000020000000 - 0x0000000020001000), (4096 bytes)


Internal statistics:

num_allocs_failed_limit: 3.
num_arena_births: 114.
num_arena_deaths: 0.
num_vsnodes_births: 2.
num_vsnodes_deaths: 0.
num_space_committed: 338.
num_space_uncommitted: 0.
num_chunks_returned_to_freelist: 3.
num_chunks_taken_from_freelist: 604.
num_chunk_merges: 3.
num_chunk_splits: 449.
num_chunks_enlarged: 359.
num_inconsistent_stats: 0.

CodeHeap 'non-profiled nmethods': size=120032Kb used=1598Kb max_used=1598Kb free=118434Kb
 bounds [0x00007f26ac0c8000, 0x00007f26ac338000, 0x00007f26b3600000]
CodeHeap 'profiled nmethods': size=120032Kb used=5846Kb max_used=5846Kb free=114185Kb
 bounds [0x00007f26a45ff000, 0x00007f26a4bbf000, 0x00007f26abb37000]
CodeHeap 'non-nmethods': size=5700Kb used=2295Kb max_used=2372Kb free=3404Kb
 bounds [0x00007f26abb37000, 0x00007f26abda7000, 0x00007f26ac0c8000]
CodeCache: size=245764Kb, used=9739Kb, max_used=9816Kb, free=236023Kb
 total_blobs=5303, nmethods=4057, adapters=1150, full_count=0
Compilation: enabled, stopped_count=0, restarted_count=0

Compilation events (20 events):
Event: 37.845 Thread 0x00007f26bc0fb8a0 nmethod 4052 0x00007f26a4badb08 code [0x00007f26a4badc00, 0x00007f26a4baddc0]
Event: 37.847 Thread 0x00007f26bc0fb8a0 4053  s    3       com.shatteredpixel.shatteredpixeldungeon.ui.RenderedTextBlock::build (251 bytes)
Event: 37.848 Thread 0x00007f26bc0fb8a0 nmethod 4053 0x00007f26a4bade08 code [0x00007f26a4badf00, 0x00007f26a4bafd30]
Event: 37.848 Thread 0x00007f26bc0fb8a0 4055  s    3       com.watabou.gltextures.TextureCache::get (56 bytes)
Event: 37.849 Thread 0x00007f26bc0fb8a0 nmethod 4055 0x00007f26a4bafd88 code [0x00007f26a4bafe80, 0x00007f26a4bb0920]
Event: 37.849 Thread 0x00007f26bc0fb8a0 4057  s    3       com.shatteredpixel.shatteredpixeldungeon.ui.RenderedTextBlock::zoom (53 bytes)
Event: 37.849 Thread 0x00007f26bc0fb8a0 nmethod 4057 0x00007f26a4bb0988 code [0x00007f26a4bb0a80, 0x00007f26a4bb1410]
Event: 37.849 Thread 0x00007f26bc0fb8a0 4058       3       com.shatteredpixel.shatteredpixeldungeon.ui.RenderedTextBlock::<init> (63 bytes)
Event: 37.850 Thread 0x00007f26bc0fb8a0 nmethod 4058 0x00007f26a4bb1488 code [0x00007f26a4bb1580, 0x00007f26a4bb1f38]
Event: 37.850 Thread 0x00007f26bc0fb8a0 4054  s    3       com.shatteredpixel.shatteredpixeldungeon.ui.RenderedTextBlock::hardlight (45 bytes)
Event: 37.850 Thread 0x00007f26bc0fb8a0 nmethod 4054 0x00007f26a4bb1f88 code [0x00007f26a4bb2080, 0x00007f26a4bb2978]
Event: 37.850 Thread 0x00007f26bc0fb8a0 4056       3       com.shatteredpixel.shatteredpixeldungeon.ui.RedButton::<init> (10 bytes)
Event: 37.850 Thread 0x00007f26bc0fb8a0 nmethod 4056 0x00007f26a4bb2988 code [0x00007f26a4bb2a80, 0x00007f26a4bb2bc8]
Event: 37.851 Thread 0x00007f26bc0fb8a0 4059       3       com.shatteredpixel.shatteredpixeldungeon.scenes.PixelScene::renderTextBlock (42 bytes)
Event: 37.852 Thread 0x00007f26bc0fb8a0 nmethod 4059 0x00007f26a4bb2c88 code [0x00007f26a4bb2da0, 0x00007f26a4bb3180]
Event: 37.852 Thread 0x00007f26bc0fb8a0 4060       3       java.util.ArrayList::add (65 bytes)
Event: 37.852 Thread 0x00007f26bc0fb8a0 nmethod 4060 0x00007f26a4bb3208 code [0x00007f26a4bb3300, 0x00007f26a4bb3930]
Event: 37.854 Thread 0x00007f26bc0fb8a0 4061       3       java.lang.CharacterData00::getType (11 bytes)
Event: 37.854 Thread 0x00007f26bc0fb8a0 nmethod 4061 0x00007f26a4bb3988 code [0x00007f26a4bb3a80, 0x00007f26a4bb3c38]
Event: 37.854 Thread 0x00007f26bc0fb8a0 4062       3       java.lang.invoke.LambdaForm$MH/0x00000000210b4400::invoke (28 bytes)

GC Heap Usage History (6 events):
Event: 1.719 {heap Before GC invocations=0 (full 0):
 garbage-first heap   total reserved 2000896K, committed 129024K, used 30852K [0x0000000085e00000, 0x0000000100000000)
  region size 1024K, 28 young (28672K), 0 survivors (0K)
}
Event: 1.726 {heap After GC invocations=1 (full 0):
 garbage-first heap   total reserved 2000896K, committed 129024K, used 6093K [0x0000000085e00000, 0x0000000100000000)
  region size 1024K, 4 young (4096K), 4 survivors (4096K)
}
Event: 3.657 {heap Before GC invocations=1 (full 0):
 garbage-first heap   total reserved 2000896K, committed 129024K, used 68557K [0x0000000085e00000, 0x0000000100000000)
  region size 1024K, 53 young (54272K), 4 survivors (4096K)
}
Event: 3.668 {heap After GC invocations=2 (full 0):
 garbage-first heap   total reserved 2000896K, committed 129024K, used 15684K [0x0000000085e00000, 0x0000000100000000)
  region size 1024K, 4 young (4096K), 4 survivors (4096K)
}
Event: 29.950 {heap Before GC invocations=2 (full 0):
 garbage-first heap   total reserved 2000896K, committed 129024K, used 63812K [0x0000000085e00000, 0x0000000100000000)
  region size 1024K, 52 young (53248K), 4 survivors (4096K)
}
Event: 29.955 {heap After GC invocations=3 (full 0):
 garbage-first heap   total reserved 2000896K, committed 129024K, used 11986K [0x0000000085e00000, 0x0000000100000000)
  region size 1024K, 6 young (6144K), 6 survivors (6144K)
}

Metaspace Usage History (6 events):
Event: 1.719 {metaspace Before GC invocations=0 (full 0):
 Metaspace       used 10519K, committed 10752K, reserved 1114112K
  class space    used 936K, committed 1024K, reserved 1048576K
}
Event: 1.726 {metaspace After GC invocations=1 (full 0):
 Metaspace       used 10519K, committed 10752K, reserved 1114112K
  class space    used 936K, committed 1024K, reserved 1048576K
}
Event: 3.657 {metaspace Before GC invocations=1 (full 0):
 Metaspace       used 16040K, committed 16192K, reserved 1114112K
  class space    used 1545K, committed 1600K, reserved 1048576K
}
Event: 3.668 {metaspace After GC invocations=2 (full 0):
 Metaspace       used 16040K, committed 16192K, reserved 1114112K
  class space    used 1545K, committed 1600K, reserved 1048576K
}
Event: 29.950 {metaspace Before GC invocations=2 (full 0):
 Metaspace       used 21362K, committed 21504K, reserved 1114112K
  class space    used 2473K, committed 2560K, reserved 1048576K
}
Event: 29.955 {metaspace After GC invocations=3 (full 0):
 Metaspace       used 21362K, committed 21504K, reserved 1114112K
  class space    used 2473K, committed 2560K, reserved 1048576K
}

Dll operation events (20 events):
Event: 0.041 Attempting to load shared library /usr/lib/jvm/java-25-openjdk-amd64/lib/libnio.so
Event: 0.042 Loaded shared library /usr/lib/jvm/java-25-openjdk-amd64/lib/libnio.so
Event: 0.066 Attempting to load shared library /usr/lib/jvm/java-25-openjdk-amd64/lib/libzip.so
Event: 0.067 Loaded shared library /usr/lib/jvm/java-25-openjdk-amd64/lib/libzip.so
Event: 0.230 Attempting to load shared library /usr/lib/jvm/java-25-openjdk-amd64/lib/libjimage.so
Event: 0.230 Loaded shared library /usr/lib/jvm/java-25-openjdk-amd64/lib/libjimage.so
Event: 0.244 Attempting to load shared library /tmp/libgdxabdullah/da3a4817/libgdx64.so
Event: 0.244 Loaded shared library /tmp/libgdxabdullah/da3a4817/libgdx64.so
Event: 0.315 Attempting to load shared library /usr/lib/jvm/java-25-openjdk-amd64/lib/libnet.so
Event: 0.315 Loaded shared library /usr/lib/jvm/java-25-openjdk-amd64/lib/libnet.so
Event: 0.322 Attempting to load shared library /tmp/lwjgl_abdullah/3.3.3+5/x64/liblwjgl.so
Event: 0.322 Loaded shared library /tmp/lwjgl_abdullah/3.3.3+5/x64/liblwjgl.so
Event: 0.857 Attempting to load shared library /tmp/lwjgl_abdullah/3.3.3+5/x64/liblwjgl_opengl.so
Event: 0.857 Loaded shared library /tmp/lwjgl_abdullah/3.3.3+5/x64/liblwjgl_opengl.so
Event: 1.061 Attempting to load shared library /tmp/libgdxabdullah/5fd1e555/libjamepad64.so
Event: 1.061 Loaded shared library /tmp/libgdxabdullah/5fd1e555/libjamepad64.so
Event: 1.319 Attempting to load shared library /tmp/libgdxabdullah/b3addf20/libgdx-freetype64.so
Event: 1.319 Loaded shared library /tmp/libgdxabdullah/b3addf20/libgdx-freetype64.so
Event: 1.809 Attempting to load shared library /usr/lib/jvm/java-25-openjdk-amd64/lib/libextnet.so
Event: 1.810 Loaded shared library /usr/lib/jvm/java-25-openjdk-amd64/lib/libextnet.so

Deoptimization events (20 events):
Event: 29.958 Thread 0x00007f26bc01c4b0 Uncommon trap: trap_request=0xffffff45 fr.pc=0x00007f26ac224ca0 relative=0x0000000000002700
Event: 29.959 Thread 0x00007f26bc01c4b0 Uncommon trap: reason=unstable_if action=reinterpret pc=0x00007f26ac224ca0 method=com.watabou.noosa.MovieClip.updateAnimation()V @ 26 c2
Event: 29.959 Thread 0x00007f26bc01c4b0 DEOPT PACKING pc=0x00007f26ac224ca0 sp=0x00007f26c37fe2a0
Event: 29.959 Thread 0x00007f26bc01c4b0 DEOPT UNPACKING pc=0x00007f26abc58f79 sp=0x00007f26c37fe198 mode 2
Event: 29.962 Thread 0x00007f26bc01c4b0 Uncommon trap: trap_request=0xffffff45 fr.pc=0x00007f26ac22e6d4 relative=0x00000000000002d4
Event: 29.962 Thread 0x00007f26bc01c4b0 Uncommon trap: reason=unstable_if action=reinterpret pc=0x00007f26ac22e6d4 method=com.shatteredpixel.shatteredpixeldungeon.ui.RenderedTextBlock.containsArabic(Ljava/lang/String;)Z @ 1 c2
Event: 29.962 Thread 0x00007f26bc01c4b0 DEOPT PACKING pc=0x00007f26ac22e6d4 sp=0x00007f26c37fe430
Event: 29.962 Thread 0x00007f26bc01c4b0 DEOPT UNPACKING pc=0x00007f26abc58f79 sp=0x00007f26c37fe3e0 mode 2
Event: 29.966 Thread 0x00007f26bc01c4b0 Uncommon trap: trap_request=0xffffff45 fr.pc=0x00007f26ac1faf8c relative=0x000000000000046c
Event: 29.966 Thread 0x00007f26bc01c4b0 Uncommon trap: reason=unstable_if action=reinterpret pc=0x00007f26ac1faf8c method=com.watabou.noosa.MovieClip.updateAnimation()V @ 26 c2
Event: 29.966 Thread 0x00007f26bc01c4b0 DEOPT PACKING pc=0x00007f26ac1faf8c sp=0x00007f26c37fe1f0
Event: 29.966 Thread 0x00007f26bc01c4b0 DEOPT UNPACKING pc=0x00007f26abc58f79 sp=0x00007f26c37fe1a0 mode 2
Event: 29.980 Thread 0x00007f26bc01c4b0 Uncommon trap: trap_request=0xffffff45 fr.pc=0x00007f26ac1ea7e4 relative=0x00000000000012e4
Event: 29.980 Thread 0x00007f26bc01c4b0 Uncommon trap: reason=unstable_if action=reinterpret pc=0x00007f26ac1ea7e4 method=com.watabou.noosa.Visual.draw()V @ 75 c2
Event: 29.980 Thread 0x00007f26bc01c4b0 DEOPT PACKING pc=0x00007f26ac1ea7e4 sp=0x00007f26c37fe480
Event: 29.980 Thread 0x00007f26bc01c4b0 DEOPT UNPACKING pc=0x00007f26abc58f79 sp=0x00007f26c37fe400 mode 2
Event: 29.980 Thread 0x00007f26bc01c4b0 Uncommon trap: trap_request=0xffffff45 fr.pc=0x00007f26ac1e8090 relative=0x0000000000000210
Event: 29.980 Thread 0x00007f26bc01c4b0 Uncommon trap: reason=unstable_if action=reinterpret pc=0x00007f26ac1e8090 method=com.watabou.noosa.Visual.draw()V @ 75 c2
Event: 29.980 Thread 0x00007f26bc01c4b0 DEOPT PACKING pc=0x00007f26ac1e8090 sp=0x00007f26c37fe430
Event: 29.980 Thread 0x00007f26bc01c4b0 DEOPT UNPACKING pc=0x00007f26abc58f79 sp=0x00007f26c37fe3f0 mode 2

Classes loaded (20 events):
Event: 6.779 Loading class java/math/BigInteger$RecursiveOp
Event: 6.779 Loading class java/util/concurrent/RecursiveTask
Event: 6.780 Loading class java/util/concurrent/RecursiveTask done
Event: 6.780 Loading class java/math/BigInteger$RecursiveOp done
Event: 6.780 Loading class java/math/BigInteger$RecursiveOp$RecursiveSquare
Event: 6.780 Loading class java/math/BigInteger$RecursiveOp$RecursiveSquare done
Event: 6.792 Loading class java/math/MathContext
Event: 6.792 Loading class java/math/MathContext done
Event: 6.875 Loading class java/util/LinkedHashMap$LinkedValueIterator
Event: 6.875 Loading class java/util/LinkedHashMap$LinkedValueIterator done
Event: 12.623 Loading class sun/security/ssl/Alert
Event: 12.624 Loading class sun/security/ssl/Alert done
Event: 12.624 Loading class sun/security/ssl/Alert$AlertConsumer
Event: 12.624 Loading class sun/security/ssl/Alert$AlertConsumer done
Event: 12.624 Loading class sun/security/ssl/Alert$Level
Event: 12.624 Loading class sun/security/ssl/Alert$Level done
Event: 12.626 Loading class java/net/SocketTimeoutException
Event: 12.626 Loading class java/io/InterruptedIOException
Event: 12.626 Loading class java/io/InterruptedIOException done
Event: 12.626 Loading class java/net/SocketTimeoutException done

Classes unloaded (0 events):
No events

Classes redefined (0 events):
No events

Internal exceptions (20 events):
Event: 20.879 Thread 0x00007f26bc01c4b0 Exception <a 'java/io/FileNotFoundException'{0x000000008b89dde0}> (0x000000008b89dde0) 
thrown [./src/hotspot/share/prims/jni.cpp, line 516]
Event: 24.050 Thread 0x00007f26be0a4160 Exception <a 'java/lang/InterruptedException'{0x000000008c18c3c0}> (0x000000008c18c3c0) 
thrown [./src/hotspot/share/runtime/objectMonitor.cpp, line 1972]
Event: 24.052 Thread 0x00007f26bc01c4b0 Exception <a 'java/io/FileNotFoundException'{0x000000008b4686c0}> (0x000000008b4686c0) 
thrown [./src/hotspot/share/prims/jni.cpp, line 516]
Event: 24.052 Thread 0x00007f26bc01c4b0 Exception <a 'java/io/FileNotFoundException'{0x000000008b46d910}> (0x000000008b46d910) 
thrown [./src/hotspot/share/prims/jni.cpp, line 516]
Event: 24.055 Thread 0x00007f26bc01c4b0 Exception <a 'java/io/FileNotFoundException'{0x000000008b472b68}> (0x000000008b472b68) 
thrown [./src/hotspot/share/prims/jni.cpp, line 516]
Event: 25.718 Thread 0x00007f26be0a4160 Exception <a 'java/lang/InterruptedException'{0x000000008c18c820}> (0x000000008c18c820) 
thrown [./src/hotspot/share/runtime/objectMonitor.cpp, line 1972]
Event: 25.720 Thread 0x00007f26bc01c4b0 Exception <a 'java/io/FileNotFoundException'{0x000000008b055280}> (0x000000008b055280) 
thrown [./src/hotspot/share/prims/jni.cpp, line 516]
Event: 25.720 Thread 0x00007f26bc01c4b0 Exception <a 'java/io/FileNotFoundException'{0x000000008b05a4d0}> (0x000000008b05a4d0) 
thrown [./src/hotspot/share/prims/jni.cpp, line 516]
Event: 25.723 Thread 0x00007f26bc01c4b0 Exception <a 'java/io/FileNotFoundException'{0x000000008b05f728}> (0x000000008b05f728) 
thrown [./src/hotspot/share/prims/jni.cpp, line 516]
Event: 26.632 Thread 0x00007f26be0a4160 Exception <a 'java/lang/InterruptedException'{0x000000008c18cc80}> (0x000000008c18cc80) 
thrown [./src/hotspot/share/runtime/objectMonitor.cpp, line 1972]
Event: 26.634 Thread 0x00007f26bc01c4b0 Exception <a 'java/io/FileNotFoundException'{0x000000008ac0b1d0}> (0x000000008ac0b1d0) 
thrown [./src/hotspot/share/prims/jni.cpp, line 516]
Event: 26.635 Thread 0x00007f26bc01c4b0 Exception <a 'java/io/FileNotFoundException'{0x000000008ac10420}> (0x000000008ac10420) 
thrown [./src/hotspot/share/prims/jni.cpp, line 516]
Event: 26.637 Thread 0x00007f26bc01c4b0 Exception <a 'java/io/FileNotFoundException'{0x000000008ac156e8}> (0x000000008ac156e8) 
thrown [./src/hotspot/share/prims/jni.cpp, line 516]
Event: 27.879 Thread 0x00007f26be0a4160 Exception <a 'java/lang/InterruptedException'{0x000000008c18d0e0}> (0x000000008c18d0e0) 
thrown [./src/hotspot/share/runtime/objectMonitor.cpp, line 1972]
Event: 27.879 Thread 0x00007f26bc01c4b0 Exception <a 'java/io/FileNotFoundException'{0x000000008ab98668}> (0x000000008ab98668) 
thrown [./src/hotspot/share/prims/jni.cpp, line 516]
Event: 27.880 Thread 0x00007f26bc01c4b0 Exception <a 'java/io/FileNotFoundException'{0x000000008ab9d8b8}> (0x000000008ab9d8b8) 
thrown [./src/hotspot/share/prims/jni.cpp, line 516]
Event: 27.882 Thread 0x00007f26bc01c4b0 Exception <a 'java/io/FileNotFoundException'{0x000000008aba2b10}> (0x000000008aba2b10) 
thrown [./src/hotspot/share/prims/jni.cpp, line 516]
Event: 29.962 Thread 0x00007f26bc01c4b0 Implicit null exception at 0x00007f26ac22e41a to 0x00007f26ac22e6c4
Event: 37.817 Thread 0x00007f26be0a4160 Exception <a 'java/lang/InterruptedException'{0x000000008d9e6910}> (0x000000008d9e6910) 
thrown [./src/hotspot/share/runtime/objectMonitor.cpp, line 1972]
Event: 37.825 Thread 0x00007f26bc01c4b0 Exception <a 'java/io/FileNotFoundException'{0x0000000087f11c18}> (0x0000000087f11c18) 
thrown [./src/hotspot/share/prims/jni.cpp, line 516]

VM Operations (20 events):
Event: 4.125 Executing non-safepoint VM operation: HandshakeAllThreads (Deoptimize)
Event: 4.125 Executing non-safepoint VM operation: HandshakeAllThreads (Deoptimize) done
Event: 5.661 Executing non-safepoint VM operation: HandshakeAllThreads (Deoptimize)
Event: 5.661 Executing non-safepoint VM operation: HandshakeAllThreads (Deoptimize) done
Event: 6.838 Executing non-safepoint VM operation: HandshakeAllThreads (Deoptimize)
Event: 6.838 Executing non-safepoint VM operation: HandshakeAllThreads (Deoptimize) done
Event: 6.839 Executing non-safepoint VM operation: HandshakeAllThreads (Deoptimize)
Event: 6.839 Executing non-safepoint VM operation: HandshakeAllThreads (Deoptimize) done
Event: 6.842 Executing non-safepoint VM operation: HandshakeAllThreads (Deoptimize)
Event: 6.842 Executing non-safepoint VM operation: HandshakeAllThreads (Deoptimize) done
Event: 6.866 Executing non-safepoint VM operation: HandshakeAllThreads (Deoptimize)
Event: 6.866 Executing non-safepoint VM operation: HandshakeAllThreads (Deoptimize) done
Event: 29.948 Executing non-safepoint VM operation: HandshakeAllThreads (Deoptimize)
Event: 29.948 Executing non-safepoint VM operation: HandshakeAllThreads (Deoptimize) done
Event: 29.950 Executing safepoint VM operation: CollectForMetadataAllocation (Metadata GC Threshold)
Event: 29.955 Executing safepoint VM operation: CollectForMetadataAllocation (Metadata GC Threshold) done
Event: 29.969 Executing safepoint VM operation: G1PauseRemark
Event: 29.972 Executing safepoint VM operation: G1PauseRemark done
Event: 29.977 Executing safepoint VM operation: G1PauseCleanup
Event: 29.977 Executing safepoint VM operation: G1PauseCleanup done

Memory protections (20 events):
Event: 0.023 Protecting memory [0x00007f2695900000,0x00007f2695904000] with protection modes 0
Event: 0.023 Protecting memory [0x00007f2695800000,0x00007f2695804000] with protection modes 0
Event: 0.023 Protecting memory [0x00007f2695700000,0x00007f2695704000] with protection modes 0
Event: 0.023 Protecting memory [0x00007f2695600000,0x00007f2695604000] with protection modes 0
Event: 0.023 Protecting memory [0x00007f2695500000,0x00007f2695504000] with protection modes 0
Event: 0.023 Protecting memory [0x00007f2695400000,0x00007f2695404000] with protection modes 0
Event: 0.037 Protecting memory [0x00007f2695300000,0x00007f2695304000] with protection modes 0
Event: 0.038 Protecting memory [0x00007f2695200000,0x00007f2695204000] with protection modes 0
Event: 0.715 Protecting memory [0x00007f2658c51000,0x00007f2658c55000] with protection modes 0
Event: 1.752 Protecting memory [0x00007f2635bfe000,0x00007f2635c02000] with protection modes 0
Event: 1.758 Protecting memory [0x00007f2635afe000,0x00007f2635b02000] with protection modes 0
Event: 1.913 Protecting memory [0x00007f260ff00000,0x00007f260ff04000] with protection modes 0
Event: 1.918 Protecting memory [0x00007f260fe00000,0x00007f260fe04000] with protection modes 0
Event: 2.506 Protecting memory [0x00007f260fd00000,0x00007f260fd04000] with protection modes 0
Event: 2.510 Protecting memory [0x00007f260fd00000,0x00007f260fd04000] with protection modes 0
Event: 2.516 Protecting memory [0x00007f260fd00000,0x00007f260fd04000] with protection modes 0
Event: 2.520 Protecting memory [0x00007f260fd00000,0x00007f260fd04000] with protection modes 0
Event: 2.622 Protecting memory [0x00007f260fd00000,0x00007f260fd04000] with protection modes 0
Event: 6.686 Protecting memory [0x00007f2636500000,0x00007f2636504000] with protection modes 0
Event: 6.897 Protecting memory [0x00007f2636500000,0x00007f2636504000] with protection modes 0

Nmethod flushes (0 events):
No events

Events (20 events):
Event: 0.036 Thread 0x00007f26bc01c4b0 Thread added: 0x00007f26bc1482d0
Event: 0.037 Thread 0x00007f26bc01c4b0 Thread added: 0x00007f26bc14b330
Event: 0.715 Thread 0x00007f26bc01c4b0 Thread added: 0x00007f26bca51e00
Event: 1.752 Thread 0x00007f26bc01c4b0 Thread added: 0x00007f26bd9a9ae0
Event: 1.758 Thread 0x00007f26bc01c4b0 Thread added: 0x00007f26bd9aae50
Event: 1.913 Thread 0x00007f26bc01c4b0 Thread added: 0x00007f26bd9ee6a0
Event: 1.918 Thread 0x00007f26bc01c4b0 Thread added: 0x00007f26be015080
Event: 2.505 Thread 0x00007f26be015080 Thread added: 0x00007f261401c230
Event: 2.506 Thread 0x00007f261401c230 Thread exited: 0x00007f261401c230
Event: 2.509 Thread 0x00007f26bd9aae50 Thread added: 0x00007f261401d590
Event: 2.510 Thread 0x00007f261401d590 Thread exited: 0x00007f261401d590
Event: 2.516 Thread 0x00007f26bd9a9ae0 Thread added: 0x00007f261002ef80
Event: 2.516 Thread 0x00007f261002ef80 Thread exited: 0x00007f261002ef80
Event: 2.520 Thread 0x00007f26bd9ee6a0 Thread added: 0x000058593996e580
Event: 2.520 Thread 0x000058593996e580 Thread exited: 0x000058593996e580
Event: 2.622 Thread 0x00007f26bd9ee6a0 Thread added: 0x0000585939970c70
Event: 6.686 Thread 0x00007f26bc01c4b0 Thread added: 0x00007f26be05b450
Event: 6.808 Thread 0x00007f26be05b450 Thread exited: 0x00007f26be05b450
Event: 6.896 Thread 0x00007f26bc01c4b0 Thread added: 0x00007f26be0a4160
Event: 17.630 Thread 0x0000585939970c70 Thread exited: 0x0000585939970c70


Dynamic libraries:
20000000-20001000 ---p 00000000 00:00 0 
20001000-20d8e000 rw-p 00001000 08:08 1486675                            /usr/lib/jvm/java-25-openjdk-amd64/lib/server/classes.jsa
20d8e000-21000000 ---p 00000000 00:00 0 
21000000-21040000 rw-p 00000000 00:00 0 
21040000-210e0000 rw-p 00000000 00:00 0 
210e0000-21140000 rw-p 00000000 00:00 0 
21140000-21160000 rw-p 00000000 00:00 0 
21160000-21190000 rw-p 00000000 00:00 0 
21190000-211c0000 ---p 00000000 00:00 0 
211c0000-212b0000 rw-p 00000000 00:00 0 
212b0000-61000000 ---p 00000000 00:00 0 
85e00000-88100000 rw-p 00000000 00:00 0 
88100000-8a000000 ---p 00000000 00:00 0 
8a000000-8a100000 rw-p 00000000 00:00 0 
8a100000-8a500000 ---p 00000000 00:00 0 
8a500000-8aa00000 rw-p 00000000 00:00 0 
8aa00000-8d900000 ---p 00000000 00:00 0 
8d900000-8da00000 rw-p 00000000 00:00 0 
8da00000-ffe00000 ---p 00000000 00:00 0 
ffe00000-fff22000 rw-p 00dc1000 08:08 1486675                            /usr/lib/jvm/java-25-openjdk-amd64/lib/server/classes.jsa
fff22000-100000000 rw-p 00000000 00:00 0 
58590ee61000-58590ee62000 r--p 00000000 08:08 1486510                    /usr/lib/jvm/java-25-openjdk-amd64/bin/java
58590ee62000-58590ee63000 r-xp 00001000 08:08 1486510                    /usr/lib/jvm/java-25-openjdk-amd64/bin/java
58590ee63000-58590ee64000 r--p 00002000 08:08 1486510                    /usr/lib/jvm/java-25-openjdk-amd64/bin/java
58590ee64000-58590ee65000 r--p 00002000 08:08 1486510                    /usr/lib/jvm/java-25-openjdk-amd64/bin/java
58590ee65000-58590ee66000 rw-p 00003000 08:08 1486510                    /usr/lib/jvm/java-25-openjdk-amd64/bin/java
58593994e000-5859399a7000 rw-p 00000000 00:00 0                          [heap]
7f260fb00000-7f260fd00000 rw-s 11705c000 00:11 1062                      anon_inode:i915.gem
7f260fd00000-7f260fd04000 ---p 00000000 00:00 0 
7f260fd04000-7f260fe00000 rw-p 00000000 00:00 0 
7f260fe00000-7f260fe04000 ---p 00000000 00:00 0 
7f260fe04000-7f260ff00000 rw-p 00000000 00:00 0 
7f260ff00000-7f260ff04000 ---p 00000000 00:00 0 
7f260ff04000-7f2610000000 rw-p 00000000 00:00 0 
7f2610000000-7f261003f000 rw-p 00000000 00:00 0 
7f261003f000-7f2614000000 ---p 00000000 00:00 0 
7f2614000000-7f2614030000 rw-p 00000000 00:00 0 
7f2614030000-7f2618000000 ---p 00000000 00:00 0 
7f2618000000-7f2618021000 rw-p 00000000 00:00 0 
7f2618021000-7f261c000000 ---p 00000000 00:00 0 
7f261c000000-7f261c021000 rw-p 00000000 00:00 0 
7f261c021000-7f2620000000 ---p 00000000 00:00 0 
7f2620000000-7f2620021000 rw-p 00000000 00:00 0 
7f2620021000-7f2624000000 ---p 00000000 00:00 0 
7f2624000000-7f2624021000 rw-p 00000000 00:00 0 
7f2624021000-7f2628000000 ---p 00000000 00:00 0 
7f2628000000-7f2628021000 rw-p 00000000 00:00 0 
7f2628021000-7f262c000000 ---p 00000000 00:00 0 
7f262c000000-7f262c0a0000 rw-p 00000000 00:00 0 
7f262c0a0000-7f2630000000 ---p 00000000 00:00 0 
7f2630000000-7f2630088000 rw-p 00000000 00:00 0 
7f2630088000-7f2634000000 ---p 00000000 00:00 0 
7f26340fe000-7f26342fe000 rw-s 116e5c000 00:11 1062                      anon_inode:i915.gem
7f26342fe000-7f26344fe000 rw-s 119a5c000 00:11 1062                      anon_inode:i915.gem
7f26344fe000-7f26348fe000 rw-s 11965c000 00:11 1062                      anon_inode:i915.gem
7f26358fe000-7f2635afe000 rw-s 1143cc000 00:11 1062                      anon_inode:i915.gem
7f2635afe000-7f2635b02000 ---p 00000000 00:00 0 
7f2635b02000-7f2635bfe000 rw-p 00000000 00:00 0 
7f2635bfe000-7f2635c02000 ---p 00000000 00:00 0 
7f2635c02000-7f2635dff000 rw-p 00000000 00:00 0 
7f2635eec000-7f2635efc000 rw-s 110fd4000 00:11 1062                      anon_inode:i915.gem
7f26360fc000-7f263617c000 rw-s 110e44000 00:11 1062                      anon_inode:i915.gem
7f2636338000-7f263633a000 rw-s 113785000 00:11 1062                      anon_inode:i915.gem
7f263633a000-7f263635a000 rw-s 112588000 00:11 1062                      anon_inode:i915.gem
7f263635a000-7f263635c000 rw-s 113783000 00:11 1062                      anon_inode:i915.gem
7f263635c000-7f263635e000 rw-s 113781000 00:11 1062                      anon_inode:i915.gem
7f263635e000-7f2636360000 rw-s 11377f000 00:11 1062                      anon_inode:i915.gem
7f2636380000-7f26363c0000 rw-s 110e04000 00:11 1062                      anon_inode:i915.gem
7f26363c0000-7f2636400000 rw-s 110f84000 00:11 1062                      anon_inode:i915.gem
7f2636400000-7f2636480000 rw-s 112508000 00:11 1062                      anon_inode:i915.gem
7f2636480000-7f2636500000 rw-s 103e91000 00:11 1062                      anon_inode:i915.gem
7f2636500000-7f2636504000 ---p 00000000 00:00 0 
7f2636504000-7f2636600000 rw-p 00000000 00:00 0 
7f2636600000-7f26366c7000 r-xp 00000000 00:2c 478                        /tmp/libgdxabdullah/b3addf20/libgdx-freetype64.so
7f26366c7000-7f26368c6000 ---p 000c7000 00:2c 478                        /tmp/libgdxabdullah/b3addf20/libgdx-freetype64.so
7f26368c6000-7f26368ce000 r--p 000c6000 00:2c 478                        /tmp/libgdxabdullah/b3addf20/libgdx-freetype64.so
7f26368ce000-7f26368cf000 rw-p 000ce000 00:2c 478                        /tmp/libgdxabdullah/b3addf20/libgdx-freetype64.so
7f26368dd000-7f26369de000 rw-p 00000000 00:00 0 
7f26369de000-7f26369ea000 r--p 00000000 00:2c 476                        /tmp/libgdxabdullah/5fd1e555/libjamepad64.so
7f26369ea000-7f2636bb2000 r-xp 0000c000 00:2c 476                        /tmp/libgdxabdullah/5fd1e555/libjamepad64.so
7f2636bb2000-7f2636bed000 r--p 001d4000 00:2c 476                        /tmp/libgdxabdullah/5fd1e555/libjamepad64.so
7f2636bed000-7f2636bee000 ---p 0020f000 00:2c 476                        /tmp/libgdxabdullah/5fd1e555/libjamepad64.so
7f2636bee000-7f2636bf1000 r--p 0020f000 00:2c 476                        /tmp/libgdxabdullah/5fd1e555/libjamepad64.so
7f2636bf1000-7f2636bf8000 rw-p 00212000 00:2c 476                        /tmp/libgdxabdullah/5fd1e555/libjamepad64.so
7f2636bf8000-7f2636bfc000 rw-p 00000000 00:00 0 
7f2636bfc000-7f2638c00000 rw-p 00000000 00:00 0 
7f2638c00000-7f263cf70000 r--p 00000000 08:08 1479993                    /usr/lib/x86_64-linux-gnu/libLLVM.so.21.1
7f263cf70000-7f2640dc3000 r-xp 0436f000 08:08 1479993                    /usr/lib/x86_64-linux-gnu/libLLVM.so.21.1
7f2640dc3000-7f2640fe2000 r--p 081c1000 08:08 1479993                    /usr/lib/x86_64-linux-gnu/libLLVM.so.21.1
7f2640fe2000-7f2641029000 rw-p 083df000 08:08 1479993                    /usr/lib/x86_64-linux-gnu/libLLVM.so.21.1
7f2641029000-7f26410d6000 rw-p 00000000 00:00 0 
7f26410df000-7f26410ef000 rw-s 110fc4000 00:11 1062                      anon_inode:i915.gem
7f26410ef000-7f26410ff000 rw-s 110452000 00:11 1062                      anon_inode:i915.gem
7f26410ff000-7f2641200000 rw-p 00000000 00:00 0 
7f2641200000-7f26412dc000 r--p 00000000 08:08 1480524                    /usr/lib/x86_64-linux-gnu/libgallium-26.0.8-1ubuntu0.3.so
7f26412dc000-7f2642c7c000 r-xp 000dc000 08:08 1480524                    /usr/lib/x86_64-linux-gnu/libgallium-26.0.8-1ubuntu0.3.so
7f2642c7c000-7f2643c6b000 r--p 01a7c000 08:08 1480524                    /usr/lib/x86_64-linux-gnu/libgallium-26.0.8-1ubuntu0.3.so
7f2643c6b000-7f2643d5c000 r--p 02a6a000 08:08 1480524                    /usr/lib/x86_64-linux-gnu/libgallium-26.0.8-1ubuntu0.3.so
7f2643d5c000-7f2643d83000 rw-p 02b5b000 08:08 1480524                    /usr/lib/x86_64-linux-gnu/libgallium-26.0.8-1ubuntu0.3.so
7f2643d83000-7f2643f4e000 rw-p 00000000 00:00 0 
7f2643f5b000-7f2643f6b000 rw-s 103f11000 00:11 1062                      anon_inode:i915.gem
7f2643f6b000-7f2643f6d000 rw-s 107e93000 00:11 1062                      anon_inode:i915.gem
7f2643f70000-7f2643f80000 rw-s 1122b8000 00:11 1062                      anon_inode:i915.gem
7f2643f80000-7f2643fc0000 rw-s 109b5b000 00:11 1062                      anon_inode:i915.gem
7f2643fc0000-7f2644000000 rw-s 1039b1000 00:11 1062                      anon_inode:i915.gem
7f2644000000-7f2644088000 rw-p 00000000 00:00 0 
7f2644088000-7f2648000000 ---p 00000000 00:00 0 
7f2648000000-7f26480b6000 rw-p 00000000 00:00 0 
7f26480b6000-7f264c000000 ---p 00000000 00:00 0 
7f264c000000-7f264c022000 rw-p 00000000 00:00 0 
7f264c022000-7f2650000000 ---p 00000000 00:00 0 
7f2650000000-7f2650021000 rw-p 00000000 00:00 0 
7f2650021000-7f2654000000 ---p 00000000 00:00 0 
7f2654000000-7f2654021000 rw-p 00000000 00:00 0 
7f2654021000-7f2658000000 ---p 00000000 00:00 0 
7f2658000000-7f2658200000 rw-s 1141cc000 00:11 1062                      anon_inode:i915.gem
7f2658200000-7f2658400000 rw-s 104867000 00:11 1062                      anon_inode:i915.gem
7f2658400000-7f2658601000 rw-s 00000000 08:08 2273914                    /home/abdullah/.cache/mesa_shader_cache/index
7f2658601000-7f2658611000 rw-s 1039f1000 00:11 1062                      anon_inode:i915.gem
7f2658611000-7f2658613000 rw-s 114a33000 00:11 1062                      anon_inode:i915.gem
7f265861b000-7f265861d000 rw-s 114a2f000 00:11 1062                      anon_inode:i915.gem
7f265862e000-7f265862f000 r--p 00000000 08:08 1480809                    /usr/lib/x86_64-linux-gnu/libnss_mdns4_minimal.so.2
7f265862f000-7f2658631000 r-xp 00001000 08:08 1480809                    /usr/lib/x86_64-linux-gnu/libnss_mdns4_minimal.so.2
7f2658631000-7f2658632000 r--p 00003000 08:08 1480809                    /usr/lib/x86_64-linux-gnu/libnss_mdns4_minimal.so.2
7f2658632000-7f2658633000 r--p 00003000 08:08 1480809                    /usr/lib/x86_64-linux-gnu/libnss_mdns4_minimal.so.2
7f2658633000-7f2658634000 rw-p 00004000 08:08 1480809                    /usr/lib/x86_64-linux-gnu/libnss_mdns4_minimal.so.2
7f2658637000-7f2658647000 rw-s 101118000 00:11 1062                      anon_inode:i915.gem
7f2658650000-7f2658651000 r--p 00000000 08:08 1486642                    /usr/lib/jvm/java-25-openjdk-amd64/lib/libextnet.so
7f2658651000-7f2658652000 r-xp 00001000 08:08 1486642                    /usr/lib/jvm/java-25-openjdk-amd64/lib/libextnet.so
7f2658652000-7f2658653000 r--p 00002000 08:08 1486642                    /usr/lib/jvm/java-25-openjdk-amd64/lib/libextnet.so
7f2658653000-7f2658654000 r--p 00002000 08:08 1486642                    /usr/lib/jvm/java-25-openjdk-amd64/lib/libextnet.so
7f2658654000-7f2658655000 rw-p 00003000 08:08 1486642                    /usr/lib/jvm/java-25-openjdk-amd64/lib/libextnet.so
7f2658655000-7f2658665000 rw-s 112d5c000 00:11 1062                      anon_inode:i915.gem
7f2658665000-7f2658698000 r--p 00000000 00:2c 474                        /tmp/lwjgl_abdullah/3.3.3+5/x64/liblwjgl_opengl.so
7f2658698000-7f26586ac000 r-xp 00033000 00:2c 474                        /tmp/lwjgl_abdullah/3.3.3+5/x64/liblwjgl_opengl.so
7f26586ac000-7f26586bc000 r--p 00047000 00:2c 474                        /tmp/lwjgl_abdullah/3.3.3+5/x64/liblwjgl_opengl.so
7f26586bc000-7f26586bd000 r--p 00056000 00:2c 474                        /tmp/lwjgl_abdullah/3.3.3+5/x64/liblwjgl_opengl.so
7f26586bd000-7f26586be000 rw-p 00057000 00:2c 474                        /tmp/lwjgl_abdullah/3.3.3+5/x64/liblwjgl_opengl.so
7f26586be000-7f26586de000 rw-s 104b17000 00:11 1062                      anon_inode:i915.gem
7f26586de000-7f26586fe000 rw-s 103f71000 00:11 1062                      anon_inode:i915.gem
7f26586fe000-7f265870e000 rw-s 1081ab000 00:11 1062                      anon_inode:i915.gem
7f265870e000-7f265871e000 rw-s 1000b3000 00:11 1062                      anon_inode:i915.gem
7f265871e000-7f265873e000 rw-s 103fc1000 00:11 1062                      anon_inode:i915.gem
7f265873e000-7f265875e000 rw-s 1003ad000 00:11 1062                      anon_inode:i915.gem
7f265875e000-7f265876e000 rw-s 114abc000 00:11 1062                      anon_inode:i915.gem
7f2658776000-7f2658778000 rw-s 107a57000 00:11 1062                      anon_inode:i915.gem
7f2658778000-7f265877a000 rw-s 114a31000 00:11 1062                      anon_inode:i915.gem
7f265877a000-7f265877c000 rw-s 107e97000 00:11 1062                      anon_inode:i915.gem
7f265877c000-7f265877e000 rw-s 103b5f000 00:11 1062                      anon_inode:i915.gem
7f265877e000-7f2658787000 rw-s 00008000 00:01 63339                      /memfd:pipewire-memfd:flags=0x0000000f,type=2,size=65664 (deleted)
7f2658787000-7f2658790000 rw-s 00000000 00:01 63339                      /memfd:pipewire-memfd:flags=0x0000000f,type=2,size=65664 (deleted)
7f2658790000-7f2658799000 rw-s 00008000 00:01 63338                      /memfd:pipewire-memfd:flags=0x0000000f,type=2,size=65664 (deleted)
7f2658799000-7f26587a2000 rw-s 00000000 00:01 63338                      /memfd:pipewire-memfd:flags=0x0000000f,type=2,size=65664 (deleted)
7f26587a2000-7f26587a4000 r--p 00000000 08:08 1480740                    /usr/lib/x86_64-linux-gnu/libmd.so.0.1.0
7f26587a4000-7f26587ad000 r-xp 00002000 08:08 1480740                    /usr/lib/x86_64-linux-gnu/libmd.so.0.1.0
7f26587ad000-7f26587af000 r--p 0000b000 08:08 1480740                    /usr/lib/x86_64-linux-gnu/libmd.so.0.1.0
7f26587af000-7f26587b0000 r--p 0000c000 08:08 1480740                    /usr/lib/x86_64-linux-gnu/libmd.so.0.1.0
7f26587b0000-7f26587b1000 rw-p 0000d000 08:08 1480740                    /usr/lib/x86_64-linux-gnu/libmd.so.0.1.0
7f26587b1000-7f26587b5000 r--p 00000000 08:08 1480342                    /usr/lib/x86_64-linux-gnu/libbsd.so.0.12.2
7f26587b5000-7f26587c1000 r-xp 00004000 08:08 1480342                    /usr/lib/x86_64-linux-gnu/libbsd.so.0.12.2
7f26587c1000-7f26587c4000 r--p 00010000 08:08 1480342                    /usr/lib/x86_64-linux-gnu/libbsd.so.0.12.2
7f26587c4000-7f26587c5000 r--p 00012000 08:08 1480342                    /usr/lib/x86_64-linux-gnu/libbsd.so.0.12.2
7f26587c5000-7f26587c6000 rw-p 00013000 08:08 1480342                    /usr/lib/x86_64-linux-gnu/libbsd.so.0.12.2
7f26587c6000-7f26587c7000 rw-p 00000000 00:00 0 
7f26587c7000-7f26587d5000 r--p 00000000 08:08 1481057                    /usr/lib/x86_64-linux-gnu/libtinfo.so.6.6
7f26587d5000-7f26587e9000 r-xp 0000e000 08:08 1481057                    /usr/lib/x86_64-linux-gnu/libtinfo.so.6.6
7f26587e9000-7f26587f7000 r--p 00022000 08:08 1481057                    /usr/lib/x86_64-linux-gnu/libtinfo.so.6.6
7f26587f7000-7f26587fb000 r--p 0002f000 08:08 1481057                    /usr/lib/x86_64-linux-gnu/libtinfo.so.6.6
7f26587fb000-7f26587fc000 rw-p 00033000 08:08 1481057                    /usr/lib/x86_64-linux-gnu/libtinfo.so.6.6
7f26587fc000-7f26587fe000 r--p 00000000 08:08 1480862                    /usr/lib/x86_64-linux-gnu/libpciaccess.so.0.11.1
7f26587fe000-7f2658803000 r-xp 00002000 08:08 1480862                    /usr/lib/x86_64-linux-gnu/libpciaccess.so.0.11.1
7f2658803000-7f2658805000 r--p 00007000 08:08 1480862                    /usr/lib/x86_64-linux-gnu/libpciaccess.so.0.11.1
7f2658805000-7f2658806000 r--p 00008000 08:08 1480862                    /usr/lib/x86_64-linux-gnu/libpciaccess.so.0.11.1
7f2658806000-7f2658807000 rw-p 00009000 08:08 1480862                    /usr/lib/x86_64-linux-gnu/libpciaccess.so.0.11.1
7f2658807000-7f2658828000 r--p 00000000 08:08 1481188                    /usr/lib/x86_64-linux-gnu/libxml2.so.16.1.2
7f2658828000-7f2658923000 r-xp 00021000 08:08 1481188                    /usr/lib/x86_64-linux-gnu/libxml2.so.16.1.2
7f2658923000-7f2658960000 r--p 0011c000 08:08 1481188                    /usr/lib/x86_64-linux-gnu/libxml2.so.16.1.2
7f2658960000-7f2658968000 r--p 00159000 08:08 1481188                    /usr/lib/x86_64-linux-gnu/libxml2.so.16.1.2
7f2658968000-7f2658969000 rw-p 00161000 08:08 1481188                    /usr/lib/x86_64-linux-gnu/libxml2.so.16.1.2
7f2658969000-7f265896a000 rw-p 00000000 00:00 0 
7f265896a000-7f2658972000 r--p 00000000 08:08 1480452                    /usr/lib/x86_64-linux-gnu/libedit.so.2.0.76
7f2658972000-7f2658991000 r-xp 00008000 08:08 1480452                    /usr/lib/x86_64-linux-gnu/libedit.so.2.0.76
7f2658991000-7f265899d000 r--p 00027000 08:08 1480452                    /usr/lib/x86_64-linux-gnu/libedit.so.2.0.76
7f265899d000-7f265899f000 r--p 00033000 08:08 1480452                    /usr/lib/x86_64-linux-gnu/libedit.so.2.0.76
7f265899f000-7f26589a0000 rw-p 00035000 08:08 1480452                    /usr/lib/x86_64-linux-gnu/libedit.so.2.0.76
7f26589a0000-7f26589a4000 rw-p 00000000 00:00 0 
7f26589a4000-7f26589a6000 r--p 00000000 08:08 1480480                    /usr/lib/x86_64-linux-gnu/libffi.so.8.2.0
7f26589a6000-7f26589b1000 r-xp 00002000 08:08 1480480                    /usr/lib/x86_64-linux-gnu/libffi.so.8.2.0
7f26589b1000-7f26589b3000 r--p 0000d000 08:08 1480480                    /usr/lib/x86_64-linux-gnu/libffi.so.8.2.0
7f26589b3000-7f26589b4000 r--p 0000e000 08:08 1480480                    /usr/lib/x86_64-linux-gnu/libffi.so.8.2.0
7f26589b4000-7f26589b5000 rw-p 0000f000 08:08 1480480                    /usr/lib/x86_64-linux-gnu/libffi.so.8.2.0
7f26589b5000-7f26589b8000 r--p 00000000 08:08 1480436                    /usr/lib/x86_64-linux-gnu/libdrm_intel.so.1.131.0
7f26589b8000-7f26589cf000 r-xp 00003000 08:08 1480436                    /usr/lib/x86_64-linux-gnu/libdrm_intel.so.1.131.0
7f26589cf000-7f26589d9000 r--p 0001a000 08:08 1480436                    /usr/lib/x86_64-linux-gnu/libdrm_intel.so.1.131.0
7f26589d9000-7f26589da000 r--p 00023000 08:08 1480436                    /usr/lib/x86_64-linux-gnu/libdrm_intel.so.1.131.0
7f26589da000-7f26589db000 rw-p 00024000 08:08 1480436                    /usr/lib/x86_64-linux-gnu/libdrm_intel.so.1.131.0
7f26589db000-7f26589de000 r--p 00000000 08:08 1480435                    /usr/lib/x86_64-linux-gnu/libdrm_amdgpu.so.1.131.0
7f26589de000-7f26589e4000 r-xp 00003000 08:08 1480435                    /usr/lib/x86_64-linux-gnu/libdrm_amdgpu.so.1.131.0
7f26589e4000-7f26589e6000 r--p 00009000 08:08 1480435                    /usr/lib/x86_64-linux-gnu/libdrm_amdgpu.so.1.131.0
7f26589e6000-7f26589e7000 r--p 0000a000 08:08 1480435                    /usr/lib/x86_64-linux-gnu/libdrm_amdgpu.so.1.131.0
7f26589e7000-7f26589e8000 rw-p 0000b000 08:08 1480435                    /usr/lib/x86_64-linux-gnu/libdrm_amdgpu.so.1.131.0
7f26589e8000-7f26589ec000 r--p 00000000 08:08 1480459                    /usr/lib/x86_64-linux-gnu/libelf-0.194.so
7f26589ec000-7f2658a03000 r-xp 00004000 08:08 1480459                    /usr/lib/x86_64-linux-gnu/libelf-0.194.so
7f2658a03000-7f2658a07000 r--p 0001b000 08:08 1480459                    /usr/lib/x86_64-linux-gnu/libelf-0.194.so
7f2658a07000-7f2658a08000 r--p 0001f000 08:08 1480459                    /usr/lib/x86_64-linux-gnu/libelf-0.194.so
7f2658a08000-7f2658a09000 rw-p 00020000 08:08 1480459                    /usr/lib/x86_64-linux-gnu/libelf-0.194.so
7f2658a09000-7f2658a0a000 r--p 00000000 08:08 1481193                    /usr/lib/x86_64-linux-gnu/libxshmfence.so.1.0.0
7f2658a0a000-7f2658a0b000 r-xp 00001000 08:08 1481193                    /usr/lib/x86_64-linux-gnu/libxshmfence.so.1.0.0
7f2658a0b000-7f2658a0c000 r--p 00002000 08:08 1481193                    /usr/lib/x86_64-linux-gnu/libxshmfence.so.1.0.0
7f2658a0c000-7f2658a0d000 r--p 00002000 08:08 1481193                    /usr/lib/x86_64-linux-gnu/libxshmfence.so.1.0.0
7f2658a0d000-7f2658a0e000 rw-p 00003000 08:08 1481193                    /usr/lib/x86_64-linux-gnu/libxshmfence.so.1.0.0
7f2658a0e000-7f2658a11000 r--p 00000000 08:08 1481174                    /usr/lib/x86_64-linux-gnu/libxcb-sync.so.1.0.0
7f2658a11000-7f2658a14000 r-xp 00003000 08:08 1481174                    /usr/lib/x86_64-linux-gnu/libxcb-sync.so.1.0.0
7f2658a14000-7f2658a15000 r--p 00006000 08:08 1481174                    /usr/lib/x86_64-linux-gnu/libxcb-sync.so.1.0.0
7f2658a15000-7f2658a16000 r--p 00007000 08:08 1481174                    /usr/lib/x86_64-linux-gnu/libxcb-sync.so.1.0.0
7f2658a16000-7f2658a17000 rw-p 00008000 08:08 1481174                    /usr/lib/x86_64-linux-gnu/libxcb-sync.so.1.0.0
7f2658a17000-7f2658a1e000 r--p 00000000 08:08 1481167                    /usr/lib/x86_64-linux-gnu/libxcb-randr.so.0.1.0
7f2658a1e000-7f2658a23000 r-xp 00007000 08:08 1481167                    /usr/lib/x86_64-linux-gnu/libxcb-randr.so.0.1.0
7f2658a23000-7f2658a26000 r--p 0000c000 08:08 1481167                    /usr/lib/x86_64-linux-gnu/libxcb-randr.so.0.1.0
7f2658a26000-7f2658a27000 r--p 0000f000 08:08 1481167                    /usr/lib/x86_64-linux-gnu/libxcb-randr.so.0.1.0
7f2658a27000-7f2658a28000 rw-p 00010000 08:08 1481167                    /usr/lib/x86_64-linux-gnu/libxcb-randr.so.0.1.0
7f2658a28000-7f2658a2b000 r--p 00000000 08:08 1480976                    /usr/lib/x86_64-linux-gnu/libsensors.so.5.0.0
7f2658a2b000-7f2658a33000 r-xp 00003000 08:08 1480976                    /usr/lib/x86_64-linux-gnu/libsensors.so.5.0.0
7f2658a33000-7f2658a37000 r--p 0000b000 08:08 1480976                    /usr/lib/x86_64-linux-gnu/libsensors.so.5.0.0
7f2658a37000-7f2658a38000 r--p 0000f000 08:08 1480976                    /usr/lib/x86_64-linux-gnu/libsensors.so.5.0.0
7f2658a38000-7f2658a39000 rw-p 00010000 08:08 1480976                    /usr/lib/x86_64-linux-gnu/libsensors.so.5.0.0
7f2658a39000-7f2658a3d000 r--p 00000000 08:08 1481211                    /usr/lib/x86_64-linux-gnu/libzstd.so.1.5.7
7f2658a3d000-7f2658aed000 r-xp 00004000 08:08 1481211                    /usr/lib/x86_64-linux-gnu/libzstd.so.1.5.7
7f2658aed000-7f2658afa000 r--p 000b4000 08:08 1481211                    /usr/lib/x86_64-linux-gnu/libzstd.so.1.5.7
7f2658afa000-7f2658afb000 r--p 000c1000 08:08 1481211                    /usr/lib/x86_64-linux-gnu/libzstd.so.1.5.7
7f2658afb000-7f2658afc000 rw-p 000c2000 08:08 1481211                    /usr/lib/x86_64-linux-gnu/libzstd.so.1.5.7
7f2658afc000-7f2658aff000 r--p 00000000 08:08 1481176                    /usr/lib/x86_64-linux-gnu/libxcb-xfixes.so.0.0.0
7f2658aff000-7f2658b02000 r-xp 00003000 08:08 1481176                    /usr/lib/x86_64-linux-gnu/libxcb-xfixes.so.0.0.0
7f2658b02000-7f2658b04000 r--p 00006000 08:08 1481176                    /usr/lib/x86_64-linux-gnu/libxcb-xfixes.so.0.0.0
7f2658b04000-7f2658b05000 r--p 00007000 08:08 1481176                    /usr/lib/x86_64-linux-gnu/libxcb-xfixes.so.0.0.0
7f2658b05000-7f2658b06000 rw-p 00008000 08:08 1481176                    /usr/lib/x86_64-linux-gnu/libxcb-xfixes.so.0.0.0
7f2658b06000-7f2658b07000 r--p 00000000 08:08 1481166                    /usr/lib/x86_64-linux-gnu/libxcb-present.so.0.0.0
7f2658b07000-7f2658b08000 r-xp 00001000 08:08 1481166                    /usr/lib/x86_64-linux-gnu/libxcb-present.so.0.0.0
7f2658b08000-7f2658b09000 r--p 00002000 08:08 1481166                    /usr/lib/x86_64-linux-gnu/libxcb-present.so.0.0.0
7f2658b09000-7f2658b0a000 r--p 00002000 08:08 1481166                    /usr/lib/x86_64-linux-gnu/libxcb-present.so.0.0.0
7f2658b0a000-7f2658b0b000 rw-p 00003000 08:08 1481166                    /usr/lib/x86_64-linux-gnu/libxcb-present.so.0.0.0
7f2658b0b000-7f2658b0f000 r--p 00000000 08:08 1480470                    /usr/lib/x86_64-linux-gnu/libexpat.so.1.11.2
7f2658b0f000-7f2658b2d000 r-xp 00004000 08:08 1480470                    /usr/lib/x86_64-linux-gnu/libexpat.so.1.11.2
7f2658b2d000-7f2658b35000 r--p 00022000 08:08 1480470                    /usr/lib/x86_64-linux-gnu/libexpat.so.1.11.2
7f2658b35000-7f2658b37000 r--p 0002a000 08:08 1480470                    /usr/lib/x86_64-linux-gnu/libexpat.so.1.11.2
7f2658b37000-7f2658b38000 rw-p 0002c000 08:08 1480470                    /usr/lib/x86_64-linux-gnu/libexpat.so.1.11.2
7f2658b38000-7f2658b43000 r--p 00000000 08:08 1479825                    /usr/lib/x86_64-linux-gnu/libGLX_mesa.so.0.0.0
7f2658b43000-7f2658b84000 r-xp 0000b000 08:08 1479825                    /usr/lib/x86_64-linux-gnu/libGLX_mesa.so.0.0.0
7f2658b84000-7f2658b93000 r--p 0004c000 08:08 1479825                    /usr/lib/x86_64-linux-gnu/libGLX_mesa.so.0.0.0
7f2658b93000-7f2658b96000 r--p 0005b000 08:08 1479825                    /usr/lib/x86_64-linux-gnu/libGLX_mesa.so.0.0.0
7f2658b96000-7f2658b97000 rw-p 0005e000 08:08 1479825                    /usr/lib/x86_64-linux-gnu/libGLX_mesa.so.0.0.0
7f2658b97000-7f2658b98000 rw-p 00000000 00:00 0 
7f2658b98000-7f2658bd9000 r--p 00000000 08:08 1479826                    /usr/lib/x86_64-linux-gnu/libGLdispatch.so.0.0.0
7f2658bd9000-7f2658c18000 r-xp 00041000 08:08 1479826                    /usr/lib/x86_64-linux-gnu/libGLdispatch.so.0.0.0
7f2658c18000-7f2658c2c000 r--p 00080000 08:08 1479826                    /usr/lib/x86_64-linux-gnu/libGLdispatch.so.0.0.0
7f2658c2c000-7f2658c48000 r--p 00093000 08:08 1479826                    /usr/lib/x86_64-linux-gnu/libGLdispatch.so.0.0.0
7f2658c48000-7f2658c49000 rw-p 000af000 08:08 1479826                    /usr/lib/x86_64-linux-gnu/libGLdispatch.so.0.0.0
7f2658c49000-7f2658c51000 rw-p 00000000 00:00 0 
7f2658c51000-7f2658c55000 ---p 00000000 00:00 0 
7f2658c55000-7f2659552000 rw-p 00000000 00:00 0 
7f2659552000-7f265955e000 r--p 00000000 08:08 1580735                    /usr/lib/x86_64-linux-gnu/spa-0.2/audioconvert/libspa-audioconvert.so
7f265955e000-7f26595bf000 r-xp 0000c000 08:08 1580735                    /usr/lib/x86_64-linux-gnu/spa-0.2/audioconvert/libspa-audioconvert.so
7f26595bf000-7f265962a000 r--p 0006d000 08:08 1580735                    /usr/lib/x86_64-linux-gnu/spa-0.2/audioconvert/libspa-audioconvert.so
7f265962a000-7f2659638000 r--p 000d7000 08:08 1580735                    /usr/lib/x86_64-linux-gnu/spa-0.2/audioconvert/libspa-audioconvert.so
7f2659638000-7f265963b000 rw-p 000e5000 08:08 1580735                    /usr/lib/x86_64-linux-gnu/spa-0.2/audioconvert/libspa-audioconvert.so
7f265963b000-7f265b63f000 rw-p 00000000 00:00 0 
7f265b63f000-7f265b642000 r--p 00000000 08:08 1480865                    /usr/lib/x86_64-linux-gnu/libpcre2-8.so.0.14.0
7f265b642000-7f265b6be000 r-xp 00003000 08:08 1480865                    /usr/lib/x86_64-linux-gnu/libpcre2-8.so.0.14.0
7f265b6be000-7f265b6e9000 r--p 0007f000 08:08 1480865                    /usr/lib/x86_64-linux-gnu/libpcre2-8.so.0.14.0
7f265b6e9000-7f265b6ea000 r--p 000a9000 08:08 1480865                    /usr/lib/x86_64-linux-gnu/libpcre2-8.so.0.14.0
7f265b6ea000-7f265b6eb000 rw-p 000aa000 08:08 1480865                    /usr/lib/x86_64-linux-gnu/libpcre2-8.so.0.14.0
7f265b6eb000-7f265beec000 rw-p 00000000 00:00 0 
7f265beec000-7f265bf05000 r--p 00000000 08:08 1481035                    /usr/lib/x86_64-linux-gnu/libsystemd.so.0.42.0
7f265bf05000-7f265bfbc000 r-xp 00019000 08:08 1481035                    /usr/lib/x86_64-linux-gnu/libsystemd.so.0.42.0
7f265bfbc000-7f265bff6000 r--p 000d0000 08:08 1481035                    /usr/lib/x86_64-linux-gnu/libsystemd.so.0.42.0
7f265bff6000-7f265bffe000 r--p 0010a000 08:08 1481035                    /usr/lib/x86_64-linux-gnu/libsystemd.so.0.42.0
7f265bffe000-7f265bfff000 rw-p 00112000 08:08 1481035                    /usr/lib/x86_64-linux-gnu/libsystemd.so.0.42.0
7f265bfff000-7f265c021000 rw-p 00000000 00:00 0 
7f265c021000-7f2660000000 ---p 00000000 00:00 0 
7f2660000000-7f2660021000 rw-p 00000000 00:00 0 
7f2660021000-7f2664000000 ---p 00000000 00:00 0 
7f2664000000-7f2665d89000 rw-p 00000000 00:00 0 
7f2665d89000-7f2668000000 ---p 00000000 00:00 0 
7f2668000000-7f26688a9000 rw-p 00000000 00:00 0 
7f26688a9000-7f266c000000 ---p 00000000 00:00 0 
7f266c000000-7f266c021000 rw-p 00000000 00:00 0 
7f266c021000-7f2670000000 ---p 00000000 00:00 0 
7f2670000000-7f2670021000 rw-p 00000000 00:00 0 
7f2670021000-7f2674000000 ---p 00000000 00:00 0 
7f2674000000-7f2674021000 rw-p 00000000 00:00 0 
7f2674021000-7f2678000000 ---p 00000000 00:00 0 
7f2678000000-7f2678021000 rw-p 00000000 00:00 0 
7f2678021000-7f267c000000 ---p 00000000 00:00 0 
7f267c000000-7f267c400000 rw-p 00000000 00:00 0 
7f267c400000-7f267c620000 rw-p 00000000 00:00 0 
7f267c620000-7f267c940000 rw-p 00000000 00:00 0 
7f267c940000-7f267c980000 rw-p 00000000 00:00 0 
7f267c980000-7f267cb00000 rw-p 00000000 00:00 0 
7f267cb00000-7f267cc00000 rw-p 00000000 00:00 0 
7f267cc00000-7f267cc40000 rw-p 00000000 00:00 0 
7f267cc40000-7f267cc80000 rw-p 00000000 00:00 0 
7f267cc80000-7f267cd00000 rw-p 00000000 00:00 0 
7f267cd00000-7f267cf00000 rw-p 00000000 00:00 0 
7f267cf00000-7f267cf90000 rw-p 00000000 00:00 0 
7f267cf90000-7f267d000000 ---p 00000000 00:00 0 
7f267d000000-7f267d320000 rw-p 00000000 00:00 0 
7f267d320000-7f2680000000 ---p 00000000 00:00 0 
7f2680000000-7f2680021000 rw-p 00000000 00:00 0 
7f2680021000-7f2684000000 ---p 00000000 00:00 0 
7f2684000000-7f2684021000 rw-p 00000000 00:00 0 
7f2684021000-7f2688000000 ---p 00000000 00:00 0 
7f2688000000-7f2688021000 rw-p 00000000 00:00 0 
7f2688021000-7f268c000000 ---p 00000000 00:00 0 
7f268c000000-7f268c021000 rw-p 00000000 00:00 0 
7f268c021000-7f2690000000 ---p 00000000 00:00 0 
7f2690000000-7f2690021000 rw-p 00000000 00:00 0 
7f2690021000-7f2694000000 ---p 00000000 00:00 0 
7f2694001000-7f2694003000 rw-s 107e3e000 00:11 1062                      anon_inode:i915.gem
7f2694003000-7f269400e000 r--p 00000000 08:08 1481162                    /usr/lib/x86_64-linux-gnu/libxcb-glx.so.0.0.0
7f269400e000-7f2694017000 r-xp 0000b000 08:08 1481162                    /usr/lib/x86_64-linux-gnu/libxcb-glx.so.0.0.0
7f2694017000-7f269401c000 r--p 00014000 08:08 1481162                    /usr/lib/x86_64-linux-gnu/libxcb-glx.so.0.0.0
7f269401c000-7f269401e000 r--p 00019000 08:08 1481162                    /usr/lib/x86_64-linux-gnu/libxcb-glx.so.0.0.0
7f269401e000-7f269401f000 rw-p 0001b000 08:08 1481162                    /usr/lib/x86_64-linux-gnu/libxcb-glx.so.0.0.0
7f269401f000-7f2694024000 r--p 00000000 08:08 1480434                    /usr/lib/x86_64-linux-gnu/libdrm.so.2.131.0
7f2694024000-7f2694030000 r-xp 00005000 08:08 1480434                    /usr/lib/x86_64-linux-gnu/libdrm.so.2.131.0
7f2694030000-7f2694034000 r--p 00011000 08:08 1480434                    /usr/lib/x86_64-linux-gnu/libdrm.so.2.131.0
7f2694034000-7f2694035000 r--p 00015000 08:08 1480434                    /usr/lib/x86_64-linux-gnu/libdrm.so.2.131.0
7f2694035000-7f2694036000 rw-p 00016000 08:08 1480434                    /usr/lib/x86_64-linux-gnu/libdrm.so.2.131.0
7f2694036000-7f2694039000 r--p 00000000 08:08 1479824                    /usr/lib/x86_64-linux-gnu/libGLX.so.0.0.0
7f2694039000-7f2694054000 r-xp 00003000 08:08 1479824                    /usr/lib/x86_64-linux-gnu/libGLX.so.0.0.0
7f2694054000-7f2694057000 r--p 0001e000 08:08 1479824                    /usr/lib/x86_64-linux-gnu/libGLX.so.0.0.0
7f2694057000-7f2694058000 r--p 00021000 08:08 1479824                    /usr/lib/x86_64-linux-gnu/libGLX.so.0.0.0
7f2694058000-7f2694059000 rw-p 00022000 08:08 1479824                    /usr/lib/x86_64-linux-gnu/libGLX.so.0.0.0
7f2694059000-7f2694069000 rw-p 00000000 00:00 0 
7f2694069000-7f269407c000 r--p 00000000 00:2c 473                        /tmp/lwjgl_abdullah/3.3.3+5/x64/libopenal.so
7f269407c000-7f269411c000 r-xp 00013000 00:2c 473                        /tmp/lwjgl_abdullah/3.3.3+5/x64/libopenal.so
7f269411c000-7f269417e000 r--p 000b3000 00:2c 473                        /tmp/lwjgl_abdullah/3.3.3+5/x64/libopenal.so
7f269417e000-7f269417f000 ---p 00115000 00:2c 473                        /tmp/lwjgl_abdullah/3.3.3+5/x64/libopenal.so
7f269417f000-7f2694184000 r--p 00115000 00:2c 473                        /tmp/lwjgl_abdullah/3.3.3+5/x64/libopenal.so
7f2694184000-7f2694185000 rw-p 0011a000 00:2c 473                        /tmp/lwjgl_abdullah/3.3.3+5/x64/libopenal.so
7f2694185000-7f2694200000 rw-p 00000000 00:00 0 
7f2694200000-7f2694a00000 rw-p 00000000 00:00 0 
7f2694a00000-7f2694a40000 rw-s 11361c000 00:11 1062                      anon_inode:i915.gem
7f2694a40000-7f2694a44000 r--p 00000000 08:08 1576256                    /usr/lib/x86_64-linux-gnu/pipewire-0.3/libpipewire-module-session-manager.so
7f2694a44000-7f2694a63000 r-xp 00004000 08:08 1576256                    /usr/lib/x86_64-linux-gnu/pipewire-0.3/libpipewire-module-session-manager.so
7f2694a63000-7f2694a68000 r--p 00023000 08:08 1576256                    /usr/lib/x86_64-linux-gnu/pipewire-0.3/libpipewire-module-session-manager.so
7f2694a68000-7f2694a6a000 r--p 00027000 08:08 1576256                    /usr/lib/x86_64-linux-gnu/pipewire-0.3/libpipewire-module-session-manager.so
7f2694a6a000-7f2694a6b000 rw-p 00029000 08:08 1576256                    /usr/lib/x86_64-linux-gnu/pipewire-0.3/libpipewire-module-session-manager.so
7f2694a6b000-7f2694a72000 r--p 00000000 08:08 1480974                    /usr/lib/x86_64-linux-gnu/libselinux.so.1
7f2694a72000-7f2694a93000 r-xp 00007000 08:08 1480974                    /usr/lib/x86_64-linux-gnu/libselinux.so.1
7f2694a93000-7f2694a9a000 r--p 00028000 08:08 1480974                    /usr/lib/x86_64-linux-gnu/libselinux.so.1
7f2694a9a000-7f2694a9b000 r--p 0002f000 08:08 1480974                    /usr/lib/x86_64-linux-gnu/libselinux.so.1
7f2694a9b000-7f2694a9c000 rw-p 00030000 08:08 1480974                    /usr/lib/x86_64-linux-gnu/libselinux.so.1
7f2694a9c000-7f2694a9e000 rw-p 00000000 00:00 0 
7f2694a9e000-7f2694ac3000 r--p 00000000 08:08 1480873                    /usr/lib/x86_64-linux-gnu/libpipewire-0.3.so.0.1602.0
7f2694ac3000-7f2694b48000 r-xp 00025000 08:08 1480873                    /usr/lib/x86_64-linux-gnu/libpipewire-0.3.so.0.1602.0
7f2694b48000-7f2694b64000 r--p 000aa000 08:08 1480873                    /usr/lib/x86_64-linux-gnu/libpipewire-0.3.so.0.1602.0
7f2694b64000-7f2694b7f000 r--p 000c6000 08:08 1480873                    /usr/lib/x86_64-linux-gnu/libpipewire-0.3.so.0.1602.0
7f2694b7f000-7f2694b80000 rw-p 000e1000 08:08 1480873                    /usr/lib/x86_64-linux-gnu/libpipewire-0.3.so.0.1602.0
7f2694b80000-7f2694b81000 rw-p 00000000 00:00 0 
7f2694b81000-7f2694b89000 r--p 00000000 00:2c 471                        /tmp/lwjgl_abdullah/3.3.3+5/x64/libjemalloc.so
7f2694b89000-7f2694bde000 r-xp 00008000 00:2c 471                        /tmp/lwjgl_abdullah/3.3.3+5/x64/libjemalloc.so
7f2694bde000-7f2694bee000 r--p 0005d000 00:2c 471                        /tmp/lwjgl_abdullah/3.3.3+5/x64/libjemalloc.so
7f2694bee000-7f2694bef000 ---p 0006d000 00:2c 471                        /tmp/lwjgl_abdullah/3.3.3+5/x64/libjemalloc.so
7f2694bef000-7f2694bf5000 r--p 0006d000 00:2c 471                        /tmp/lwjgl_abdullah/3.3.3+5/x64/libjemalloc.so
7f2694bf5000-7f2694bf6000 rw-p 00073000 00:2c 471                        /tmp/lwjgl_abdullah/3.3.3+5/x64/libjemalloc.so
7f2694bf6000-7f2694e00000 rw-p 00000000 00:00 0 
7f2694e00000-7f2694e20000 r-xp 00000000 00:2c 465                        /tmp/libgdxabdullah/da3a4817/libgdx64.so
7f2694e20000-7f2695020000 ---p 00020000 00:2c 465                        /tmp/libgdxabdullah/da3a4817/libgdx64.so
7f2695020000-7f2695021000 r--p 00020000 00:2c 465                        /tmp/libgdxabdullah/da3a4817/libgdx64.so
7f2695021000-7f2695022000 rw-p 00021000 00:2c 465                        /tmp/libgdxabdullah/da3a4817/libgdx64.so
7f2695023000-7f2695026000 r--p 00000000 08:08 1576235                    /usr/lib/x86_64-linux-gnu/pipewire-0.3/libpipewire-module-metadata.so
7f2695026000-7f2695030000 r-xp 00003000 08:08 1576235                    /usr/lib/x86_64-linux-gnu/pipewire-0.3/libpipewire-module-metadata.so
7f2695030000-7f2695032000 r--p 0000d000 08:08 1576235                    /usr/lib/x86_64-linux-gnu/pipewire-0.3/libpipewire-module-metadata.so
7f2695032000-7f2695033000 r--p 0000e000 08:08 1576235                    /usr/lib/x86_64-linux-gnu/pipewire-0.3/libpipewire-module-metadata.so
7f2695033000-7f2695034000 rw-p 0000f000 08:08 1576235                    /usr/lib/x86_64-linux-gnu/pipewire-0.3/libpipewire-module-metadata.so
7f2695034000-7f269504d000 r--p 00000000 08:08 1480133                    /usr/lib/x86_64-linux-gnu/libX11.so.6.4.0
7f269504d000-7f26950e2000 r-xp 00019000 08:08 1480133                    /usr/lib/x86_64-linux-gnu/libX11.so.6.4.0
7f26950e2000-7f2695171000 r--p 000ae000 08:08 1480133                    /usr/lib/x86_64-linux-gnu/libX11.so.6.4.0
7f2695171000-7f2695172000 r--p 0013d000 08:08 1480133                    /usr/lib/x86_64-linux-gnu/libX11.so.6.4.0
7f2695172000-7f2695176000 rw-p 0013e000 08:08 1480133                    /usr/lib/x86_64-linux-gnu/libX11.so.6.4.0
7f2695176000-7f2695184000 r--p 00000000 00:2c 472                        /tmp/lwjgl_abdullah/3.3.3+5/x64/libglfw.so
7f2695184000-7f26951a3000 r-xp 0000e000 00:2c 472                        /tmp/lwjgl_abdullah/3.3.3+5/x64/libglfw.so
7f26951a3000-7f26951d6000 r--p 0002d000 00:2c 472                        /tmp/lwjgl_abdullah/3.3.3+5/x64/libglfw.so
7f26951d6000-7f26951d7000 ---p 00060000 00:2c 472                        /tmp/lwjgl_abdullah/3.3.3+5/x64/libglfw.so
7f26951d7000-7f26951da000 r--p 00060000 00:2c 472                        /tmp/lwjgl_abdullah/3.3.3+5/x64/libglfw.so
7f26951da000-7f26951dd000 rw-p 00063000 00:2c 472                        /tmp/lwjgl_abdullah/3.3.3+5/x64/libglfw.so
7f26951dd000-7f2695200000 rw-p 00000000 00:00 0 
7f2695200000-7f2695204000 ---p 00000000 00:00 0 
7f2695204000-7f2695300000 rw-p 00000000 00:00 0 
7f2695300000-7f2695304000 ---p 00000000 00:00 0 
7f2695304000-7f2695400000 rw-p 00000000 00:00 0 
7f2695400000-7f2695404000 ---p 00000000 00:00 0 
7f2695404000-7f2695500000 rw-p 00000000 00:00 0 
7f2695500000-7f2695504000 ---p 00000000 00:00 0 
7f2695504000-7f2695600000 rw-p 00000000 00:00 0 
7f2695600000-7f2695604000 ---p 00000000 00:00 0 
7f2695604000-7f2695700000 rw-p 00000000 00:00 0 
7f2695700000-7f2695704000 ---p 00000000 00:00 0 
7f2695704000-7f2695800000 rw-p 00000000 00:00 0 
7f2695800000-7f2695804000 ---p 00000000 00:00 0 
7f2695804000-7f2695900000 rw-p 00000000 00:00 0 
7f2695900000-7f2695904000 ---p 00000000 00:00 0 
7f2695904000-7f2695a00000 rw-p 00000000 00:00 0 
7f2695a00000-7f2695f8e000 r--p 00000000 08:08 1465884                    /usr/lib/locale/locale-archive
7f2695f8f000-7f2695f91000 r--p 00000000 08:08 1481161                    /usr/lib/x86_64-linux-gnu/libxcb-dri3.so.0.1.0
7f2695f91000-7f2695f93000 r-xp 00002000 08:08 1481161                    /usr/lib/x86_64-linux-gnu/libxcb-dri3.so.0.1.0
7f2695f93000-7f2695f94000 r--p 00004000 08:08 1481161                    /usr/lib/x86_64-linux-gnu/libxcb-dri3.so.0.1.0
7f2695f94000-7f2695f95000 r--p 00004000 08:08 1481161                    /usr/lib/x86_64-linux-gnu/libxcb-dri3.so.0.1.0
7f2695f95000-7f2695f96000 rw-p 00005000 08:08 1481161                    /usr/lib/x86_64-linux-gnu/libxcb-dri3.so.0.1.0
7f2695f96000-7f2695f9a000 r--p 00000000 08:08 1576226                    /usr/lib/x86_64-linux-gnu/pipewire-0.3/libpipewire-module-client-node.so
7f2695f9a000-7f2695fb5000 r-xp 00004000 08:08 1576226                    /usr/lib/x86_64-linux-gnu/pipewire-0.3/libpipewire-module-client-node.so
7f2695fb5000-7f2695fba000 r--p 0001f000 08:08 1576226                    /usr/lib/x86_64-linux-gnu/pipewire-0.3/libpipewire-module-client-node.so
7f2695fba000-7f2695fbc000 r--p 00023000 08:08 1576226                    /usr/lib/x86_64-linux-gnu/pipewire-0.3/libpipewire-module-client-node.so
7f2695fbc000-7f2695fbd000 rw-p 00025000 08:08 1576226                    /usr/lib/x86_64-linux-gnu/pipewire-0.3/libpipewire-module-client-node.so
7f2695fbd000-7f2695fca000 r--p 00000000 08:08 1576242                    /usr/lib/x86_64-linux-gnu/pipewire-0.3/libpipewire-module-protocol-native.so
7f2695fca000-7f2695fe9000 r-xp 0000d000 08:08 1576242                    /usr/lib/x86_64-linux-gnu/pipewire-0.3/libpipewire-module-protocol-native.so
7f2695fe9000-7f2695ff4000 r--p 0002c000 08:08 1576242                    /usr/lib/x86_64-linux-gnu/pipewire-0.3/libpipewire-module-protocol-native.so
7f2695ff4000-7f2695fff000 r--p 00036000 08:08 1576242                    /usr/lib/x86_64-linux-gnu/pipewire-0.3/libpipewire-module-protocol-native.so
7f2695fff000-7f2696000000 rw-p 00041000 08:08 1576242                    /usr/lib/x86_64-linux-gnu/pipewire-0.3/libpipewire-module-protocol-native.so
7f2696000000-7f2698021000 rw-p 00000000 00:00 0 
7f2698021000-7f269c000000 ---p 00000000 00:00 0 
7f269c000000-7f269c021000 rw-p 00000000 00:00 0 
7f269c021000-7f26a0000000 ---p 00000000 00:00 0 
7f26a0000000-7f26a0021000 rw-p 00000000 00:00 0 
7f26a0021000-7f26a4000000 ---p 00000000 00:00 0 
7f26a4000000-7f26a4001000 rw-s 00000000 00:01 67648                      /memfd:xshmfence (deleted)
7f26a4001000-7f26a4002000 r--p 00000000 08:08 1481173                    /usr/lib/x86_64-linux-gnu/libxcb-shm.so.0.0.0
7f26a4002000-7f26a4003000 r-xp 00001000 08:08 1481173                    /usr/lib/x86_64-linux-gnu/libxcb-shm.so.0.0.0
7f26a4003000-7f26a4004000 r--p 00002000 08:08 1481173                    /usr/lib/x86_64-linux-gnu/libxcb-shm.so.0.0.0
7f26a4004000-7f26a4005000 r--p 00002000 08:08 1481173                    /usr/lib/x86_64-linux-gnu/libxcb-shm.so.0.0.0
7f26a4005000-7f26a4006000 rw-p 00003000 08:08 1481173                    /usr/lib/x86_64-linux-gnu/libxcb-shm.so.0.0.0
7f26a4006000-7f26a4012000 r--p 00000000 08:08 1480403                    /usr/lib/x86_64-linux-gnu/libdbus-1.so.3.38.3
7f26a4012000-7f26a4043000 r-xp 0000c000 08:08 1480403                    /usr/lib/x86_64-linux-gnu/libdbus-1.so.3.38.3
7f26a4043000-7f26a4054000 r--p 0003d000 08:08 1480403                    /usr/lib/x86_64-linux-gnu/libdbus-1.so.3.38.3
7f26a4054000-7f26a4055000 r--p 0004d000 08:08 1480403                    /usr/lib/x86_64-linux-gnu/libdbus-1.so.3.38.3
7f26a4055000-7f26a4056000 rw-p 0004e000 08:08 1480403                    /usr/lib/x86_64-linux-gnu/libdbus-1.so.3.38.3
7f26a4056000-7f26a405b000 r--p 00000000 08:08 1580758                    /usr/lib/x86_64-linux-gnu/spa-0.2/support/libspa-support.so
7f26a405b000-7f26a4076000 r-xp 00005000 08:08 1580758                    /usr/lib/x86_64-linux-gnu/spa-0.2/support/libspa-support.so
7f26a4076000-7f26a407c000 r--p 00020000 08:08 1580758                    /usr/lib/x86_64-linux-gnu/spa-0.2/support/libspa-support.so
7f26a407c000-7f26a4084000 r--p 00025000 08:08 1580758                    /usr/lib/x86_64-linux-gnu/spa-0.2/support/libspa-support.so
7f26a4084000-7f26a4085000 rw-p 0002d000 08:08 1580758                    /usr/lib/x86_64-linux-gnu/spa-0.2/support/libspa-support.so
7f26a4085000-7f26a40ae000 r--p 00000000 00:2c 470                        /tmp/lwjgl_abdullah/3.3.3+5/x64/liblwjgl.so
7f26a40ae000-7f26a40e0000 r-xp 00029000 00:2c 470                        /tmp/lwjgl_abdullah/3.3.3+5/x64/liblwjgl.so
7f26a40e0000-7f26a40f9000 r--p 0005b000 00:2c 470                        /tmp/lwjgl_abdullah/3.3.3+5/x64/liblwjgl.so
7f26a40f9000-7f26a40fa000 r--p 00073000 00:2c 470                        /tmp/lwjgl_abdullah/3.3.3+5/x64/liblwjgl.so
7f26a40fa000-7f26a40fb000 rw-p 00074000 00:2c 470                        /tmp/lwjgl_abdullah/3.3.3+5/x64/liblwjgl.so
7f26a40fb000-7f26a40ff000 ---p 00000000 00:00 0 
7f26a40ff000-7f26a45ff000 rw-p 00000000 00:00 0 
7f26a45ff000-7f26a4bbf000 rwxp 00000000 00:00 0 
7f26a4bbf000-7f26abb37000 ---p 00000000 00:00 0 
7f26abb37000-7f26abda7000 rwxp 00000000 00:00 0 
7f26abda7000-7f26ac0c8000 ---p 00000000 00:00 0 
7f26ac0c8000-7f26ac338000 rwxp 00000000 00:00 0 
7f26ac338000-7f26b3600000 ---p 00000000 00:00 0 
7f26b3600000-7f26bbfc3000 r--s 00000000 08:08 1486672                    /usr/lib/jvm/java-25-openjdk-amd64/lib/modules
7f26bbfc3000-7f26bbfc5000 rw-s 10c4db000 00:11 1062                      anon_inode:i915.gem
7f26bbfc5000-7f26bbfc7000 rw-s 1126a4000 00:11 1062                      anon_inode:i915.gem
7f26bbfc7000-7f26bbfc8000 rw-s 00000000 00:01 63343                      /memfd:xshmfence (deleted)
7f26bbfc8000-7f26bbfc9000 rw-s 00000000 00:01 67638                      /memfd:xshmfence (deleted)
7f26bbfc9000-7f26bbfca000 rw-s 112231000 00:11 1062                      anon_inode:i915.gem
7f26bbfca000-7f26bbfcb000 rw-s 112230000 00:11 1062                      anon_inode:i915.gem
7f26bbfcb000-7f26bbfcc000 rw-s 00000000 00:01 1137                       /memfd:pipewire-memfd:flags=0x0000000f,type=2,size=2312 (deleted)
7f26bbfcc000-7f26bbfcd000 rw-s 109f3b000 00:11 1062                      anon_inode:i915.gem
7f26bbfcd000-7f26bbfcf000 r--p 00000000 08:08 1576223                    /usr/lib/x86_64-linux-gnu/pipewire-0.3/libpipewire-module-adapter.so
7f26bbfcf000-7f26bbfd3000 r-xp 00002000 08:08 1576223                    /usr/lib/x86_64-linux-gnu/pipewire-0.3/libpipewire-module-adapter.so
7f26bbfd3000-7f26bbfd5000 r--p 00006000 08:08 1576223                    /usr/lib/x86_64-linux-gnu/pipewire-0.3/libpipewire-module-adapter.so
7f26bbfd5000-7f26bbfd6000 r--p 00007000 08:08 1576223                    /usr/lib/x86_64-linux-gnu/pipewire-0.3/libpipewire-module-adapter.so
7f26bbfd6000-7f26bbfd7000 rw-p 00008000 08:08 1576223                    /usr/lib/x86_64-linux-gnu/pipewire-0.3/libpipewire-module-adapter.so
7f26bbfd7000-7f26bbfd9000 r--p 00000000 08:08 1576225                    /usr/lib/x86_64-linux-gnu/pipewire-0.3/libpipewire-module-client-device.so
7f26bbfd9000-7f26bbfe6000 r-xp 00002000 08:08 1576225                    /usr/lib/x86_64-linux-gnu/pipewire-0.3/libpipewire-module-client-device.so
7f26bbfe6000-7f26bbfe7000 r--p 0000f000 08:08 1576225                    /usr/lib/x86_64-linux-gnu/pipewire-0.3/libpipewire-module-client-device.so
7f26bbfe7000-7f26bbfe8000 r--p 00010000 08:08 1576225                    /usr/lib/x86_64-linux-gnu/pipewire-0.3/libpipewire-module-client-device.so
7f26bbfe8000-7f26bbfe9000 rw-p 00011000 08:08 1576225                    /usr/lib/x86_64-linux-gnu/pipewire-0.3/libpipewire-module-client-device.so
7f26bbfe9000-7f26bbfea000 r--p 00000000 08:08 1480132                    /usr/lib/x86_64-linux-gnu/libX11-xcb.so.1.0.0
7f26bbfea000-7f26bbfeb000 r-xp 00001000 08:08 1480132                    /usr/lib/x86_64-linux-gnu/libX11-xcb.so.1.0.0
7f26bbfeb000-7f26bbfec000 r--p 00002000 08:08 1480132                    /usr/lib/x86_64-linux-gnu/libX11-xcb.so.1.0.0
7f26bbfec000-7f26bbfed000 r--p 00002000 08:08 1480132                    /usr/lib/x86_64-linux-gnu/libX11-xcb.so.1.0.0
7f26bbfed000-7f26bbfee000 rw-p 00003000 08:08 1480132                    /usr/lib/x86_64-linux-gnu/libX11-xcb.so.1.0.0
7f26bbfee000-7f26bbfef000 r--p 00000000 08:08 1480149                    /usr/lib/x86_64-linux-gnu/libXinerama.so.1.0.0
7f26bbfef000-7f26bbff0000 r-xp 00001000 08:08 1480149                    /usr/lib/x86_64-linux-gnu/libXinerama.so.1.0.0
7f26bbff0000-7f26bbff1000 r--p 00002000 08:08 1480149                    /usr/lib/x86_64-linux-gnu/libXinerama.so.1.0.0
7f26bbff1000-7f26bbff2000 r--p 00002000 08:08 1480149                    /usr/lib/x86_64-linux-gnu/libXinerama.so.1.0.0
7f26bbff2000-7f26bbff3000 rw-p 00003000 08:08 1480149                    /usr/lib/x86_64-linux-gnu/libXinerama.so.1.0.0
7f26bbff3000-7f26bbff6000 r--p 00000000 08:08 1480139                    /usr/lib/x86_64-linux-gnu/libXcursor.so.1.0.2
7f26bbff6000-7f26bbffc000 r-xp 00003000 08:08 1480139                    /usr/lib/x86_64-linux-gnu/libXcursor.so.1.0.2
7f26bbffc000-7f26bbffe000 r--p 00009000 08:08 1480139                    /usr/lib/x86_64-linux-gnu/libXcursor.so.1.0.2
7f26bbffe000-7f26bbfff000 r--p 0000a000 08:08 1480139                    /usr/lib/x86_64-linux-gnu/libXcursor.so.1.0.2
7f26bbfff000-7f26bc000000 rw-p 0000b000 08:08 1480139                    /usr/lib/x86_64-linux-gnu/libXcursor.so.1.0.2
7f26bc000000-7f26bebdc000 rw-p 00000000 00:00 0 
7f26bebdc000-7f26c0000000 ---p 00000000 00:00 0 
7f26c0000000-7f26c0002000 r--p 00000000 08:08 1480145                    /usr/lib/x86_64-linux-gnu/libXfixes.so.3.1.0
7f26c0002000-7f26c0005000 r-xp 00002000 08:08 1480145                    /usr/lib/x86_64-linux-gnu/libXfixes.so.3.1.0
7f26c0005000-7f26c0006000 r--p 00005000 08:08 1480145                    /usr/lib/x86_64-linux-gnu/libXfixes.so.3.1.0
7f26c0006000-7f26c0007000 r--p 00005000 08:08 1480145                    /usr/lib/x86_64-linux-gnu/libXfixes.so.3.1.0
7f26c0007000-7f26c0008000 rw-p 00006000 08:08 1480145                    /usr/lib/x86_64-linux-gnu/libXfixes.so.3.1.0
7f26c0008000-7f26c000a000 r--p 00000000 08:08 1480155                    /usr/lib/x86_64-linux-gnu/libXrender.so.1.3.0
7f26c000a000-7f26c0011000 r-xp 00002000 08:08 1480155                    /usr/lib/x86_64-linux-gnu/libXrender.so.1.3.0
7f26c0011000-7f26c0012000 r--p 00009000 08:08 1480155                    /usr/lib/x86_64-linux-gnu/libXrender.so.1.3.0
7f26c0012000-7f26c0013000 r--p 00009000 08:08 1480155                    /usr/lib/x86_64-linux-gnu/libXrender.so.1.3.0
7f26c0013000-7f26c0014000 rw-p 0000a000 08:08 1480155                    /usr/lib/x86_64-linux-gnu/libXrender.so.1.3.0
7f26c0014000-7f26c0016000 r--p 00000000 08:08 1480154                    /usr/lib/x86_64-linux-gnu/libXrandr.so.2.2.0
7f26c0016000-7f26c001d000 r-xp 00002000 08:08 1480154                    /usr/lib/x86_64-linux-gnu/libXrandr.so.2.2.0
7f26c001d000-7f26c001f000 r--p 00009000 08:08 1480154                    /usr/lib/x86_64-linux-gnu/libXrandr.so.2.2.0
7f26c001f000-7f26c0020000 r--p 0000a000 08:08 1480154                    /usr/lib/x86_64-linux-gnu/libXrandr.so.2.2.0
7f26c0020000-7f26c0021000 rw-p 0000b000 08:08 1480154                    /usr/lib/x86_64-linux-gnu/libXrandr.so.2.2.0
7f26c0021000-7f26c0024000 r--p 00000000 08:08 1480148                    /usr/lib/x86_64-linux-gnu/libXi.so.6.1.0
7f26c0024000-7f26c0031000 r-xp 00003000 08:08 1480148                    /usr/lib/x86_64-linux-gnu/libXi.so.6.1.0
7f26c0031000-7f26c0033000 r--p 00010000 08:08 1480148                    /usr/lib/x86_64-linux-gnu/libXi.so.6.1.0
7f26c0033000-7f26c0034000 r--p 00012000 08:08 1480148                    /usr/lib/x86_64-linux-gnu/libXi.so.6.1.0
7f26c0034000-7f26c0035000 rw-p 00013000 08:08 1480148                    /usr/lib/x86_64-linux-gnu/libXi.so.6.1.0
7f26c0035000-7f26c0039000 r--p 00000000 08:08 1480144                    /usr/lib/x86_64-linux-gnu/libXext.so.6.4.0
7f26c0039000-7f26c0044000 r-xp 00004000 08:08 1480144                    /usr/lib/x86_64-linux-gnu/libXext.so.6.4.0
7f26c0044000-7f26c0047000 r--p 0000f000 08:08 1480144                    /usr/lib/x86_64-linux-gnu/libXext.so.6.4.0
7f26c0047000-7f26c0048000 r--p 00011000 08:08 1480144                    /usr/lib/x86_64-linux-gnu/libXext.so.6.4.0
7f26c0048000-7f26c0049000 rw-p 00012000 08:08 1480144                    /usr/lib/x86_64-linux-gnu/libXext.so.6.4.0
7f26c0049000-7f26c0055000 r--p 00000000 08:08 1481181                    /usr/lib/x86_64-linux-gnu/libxcb.so.1.1.0
7f26c0055000-7f26c0069000 r-xp 0000c000 08:08 1481181                    /usr/lib/x86_64-linux-gnu/libxcb.so.1.1.0
7f26c0069000-7f26c0072000 r--p 00020000 08:08 1481181                    /usr/lib/x86_64-linux-gnu/libxcb.so.1.1.0
7f26c0072000-7f26c0073000 r--p 00028000 08:08 1481181                    /usr/lib/x86_64-linux-gnu/libxcb.so.1.1.0
7f26c0073000-7f26c0074000 rw-p 00029000 08:08 1481181                    /usr/lib/x86_64-linux-gnu/libxcb.so.1.1.0
7f26c0074000-7f26c04f9000 rw-p 00000000 00:00 0 
7f26c04f9000-7f26c07fc000 rw-p 00000000 00:00 0 
7f26c07fc000-7f26c0888000 rw-p 00000000 00:00 0 
7f26c0888000-7f26c0904000 ---p 00000000 00:00 0 
7f26c0904000-7f26c0908000 rw-p 00000000 00:00 0 
7f26c0908000-7f26c0918000 ---p 00000000 00:00 0 
7f26c0918000-7f26c092c000 rw-p 00000000 00:00 0 
7f26c092c000-7f26c09e8000 ---p 00000000 00:00 0 
7f26c09e8000-7f26c09ec000 rw-p 00000000 00:00 0 
7f26c09ec000-7f26c267c000 ---p 00000000 00:00 0 
7f26c267c000-7f26c2696000 rw-p 00000000 00:00 0 
7f26c2696000-7f26c26a5000 ---p 00000000 00:00 0 
7f26c26a5000-7f26c26a6000 rw-p 00000000 00:00 0 
7f26c26a6000-7f26c26a7000 ---p 00000000 00:00 0 
7f26c26a7000-7f26c26aa000 rw-p 00000000 00:00 0 
7f26c26aa000-7f26c26c1000 ---p 00000000 00:00 0 
7f26c26c1000-7f26c26c2000 rw-p 00000000 00:00 0 
7f26c26c2000-7f26c2a54000 ---p 00000000 00:00 0 
7f26c2a54000-7f26c2a67000 rw-p 00000000 00:00 0 
7f26c2a67000-7f26c2a76000 ---p 00000000 00:00 0 
7f26c2a76000-7f26c2a77000 rw-p 00000000 00:00 0 
7f26c2a77000-7f26c2a78000 ---p 00000000 00:00 0 
7f26c2a78000-7f26c2a7b000 rw-p 00000000 00:00 0 
7f26c2a7b000-7f26c2a92000 ---p 00000000 00:00 0 
7f26c2a92000-7f26c2a93000 rw-p 00000000 00:00 0 
7f26c2a93000-7f26c2e25000 ---p 00000000 00:00 0 
7f26c2e25000-7f26c322f000 rw-p 00000000 00:00 0 
7f26c322f000-7f26c3315000 ---p 00000000 00:00 0 
7f26c3315000-7f26c3321000 rw-p 00000000 00:00 0 
7f26c3321000-7f26c3400000 ---p 00000000 00:00 0 
7f26c3400000-7f26c34a3000 r--p 00000000 08:08 1481029                    /usr/lib/x86_64-linux-gnu/libstdc++.so.6.0.35
7f26c34a3000-7f26c35fe000 r-xp 000a3000 08:08 1481029                    /usr/lib/x86_64-linux-gnu/libstdc++.so.6.0.35
7f26c35fe000-7f26c368a000 r--p 001fe000 08:08 1481029                    /usr/lib/x86_64-linux-gnu/libstdc++.so.6.0.35
7f26c368a000-7f26c3699000 r--p 0028a000 08:08 1481029                    /usr/lib/x86_64-linux-gnu/libstdc++.so.6.0.35
7f26c3699000-7f26c369c000 rw-p 00299000 08:08 1481029                    /usr/lib/x86_64-linux-gnu/libstdc++.so.6.0.35
7f26c369c000-7f26c36a0000 rw-p 00000000 00:00 0 
7f26c36a0000-7f26c36a1000 rw-s 00000000 00:01 63333                      /memfd:pipewire-memfd:flags=0x0000000f,type=2,size=4096 (deleted)
7f26c36a1000-7f26c36a2000 r--p 00000000 08:08 1480161                    /usr/lib/x86_64-linux-gnu/libXxf86vm.so.1.0.0
7f26c36a2000-7f26c36a5000 r-xp 00001000 08:08 1480161                    /usr/lib/x86_64-linux-gnu/libXxf86vm.so.1.0.0
7f26c36a5000-7f26c36a6000 r--p 00004000 08:08 1480161                    /usr/lib/x86_64-linux-gnu/libXxf86vm.so.1.0.0
7f26c36a6000-7f26c36a7000 r--p 00004000 08:08 1480161                    /usr/lib/x86_64-linux-gnu/libXxf86vm.so.1.0.0
7f26c36a7000-7f26c36a8000 rw-p 00005000 08:08 1480161                    /usr/lib/x86_64-linux-gnu/libXxf86vm.so.1.0.0
7f26c36a8000-7f26c36aa000 r--p 00000000 08:08 1480143                    /usr/lib/x86_64-linux-gnu/libXdmcp.so.6.0.0
7f26c36aa000-7f26c36ac000 r-xp 00002000 08:08 1480143                    /usr/lib/x86_64-linux-gnu/libXdmcp.so.6.0.0
7f26c36ac000-7f26c36ae000 r--p 00004000 08:08 1480143                    /usr/lib/x86_64-linux-gnu/libXdmcp.so.6.0.0
7f26c36ae000-7f26c36af000 r--p 00005000 08:08 1480143                    /usr/lib/x86_64-linux-gnu/libXdmcp.so.6.0.0
7f26c36af000-7f26c36b0000 rw-p 00006000 08:08 1480143                    /usr/lib/x86_64-linux-gnu/libXdmcp.so.6.0.0
7f26c36b0000-7f26c36b1000 r--p 00000000 08:08 1480136                    /usr/lib/x86_64-linux-gnu/libXau.so.6.0.0
7f26c36b1000-7f26c36b3000 r-xp 00001000 08:08 1480136                    /usr/lib/x86_64-linux-gnu/libXau.so.6.0.0
7f26c36b3000-7f26c36b4000 r--p 00003000 08:08 1480136                    /usr/lib/x86_64-linux-gnu/libXau.so.6.0.0
7f26c36b4000-7f26c36b5000 r--p 00003000 08:08 1480136                    /usr/lib/x86_64-linux-gnu/libXau.so.6.0.0
7f26c36b5000-7f26c36b6000 rw-p 00004000 08:08 1480136                    /usr/lib/x86_64-linux-gnu/libXau.so.6.0.0
7f26c36b6000-7f26c36b7000 r--p 00000000 08:08 1443715                    /usr/lib/x86_64-linux-gnu/librt.so.1
7f26c36b7000-7f26c36b8000 r-xp 00001000 08:08 1443715                    /usr/lib/x86_64-linux-gnu/librt.so.1
7f26c36b8000-7f26c36b9000 r--p 00002000 08:08 1443715                    /usr/lib/x86_64-linux-gnu/librt.so.1
7f26c36b9000-7f26c36ba000 r--p 00002000 08:08 1443715                    /usr/lib/x86_64-linux-gnu/librt.so.1
7f26c36ba000-7f26c36bb000 rw-p 00003000 08:08 1443715                    /usr/lib/x86_64-linux-gnu/librt.so.1
7f26c36bb000-7f26c36bc000 r--p 00000000 08:08 1443713                    /usr/lib/x86_64-linux-gnu/libpthread.so.0
7f26c36bc000-7f26c36bd000 r-xp 00001000 08:08 1443713                    /usr/lib/x86_64-linux-gnu/libpthread.so.0
7f26c36bd000-7f26c36be000 r--p 00002000 08:08 1443713                    /usr/lib/x86_64-linux-gnu/libpthread.so.0
7f26c36be000-7f26c36bf000 r--p 00002000 08:08 1443713                    /usr/lib/x86_64-linux-gnu/libpthread.so.0
7f26c36bf000-7f26c36c0000 rw-p 00003000 08:08 1443713                    /usr/lib/x86_64-linux-gnu/libpthread.so.0
7f26c36c0000-7f26c36c1000 r--p 00000000 08:08 1443703                    /usr/lib/x86_64-linux-gnu/libdl.so.2
7f26c36c1000-7f26c36c2000 r-xp 00001000 08:08 1443703                    /usr/lib/x86_64-linux-gnu/libdl.so.2
7f26c36c2000-7f26c36c3000 r--p 00002000 08:08 1443703                    /usr/lib/x86_64-linux-gnu/libdl.so.2
7f26c36c3000-7f26c36c4000 r--p 00002000 08:08 1443703                    /usr/lib/x86_64-linux-gnu/libdl.so.2
7f26c36c4000-7f26c36c5000 rw-p 00003000 08:08 1443703                    /usr/lib/x86_64-linux-gnu/libdl.so.2
7f26c36c5000-7f26c36c6000 rw-s 00000000 00:01 63332                      /memfd:pipewire-memfd:flags=0x0000000f,type=2,size=2312 (deleted)
7f26c36c6000-7f26c36c7000 rw-s 00000000 00:01 66675                      /memfd:pipewire-memfd:flags=0x0000000f,type=2,size=2312 (deleted)
7f26c36c7000-7f26c36c9000 r--p 00000000 08:08 1576250                    /usr/lib/x86_64-linux-gnu/pipewire-0.3/libpipewire-module-rt.so
7f26c36c9000-7f26c36cd000 r-xp 00002000 08:08 1576250                    /usr/lib/x86_64-linux-gnu/pipewire-0.3/libpipewire-module-rt.so
7f26c36cd000-7f26c36cf000 r--p 00006000 08:08 1576250                    /usr/lib/x86_64-linux-gnu/pipewire-0.3/libpipewire-module-rt.so
7f26c36cf000-7f26c36d0000 r--p 00007000 08:08 1576250                    /usr/lib/x86_64-linux-gnu/pipewire-0.3/libpipewire-module-rt.so
7f26c36d0000-7f26c36d1000 rw-p 00008000 08:08 1576250                    /usr/lib/x86_64-linux-gnu/pipewire-0.3/libpipewire-module-rt.so
7f26c36d1000-7f26c36d8000 r--s 00000000 08:08 1574058                    /usr/lib/x86_64-linux-gnu/gconv/gconv-modules.cache
7f26c36d8000-7f26c36da000 r--p 00000000 08:08 1580756                    /usr/lib/x86_64-linux-gnu/spa-0.2/support/libspa-dbus.so
7f26c36da000-7f26c36dd000 r-xp 00002000 08:08 1580756                    /usr/lib/x86_64-linux-gnu/spa-0.2/support/libspa-dbus.so
7f26c36dd000-7f26c36de000 r--p 00005000 08:08 1580756                    /usr/lib/x86_64-linux-gnu/spa-0.2/support/libspa-dbus.so
7f26c36de000-7f26c36df000 r--p 00005000 08:08 1580756                    /usr/lib/x86_64-linux-gnu/spa-0.2/support/libspa-dbus.so
7f26c36df000-7f26c36e0000 rw-p 00006000 08:08 1580756                    /usr/lib/x86_64-linux-gnu/spa-0.2/support/libspa-dbus.so
7f26c36e0000-7f26c36e1000 r--p 00000000 08:08 1580757                    /usr/lib/x86_64-linux-gnu/spa-0.2/support/libspa-journal.so
7f26c36e1000-7f26c36e3000 r-xp 00001000 08:08 1580757                    /usr/lib/x86_64-linux-gnu/spa-0.2/support/libspa-journal.so
7f26c36e3000-7f26c36e4000 r--p 00003000 08:08 1580757                    /usr/lib/x86_64-linux-gnu/spa-0.2/support/libspa-journal.so
7f26c36e4000-7f26c36e5000 r--p 00003000 08:08 1580757                    /usr/lib/x86_64-linux-gnu/spa-0.2/support/libspa-journal.so
7f26c36e5000-7f26c36e6000 rw-p 00004000 08:08 1580757                    /usr/lib/x86_64-linux-gnu/spa-0.2/support/libspa-journal.so
7f26c36e6000-7f26c36e8000 r--p 00000000 08:08 1486671                    /usr/lib/jvm/java-25-openjdk-amd64/lib/libzip.so
7f26c36e8000-7f26c36ed000 r-xp 00002000 08:08 1486671                    /usr/lib/jvm/java-25-openjdk-amd64/lib/libzip.so
7f26c36ed000-7f26c36ef000 r--p 00007000 08:08 1486671                    /usr/lib/jvm/java-25-openjdk-amd64/lib/libzip.so
7f26c36ef000-7f26c36f0000 r--p 00008000 08:08 1486671                    /usr/lib/jvm/java-25-openjdk-amd64/lib/libzip.so
7f26c36f0000-7f26c36f1000 rw-p 00009000 08:08 1486671                    /usr/lib/jvm/java-25-openjdk-amd64/lib/libzip.so
7f26c36f1000-7f26c36f4000 r--p 00000000 08:08 1486662                    /usr/lib/jvm/java-25-openjdk-amd64/lib/libnet.so
7f26c36f4000-7f26c36fc000 r-xp 00003000 08:08 1486662                    /usr/lib/jvm/java-25-openjdk-amd64/lib/libnet.so
7f26c36fc000-7f26c36fe000 r--p 0000b000 08:08 1486662                    /usr/lib/jvm/java-25-openjdk-amd64/lib/libnet.so
7f26c36fe000-7f26c36ff000 r--p 0000c000 08:08 1486662                    /usr/lib/jvm/java-25-openjdk-amd64/lib/libnet.so
7f26c36ff000-7f26c3700000 rw-p 0000d000 08:08 1486662                    /usr/lib/jvm/java-25-openjdk-amd64/lib/libnet.so
7f26c3700000-7f26c3704000 ---p 00000000 00:00 0 
7f26c3704000-7f26c3800000 rw-p 00000000 00:00 0 
7f26c3800000-7f26c3ae2000 r--p 00000000 08:08 1486680                    /usr/lib/jvm/java-25-openjdk-amd64/lib/server/libjvm.so
7f26c3ae2000-7f26c4b87000 r-xp 002e2000 08:08 1486680                    /usr/lib/jvm/java-25-openjdk-amd64/lib/server/libjvm.so
7f26c4b87000-7f26c4e8f000 r--p 01387000 08:08 1486680                    /usr/lib/jvm/java-25-openjdk-amd64/lib/server/libjvm.so
7f26c4e8f000-7f26c4f7a000 r--p 0168e000 08:08 1486680                    /usr/lib/jvm/java-25-openjdk-amd64/lib/server/libjvm.so
7f26c4f7a000-7f26c4fa5000 rw-p 01779000 08:08 1486680                    /usr/lib/jvm/java-25-openjdk-amd64/lib/server/libjvm.so
7f26c4fa5000-7f26c5022000 rw-p 00000000 00:00 0 
7f26c5022000-7f26c5023000 rw-p 00000000 00:00 0 
7f26c5023000-7f26c5024000 rw-p 00000000 00:00 0 
7f26c5024000-7f26c502b000 r--p 00000000 08:08 1486663                    /usr/lib/jvm/java-25-openjdk-amd64/lib/libnio.so
7f26c502b000-7f26c5035000 r-xp 00007000 08:08 1486663                    /usr/lib/jvm/java-25-openjdk-amd64/lib/libnio.so
7f26c5035000-7f26c5039000 r--p 00011000 08:08 1486663                    /usr/lib/jvm/java-25-openjdk-amd64/lib/libnio.so
7f26c5039000-7f26c503a000 r--p 00015000 08:08 1486663                    /usr/lib/jvm/java-25-openjdk-amd64/lib/libnio.so
7f26c503a000-7f26c503b000 rw-p 00016000 08:08 1486663                    /usr/lib/jvm/java-25-openjdk-amd64/lib/libnio.so
7f26c503b000-7f26c503c000 r--p 00000000 08:08 1486668                    /usr/lib/jvm/java-25-openjdk-amd64/lib/libsimdsort.so
7f26c503c000-7f26c5077000 r-xp 00001000 08:08 1486668                    /usr/lib/jvm/java-25-openjdk-amd64/lib/libsimdsort.so
7f26c5077000-7f26c507d000 r--p 0003c000 08:08 1486668                    /usr/lib/jvm/java-25-openjdk-amd64/lib/libsimdsort.so
7f26c507d000-7f26c507e000 r--p 00041000 08:08 1486668                    /usr/lib/jvm/java-25-openjdk-amd64/lib/libsimdsort.so
7f26c507e000-7f26c507f000 rw-p 00042000 08:08 1486668                    /usr/lib/jvm/java-25-openjdk-amd64/lib/libsimdsort.so
7f26c507f000-7f26c50da000 rw-p 00000000 00:00 0 
7f26c50da000-7f26c50ec000 r--p 00000000 08:08 1443704                    /usr/lib/x86_64-linux-gnu/libm.so.6
7f26c50ec000-7f26c518c000 r-xp 00012000 08:08 1443704                    /usr/lib/x86_64-linux-gnu/libm.so.6
7f26c518c000-7f26c51fe000 r--p 000b2000 08:08 1443704                    /usr/lib/x86_64-linux-gnu/libm.so.6
7f26c51fe000-7f26c51ff000 r--p 00123000 08:08 1443704                    /usr/lib/x86_64-linux-gnu/libm.so.6
7f26c51ff000-7f26c5200000 rw-p 00124000 08:08 1443704                    /usr/lib/x86_64-linux-gnu/libm.so.6
7f26c5200000-7f26c5228000 r--p 00000000 08:08 1443701                    /usr/lib/x86_64-linux-gnu/libc.so.6
7f26c5228000-7f26c53c0000 r-xp 00028000 08:08 1443701                    /usr/lib/x86_64-linux-gnu/libc.so.6
7f26c53c0000-7f26c540e000 r--p 001c0000 08:08 1443701                    /usr/lib/x86_64-linux-gnu/libc.so.6
7f26c540e000-7f26c5412000 r--p 0020e000 08:08 1443701                    /usr/lib/x86_64-linux-gnu/libc.so.6
7f26c5412000-7f26c5414000 rw-p 00212000 08:08 1443701                    /usr/lib/x86_64-linux-gnu/libc.so.6
7f26c5414000-7f26c5421000 rw-p 00000000 00:00 0 
7f26c5421000-7f26c544b000 r--p 00000000 08:08 2244795                    /usr/share/locale-langpack/ar/LC_MESSAGES/libc.mo
7f26c544b000-7f26c54cd000 rw-p 00000000 00:00 0 
7f26c54cd000-7f26c54d9000 r--p 00000000 08:08 1486649                    /usr/lib/jvm/java-25-openjdk-amd64/lib/libjava.so
7f26c54d9000-7f26c54e8000 r-xp 0000c000 08:08 1486649                    /usr/lib/jvm/java-25-openjdk-amd64/lib/libjava.so
7f26c54e8000-7f26c54ed000 r--p 0001b000 08:08 1486649                    /usr/lib/jvm/java-25-openjdk-amd64/lib/libjava.so
7f26c54ed000-7f26c54ee000 r--p 00020000 08:08 1486649                    /usr/lib/jvm/java-25-openjdk-amd64/lib/libjava.so
7f26c54ee000-7f26c54ef000 rw-p 00021000 08:08 1486649                    /usr/lib/jvm/java-25-openjdk-amd64/lib/libjava.so
7f26c54ef000-7f26c54f0000 rw-p 00000000 00:00 0 
7f26c54f0000-7f26c54f4000 r--p 00000000 08:08 1480528                    /usr/lib/x86_64-linux-gnu/libgcc_s.so.1
7f26c54f4000-7f26c5518000 r-xp 00004000 08:08 1480528                    /usr/lib/x86_64-linux-gnu/libgcc_s.so.1
7f26c5518000-7f26c551c000 r--p 00028000 08:08 1480528                    /usr/lib/x86_64-linux-gnu/libgcc_s.so.1
7f26c551c000-7f26c551d000 r--p 0002c000 08:08 1480528                    /usr/lib/x86_64-linux-gnu/libgcc_s.so.1
7f26c551d000-7f26c551e000 rw-p 0002d000 08:08 1480528                    /usr/lib/x86_64-linux-gnu/libgcc_s.so.1
7f26c551e000-7f26c5520000 rw-p 00000000 00:00 0 
7f26c5520000-7f26c5523000 r--p 00000000 08:08 1442342                    /usr/lib/x86_64-linux-gnu/libz.so.1.3.1
7f26c5523000-7f26c5536000 r-xp 00003000 08:08 1442342                    /usr/lib/x86_64-linux-gnu/libz.so.1.3.1
7f26c5536000-7f26c553c000 r--p 00016000 08:08 1442342                    /usr/lib/x86_64-linux-gnu/libz.so.1.3.1
7f26c553c000-7f26c553d000 r--p 0001c000 08:08 1442342                    /usr/lib/x86_64-linux-gnu/libz.so.1.3.1
7f26c553d000-7f26c553e000 rw-p 0001d000 08:08 1442342                    /usr/lib/x86_64-linux-gnu/libz.so.1.3.1
7f26c553e000-7f26c553f000 r-xp 00059000 00:2c 470                        /tmp/lwjgl_abdullah/3.3.3+5/x64/liblwjgl.so
7f26c553f000-7f26c5545000 rw-p 00000000 00:00 0 
7f26c5545000-7f26c554c000 ---p 00000000 00:00 0 
7f26c554c000-7f26c5554000 rw-s 00000000 00:2c 1256                       /tmp/hsperfdata_abdullah/17165
7f26c5554000-7f26c5555000 ---p 00000000 00:00 0 
7f26c5555000-7f26c5556000 r--p 00000000 00:00 0 
7f26c5556000-7f26c5557000 ---p 00000000 00:00 0 
7f26c5557000-7f26c5559000 r--p 00000000 08:08 1486652                    /usr/lib/jvm/java-25-openjdk-amd64/lib/libjimage.so
7f26c5559000-7f26c555c000 r-xp 00002000 08:08 1486652                    /usr/lib/jvm/java-25-openjdk-amd64/lib/libjimage.so
7f26c555c000-7f26c555d000 r--p 00005000 08:08 1486652                    /usr/lib/jvm/java-25-openjdk-amd64/lib/libjimage.so
7f26c555d000-7f26c555e000 r--p 00006000 08:08 1486652                    /usr/lib/jvm/java-25-openjdk-amd64/lib/libjimage.so
7f26c555e000-7f26c555f000 rw-p 00007000 08:08 1486652                    /usr/lib/jvm/java-25-openjdk-amd64/lib/libjimage.so
7f26c555f000-7f26c5561000 r--p 00000000 08:08 1486653                    /usr/lib/jvm/java-25-openjdk-amd64/lib/libjli.so
7f26c5561000-7f26c556c000 r-xp 00002000 08:08 1486653                    /usr/lib/jvm/java-25-openjdk-amd64/lib/libjli.so
7f26c556c000-7f26c556f000 r--p 0000d000 08:08 1486653                    /usr/lib/jvm/java-25-openjdk-amd64/lib/libjli.so
7f26c556f000-7f26c5570000 r--p 00010000 08:08 1486653                    /usr/lib/jvm/java-25-openjdk-amd64/lib/libjli.so
7f26c5570000-7f26c5571000 rw-p 00011000 08:08 1486653                    /usr/lib/jvm/java-25-openjdk-amd64/lib/libjli.so
7f26c5571000-7f26c5573000 rw-p 00000000 00:00 0 
7f26c5573000-7f26c5577000 r--p 00000000 00:00 0                          [vvar]
7f26c5577000-7f26c5579000 r--p 00000000 00:00 0                          [vvar_vclock]
7f26c5579000-7f26c557b000 r-xp 00000000 00:00 0                          [vdso]
7f26c557b000-7f26c557c000 r--p 00000000 08:08 1443698                    /usr/lib/x86_64-linux-gnu/ld-linux-x86-64.so.2
7f26c557c000-7f26c55ab000 r-xp 00001000 08:08 1443698                    /usr/lib/x86_64-linux-gnu/ld-linux-x86-64.so.2
7f26c55ab000-7f26c55b6000 r--p 00030000 08:08 1443698                    /usr/lib/x86_64-linux-gnu/ld-linux-x86-64.so.2
7f26c55b6000-7f26c55b8000 r--p 0003b000 08:08 1443698                    /usr/lib/x86_64-linux-gnu/ld-linux-x86-64.so.2
7f26c55b8000-7f26c55b9000 rw-p 0003d000 08:08 1443698                    /usr/lib/x86_64-linux-gnu/ld-linux-x86-64.so.2
7f26c55b9000-7f26c55ba000 rw-p 00000000 00:00 0 
7ffe5ba0b000-7ffe5ba2f000 rw-p 00000000 00:00 0                          [stack]
ffffffffff600000-ffffffffff601000 --xp 00000000 00:00 0                  [vsyscall]
Total number of mappings: 696

JVMTI agents: none


VM Arguments:
jvm_args: -DImplementation-Title=com.shatteredpixel.shatteredpixeldungeon -DImplementation-Version=896 -DSpecification-Title=Shattered Pixel Dungeon -DSpecification-Version=3.3.8-INDEV -Dfile.encoding=UTF-8 -Duser.country=YE -Duser.language=ar -Duser.variant 
java_command: com.shatteredpixel.shatteredpixeldungeon.desktop.DesktopLauncher
java_class_path (initial): /home/abdullah/shattered-pixel-dungeon-ar/desktop/build/classes/java/main:/home/abdullah/shattered-pixel-dungeon-ar/desktop/build/resources/main:/home/abdullah/shattered-pixel-dungeon-ar/core/build/libs/core-3.3.8.jar:/home/abdullah/shattered-pixel-dungeon-ar/services/updates/githubUpdates/build/libs/githubUpdates-3.3.8.jar:/home/abdullah/shattered-pixel-dungeon-ar/services/news/shatteredNews/build/libs/shatteredNews-3.3.8.jar:/home/abdullah/shattered-pixel-dungeon-ar/SPD-classes/build/libs/SPD-classes-3.3.8.jar:/home/abdullah/.gradle/caches/modules-2/files-2.1/com.badlogicgames.gdx/gdx-freetype/1.14.0/90299d782fca725677549b88bc1958f968e09bd8/gdx-freetype-1.14.0.jar:/home/abdullah/.gradle/caches/modules-2/files-2.1/com.badlogicgames.gdx/gdx-backend-lwjgl3/1.14.0/122cf51d4a3bcd4e14e8fbd16ae2b65f27fe2d57/gdx-backend-lwjgl3-1.14.0.jar:/home/abdullah/.gradle/caches/modules-2/files-2.1/com.badlogicgames.gdx/gdx-platform/1.14.0/d0ecc53f2c20576f1ba4ac9ba157cf48f7bd9821/gdx-platform-1.14.0-natives-desktop.jar:/home/abdullah/.gradle/caches/modules-2/files-2.1/com.badlogicgames.gdx/gdx-freetype-platform/1.14.0/f6fa9182df2efab018b7a3378a9a729fd94a19ab/gdx-freetype-platform-1.14.0-natives-desktop.jar:/home/abdullah/.gradle/caches/modules-2/files-2.1/com.badlogicgames.gdx-controllers/gdx-controllers-desktop/2.2.4/44c8bdf023f04ea9a84ad105d5e2f59ff5d7768a/gdx-controllers-desktop-2.2.4.jar:/home/abdullah/.gradle/caches/modules-2/files-2.1/org.lwjgl/lwjgl-tinyfd/3.3.3/82d755ca94b102e9ca77283b9e2dc46d1b15fbe5/lwjgl-tinyfd-3.3.3.jar:/home/abdullah/.gradle/caches/modules-2/files-2.1/org.lwjgl/lwjgl-tinyfd/3.3.3/a6697981b0449a5087c1d546fc08b4f73e8f98c9/lwjgl-tinyfd-3.3.3-natives-windows.jar:/home/abdullah/.gradle/caches/modules-2/files-2.1/org.lwjgl/lwjgl-tinyfd/3.3.3/6598081e346a03038a8be68eb2de614a1c2eac68/lwjgl-tinyfd-3.3.3-natives-macos.jar:/home/abdullah/.gradle/caches/modules-2/files-2.1/org.lwjgl/lwjgl-tinyfd/3.3.3/406feedb977372085a61eb0fee358183f4f4c67a/lwjgl-tinyfd-3.3.3-natives-macos-arm64.jar:/home/abdullah/.gradle/caches/modules-2/files-2.1/org.lwjgl/lwjgl-tinyfd/3.3.3/d8d58daa0c3e5fd906fee96f5fddbcbc07cc308b/lwjgl-tinyfd-3.3.3-natives-linux.jar:/home/abdullah/.gradle/caches/modules-2/files-2.1/org.lwjgl/lwjgl-tinyfd/3.3.3/2823a8c955c758d0954d282888075019ef99cec7/lwjgl-tinyfd-3.3.3-natives-linux-arm64.jar:/home/abdullah/shattered-pixel-dungeon-ar/services/build/libs/services-3.3.8.jar:/home/abdullah/.gradle/caches/modules-2/files-2.1/com.badlogicgames.gdx-controllers/gdx-controllers-core/2.2.4/d8a18ff371fb01c1763e9fe5ea050e39d2d66437/gdx-controllers-core-2.2.4.jar:/home/abdullah/.gradle/caches/modules-2/files-2.1/com.badlogicgames.gdx/gdx/1.14.0/8accfce8d9313d9ddd23a2c9e315179783085ef2/gdx-1.14.0.jar:/home/abdullah/.gradle/caches/modules-2/files-2.1/org.lwjgl/lwjgl-glfw/3.3.3/efa1eb78c5ccd840e9f329717109b5e892d72f8e/lwjgl-glfw-3.3.3.jar:/home/abdullah/.gradle/caches/modules-2/files-2.1/org.lwjgl/lwjgl-glfw/3.3.3/a03684c5e4b1b1dbbe0d29dbbdc27b985b6840f2/lwjgl-glfw-3.3.3-natives-linux.jar:/home/abdullah/.gradle/caches/modules-2/files-2.1/org.lwjgl/lwjgl-glfw/3.3.3/d9af485c32545b37dd5359b163161d42d7534dcf/lwjgl-glfw-3.3.3-natives-linux-arm32.jar:/home/abdullah/.gradle/caches/modules-2/files-2.1/org.lwjgl/lwjgl-glfw/3.3.3/492a0f11f85b85899a6568f07511160c1b87cd38/lwjgl-glfw-3.3.3-natives-linux-arm64.jar:/home/abdullah/.gradle/caches/modules-2/files-2.1/org.lwjgl/lwjgl-glfw/3.3.3/a1bf400f6bc64e6195596cb1430dafda46090751/lwjgl-glfw-3.3.3-natives-macos.jar:/home/abdullah/.gradle/caches/modules-2/files-2.1/org.lwjgl/lwjgl-glfw/3.3.3/ee8cc78d0a4a5b3b4600fade6d927c9fc320c858/lwjgl-glfw-3.3.3-natives-macos-arm64.jar:/home/abdullah/.gradle/caches/modules-2/files-2.1/org.lwjgl/lwjgl-glfw/3.3.3/e449e28b4891fc423c54c85fbc5bb0b9efece67a/lwjgl-glfw-3.3.3-natives-windows.jar:/home/abdullah/.gradle/caches/modules-2/files-2.1/org.lwjgl/lwjgl-glfw/3.3.3/32334f3fd5270a59bad9939a93115acb6de36dcf/lwjgl-glfw-3.3.3-natives-windows-x86.jar:/home/abdullah/.gradle/caches/modules-2/files-2.1/org.lwjgl/lwjgl-jemalloc/3.3.3/b543467b7ff3c6920539a88ee602d34098628be5/lwjgl-jemalloc-3.3.3.jar:/home/abdullah/.gradle/caches/modules-2/files-2.1/org.lwjgl/lwjgl-jemalloc/3.3.3/4f86728bf449b1dd61251c4e0ac01df1389cb51e/lwjgl-jemalloc-3.3.3-natives-linux.jar:/home/abdullah/.gradle/caches/modules-2/files-2.1/org.lwjgl/lwjgl-jemalloc/3.3.3/109b6931880d02d4e65ced38928a16e41d19873e/lwjgl-jemalloc-3.3.3-natives-linux-arm32.jar:/home/abdullah/.gradle/caches/modules-2/files-2.1/org.lwjgl/lwjgl-jemalloc/3.3.3/eff8b86798191192fe2cba2dc2776109f30c239d/lwjgl-jemalloc-3.3.3-natives-linux-arm64.jar:/home/abdullah/.gradle/caches/modules-2/files-2.1/org.lwjgl/lwjgl-jemalloc/3.3.3/2906637657a57579847238c9c72d2c4bde7083f8/lwjgl-jemalloc-3.3.3-natives-macos.jar:/home/abdullah/.gradle/caches/modules-2/files-2.1/org.lwjgl/lwjgl-jemalloc/3.3.3/e9412c3ff8cb3a3bad1d3f52909ad74d8a5bdad1/lwjgl-jemalloc-3.3.3-natives-macos-arm64.jar:/home/abdullah/.gradle/caches/modules-2/files-2.1/org.lwjgl/lwjgl-jemalloc/3.3.3/426222fc027602a5f21b9c0fe79cde6a4c7a011f/lwjgl-jemalloc-3.3.3-natives-windows.jar:/home/abdullah/.gradle/caches/modules-2/files-2.1/org.lwjgl/lwjgl-jemalloc/3.3.3/f6063b6e0f23be483c5c88d84ce51b39dc69126c/lwjgl-jemalloc-3.3.3-natives-windows-x86.jar:/home/abdullah/.gradle/caches/modules-2/files-2.1/org.lwjgl/lwjgl-openal/3.3.3/daada81ceb5fc0c291fbfdd4433cb8d9423577f2/lwjgl-openal-3.3.3.jar:/home/abdullah/.gradle/caches/modules-2/files-2.1/org.lwjgl/lwjgl-openal/3.3.3/3037360cc4595079bea240af250b6d1a527e0905/lwjgl-openal-3.3.3-natives-linux.jar:/home/abdullah/.gradle/caches/modules-2/files-2.1/org.lwjgl/lwjgl-openal/3.3.3/e1702aa09d20359d6cf5cb2999fa7685a785eca7/lwjgl-openal-3.3.3-natives-linux-arm32.jar:/home/abdullah/.gradle/caches/modules-2/files-2.1/org.lwjgl/lwjgl-openal/3.3.3/ad8f302118a65bb8d615f8a2a680db58fb8f835e/lwjgl-openal-3.3.3-natives-linux-arm64.jar:/home/abdullah/.gradle/caches/modules-2/files-2.1/org.lwjgl/lwjgl-openal/3.3.3/8df8338bfa77f2ebabef4e58964bd04d24805cbf/lwjgl-openal-3.3.3-natives-macos.jar:/home/abdullah/.gradle/caches/modules-2/files-2.1/org.lwjgl/lwjgl-openal/3.3.3/c78b078de2fb52f45aa55d04db889a560f3544f/lwjgl-openal-3.3.3-natives-macos-arm64.jar:/home/abdullah/.gradle/caches/modules-2/files-2.1/org.lwjgl/lwjgl-openal/3.3.3/cf83862ae95d98496b26915024c7e666d8ab1c8f/lwjgl-openal-3.3.3-natives-windows.jar:/home/abdullah/.gradle/caches/modules-2/files-2.1/org.lwjgl/lwjgl-openal/3.3.3/87b8d5050e3adb46bb58fe1cb2669a4a48fce10d/lwjgl-openal-3.3.3-natives-windows-x86.jar:/home/abdullah/.gradle/caches/modules-2/files-2.1/org.lwjgl/lwjgl-opengl/3.3.3/2f6b0147078396a58979125a4c947664e98293a/lwjgl-opengl-3.3.3.jar:/home/abdullah/.gradle/caches/modules-2/files-2.1/org.lwjgl/lwjgl-opengl/3.3.3/62c70a4b00ca5391882b0f4b787c1588d24f1c86/lwjgl-opengl-3.3.3-natives-linux.jar:/home/abdullah/.gradle/caches/modules-2/files-2.1/org.lwjgl/lwjgl-opengl/3.3.3/dbba17fc5ac0985d14a57c11f9537617d67b9952/lwjgl-opengl-3.3.3-natives-linux-arm32.jar:/home/abdullah/.gradle/caches/modules-2/files-2.1/org.lwjgl/lwjgl-opengl/3.3.3/2096f6b94b2d68745d858fbfe53aacf5f0c8074c/lwjgl-opengl-3.3.3-natives-linux-arm64.jar:/home/abdullah/.gradle/caches/modules-2/files-2.1/org.lwjgl/lwjgl-opengl/3.3.3/1bd45997551ae8a28469f3a2b678f4b7289e12c0/lwjgl-opengl-3.3.3-natives-macos.jar:/home/abdullah/.gradle/caches/modules-2/files-2.1/org.lwjgl/lwjgl-opengl/3.3.3/d213ddef27637b1af87961ffa94d6b27036becc8/lwjgl-opengl-3.3.3-natives-macos-arm64.jar:/home/abdullah/.gradle/caches/modules-2/files-2.1/org.lwjgl/lwjgl-opengl/3.3.3/e6c1eec8be8a71951b830a4d69efc01c6531900c/lwjgl-opengl-3.3.3-natives-windows.jar:/home/abdullah/.gradle/caches/modules-2/files-2.1/org.lwjgl/lwjgl-opengl/3.3.3/d32d833dcaa2f355a886eaf21f0408b5f03241d/lwjgl-opengl-3.3.3-natives-windows-x86.jar:/home/abdullah/.gradle/caches/modules-2/files-2.1/org.lwjgl/lwjgl-stb/3.3.3/25dd6161988d7e65f71d5065c99902402ee32746/lwjgl-stb-3.3.3.jar:/home/abdullah/.gradle/caches/modules-2/files-2.1/org.lwjgl/lwjgl-stb/3.3.3/fd1271ccd9d85eff2fa31f3fd543e02ccfaf5041/lwjgl-stb-3.3.3-natives-linux.jar:/home/abdullah/.gradle/caches/modules-2/files-2.1/org.lwjgl/lwjgl-stb/3.3.3/1ae28ff044699ff29b0e980ffabd73fba8a664b3/lwjgl-stb-3.3.3-natives-linux-arm32.jar:/home/abdullah/.gradle/caches/modules-2/files-2.1/org.lwjgl/lwjgl-stb/3.3.3/ddc177afc2be1ee8d93684b11363b80589a13fe1/lwjgl-stb-3.3.3-natives-linux-arm64.jar:/home/abdullah/.gradle/caches/modules-2/files-2.1/org.lwjgl/lwjgl-stb/3.3.3/472792c98fb2c1557c060cb9da5fca6a9773621f/lwjgl-stb-3.3.3-natives-macos.jar:/home/abdullah/.gradle/caches/modules-2/files-2.1/org.lwjgl/lwjgl-stb/3.3.3/51c6955571fbcdb7bb538c6aa589b953b584c6af/lwjgl-stb-3.3.3-natives-macos-arm64.jar:/home/abdullah/.gradle/caches/modules-2/files-2.1/org.lwjgl/lwjgl-stb/3.3.3/1d9facdf6541de114b0f963be33505b7679c78cb/lwjgl-stb-3.3.3-natives-windows.jar:/home/abdullah/.gradle/caches/modules-2/files-2.1/org.lwjgl/lwjgl-stb/3.3.3/b5c874687b9aac1a936501d4ed2c49567fd1b575/lwjgl-stb-3.3.3-natives-windows-x86.jar:/home/abdullah/.gradle/caches/modules-2/files-2.1/org.lwjgl/lwjgl/3.3.3/29589b5f87ed335a6c7e7ee6a5775f81f97ecb84/lwjgl-3.3.3.jar:/home/abdullah/.gradle/caches/modules-2/files-2.1/org.lwjgl/lwjgl/3.3.3/1713758e3660ba66e1e954396fd18126038b33c0/lwjgl-3.3.3-natives-linux.jar:/home/abdullah/.gradle/caches/modules-2/files-2.1/org.lwjgl/lwjgl/3.3.3/2075c51a80f0ef0f22ba616ba54007ac2b0debd4/lwjgl-3.3.3-natives-linux-arm32.jar:/home/abdullah/.gradle/caches/modules-2/files-2.1/org.lwjgl/lwjgl/3.3.3/f35d8b6ffe1ac1e3a5eb1d4e33de80f044ad5fd8/lwjgl-3.3.3-natives-linux-arm64.jar:/home/abdullah/.gradle/caches/modules-2/files-2.1/org.lwjgl/lwjgl/3.3.3/33a6efa288390490ce6eb6c3df47ac21ecf648cf/lwjgl-3.3.3-natives-macos.jar:/home/abdullah/.gradle/caches/modules-2/files-2.1/org.lwjgl/lwjgl/3.3.3/226246e75f6bd8d4e1895bdce8638ef87808d114/lwjgl-3.3.3-natives-macos-arm64.jar:/home/abdullah/.gradle/caches/modules-2/files-2.1/org.lwjgl/lwjgl/3.3.3/a5ed18a2b82fc91b81f40d717cb1f64c9dcb0540/lwjgl-3.3.3-natives-windows.jar:/home/abdullah/.gradle/caches/modules-2/files-2.1/org.lwjgl/lwjgl/3.3.3/9e670718e050aeaeea0c2d5b907cffb142f2e58f/lwjgl-3.3.3-natives-windows-x86.jar:/home/abdullah/.gradle/caches/modules-2/files-2.1/com.badlogicgames.jlayer/jlayer/1.0.1-gdx/7cca83cec5c1b2f011362f4d85aabd71a73b049d/jlayer-1.0.1-gdx.jar:/home/abdullah/.gradle/caches/modules-2/files-2.1/org.jcraft/jorbis/0.0.17/8872d22b293e8f5d7d56ff92be966e6dc28ebdc6/jorbis-0.0.17.jar:/home/abdullah/.gradle/caches/modules-2/files-2.1/com.badlogicgames.jamepad/jamepad/2.26.5.0/5c39b34fa0c39e3dd4607085d27d51b599ea30a0/jamepad-2.26.5.0.jar:/home/abdullah/.gradle/caches/modules-2/files-2.1/org.json/json/20170516/949abe1460757b8dc9902c562f83e49675444572/json-20170516.jar:/home/abdullah/.gradle/caches/modules-2/files-2.1/com.badlogicgames.gdx/gdx-jnigen-loader/2.5.2/f35e90affe07c46b4f5e5958a1a4c1820c4890e2/gdx-jnigen-loader-2.5.2.jar
Launcher Type: SUN_STANDARD

[Global flags]
     intx CICompilerCount                          = 3                                         {product} {ergonomic}
     uint ConcGCThreads                            = 1                                         {product} {ergonomic}
     uint G1ConcRefinementThreads                  = 4                                         {product} {ergonomic}
   size_t G1HeapRegionSize                         = 1048576                                   {product} {ergonomic}
   size_t InitialHeapSize                          = 130023424                                 {product} {ergonomic}
   size_t MarkStackSize                            = 4194304                                   {product} {ergonomic}
   size_t MarkStackSizeMax                         = 536870912                                 {product} {ergonomic}
   size_t MaxHeapSize                              = 2048917504                                {product} {ergonomic}
   size_t MaxNewSize                               = 1228931072                                {product} {ergonomic}
   size_t MinHeapDeltaBytes                        = 1048576                                   {product} {ergonomic}
   size_t MinHeapSize                              = 8388608                                   {product} {ergonomic}
    uintx NonNMethodCodeHeapSize                   = 5836800                                {pd product} {ergonomic}
    uintx NonProfiledCodeHeapSize                  = 122912768                              {pd product} {ergonomic}
    uintx ProfiledCodeHeapSize                     = 122912768                              {pd product} {ergonomic}
    uintx ReservedCodeCacheSize                    = 251662336                              {pd product} {ergonomic}
     bool SegmentedCodeCache                       = true                                      {product} {ergonomic}
   size_t SoftMaxHeapSize                          = 2048917504                             {manageable} {ergonomic}
     bool UseCompressedOops                        = true                           {product lp64_product} {ergonomic}
     bool UseG1GC                                  = true                                      {product} {ergonomic}

Logging:
Log output configuration:
 #0: stdout all=warning uptime,level,tags foldmultilines=false
 #1: stderr all=off uptime,level,tags foldmultilines=false

Release file:
IMPLEMENTOR="Ubuntu"
JAVA_RUNTIME_VERSION="25.0.4+7-1-26.04-Ubuntu"
JAVA_VERSION="25.0.4"
JAVA_VERSION_DATE="2026-07-21"
LIBC="gnu"
MODULES="java.base java.compiler java.datatransfer java.xml java.prefs java.desktop java.instrument java.logging java.management java.security.sasl java.naming java.rmi java.management.rmi java.net.http java.scripting java.security.jgss java.transaction.xa java.sql java.sql.rowset java.xml.crypto java.se java.smartcardio jdk.accessibility jdk.internal.jvmstat jdk.attach jdk.charsets jdk.internal.opt jdk.zipfs jdk.compiler jdk.crypto.cryptoki jdk.crypto.ec jdk.dynalink jdk.internal.ed jdk.editpad jdk.internal.vm.ci jdk.graal.compiler jdk.graal.compiler.management jdk.hotspot.agent jdk.httpserver jdk.incubator.vector jdk.internal.le jdk.internal.md jdk.jartool jdk.javadoc jdk.jcmd jdk.management jdk.management.agent jdk.jconsole jdk.jdeps jdk.jdwp.agent jdk.jdi jdk.jfr jdk.jlink jdk.jpackage jdk.jshell jdk.jsobject jdk.jstatd jdk.localedata jdk.management.jfr jdk.naming.dns jdk.naming.rmi jdk.net jdk.nio.mapmode jdk.sctp jdk.security.auth jdk.security.jgss jdk.unsupported jdk.unsupported.desktop jdk.xml.dom"
OS_ARCH="x86_64"
OS_NAME="Linux"
SOURCE=""

Environment Variables:
PATH=/home/abdullah/.opencode/bin:/home/abdullah/.local/bin:/usr/local/sbin:/usr/local/bin:/usr/sbin:/usr/bin:/sbin:/bin:/usr/games:/usr/local/games:/snap/bin
SHELL=/usr/bin/zsh
DISPLAY=:0
WAYLAND_DISPLAY=wayland-0
LANG=ar_YE.UTF-8
LC_NUMERIC=ar_YE.UTF-8
LC_TIME=ar_YE.UTF-8
TERM=xterm-256color

Active Locale:
LC_ALL=ar_YE.UTF-8
LC_COLLATE=ar_YE.UTF-8
LC_CTYPE=ar_YE.UTF-8
LC_MESSAGES=ar_YE.UTF-8
LC_MONETARY=ar_YE.UTF-8
LC_NUMERIC=ar_YE.UTF-8
LC_TIME=ar_YE.UTF-8

Signal Handlers:
   SIGSEGV: crash_handler in libjvm.so, mask=11100100010111111101111111111110, flags=SA_RESTART|SA_SIGINFO, unblocked
    SIGBUS: crash_handler in libjvm.so, mask=11100100010111111101111111111110, flags=SA_RESTART|SA_SIGINFO, unblocked
    SIGFPE: crash_handler in libjvm.so, mask=11100100010111111101111111111110, flags=SA_RESTART|SA_SIGINFO, unblocked
   SIGPIPE: javaSignalHandler in libjvm.so, mask=11100100010111111101111111111110, flags=SA_RESTART|SA_SIGINFO, blocked
   SIGXFSZ: javaSignalHandler in libjvm.so, mask=11100100010111111101111111111110, flags=SA_RESTART|SA_SIGINFO, blocked
    SIGILL: crash_handler in libjvm.so, mask=11100100010111111101111111111110, flags=SA_RESTART|SA_SIGINFO, unblocked
   SIGUSR2: SR_handler in libjvm.so, mask=00000000000000000000000000000000, flags=SA_RESTART|SA_SIGINFO, blocked
    SIGHUP: UserHandler in libjvm.so, mask=11100100010111111101111111111110, flags=SA_RESTART|SA_SIGINFO, blocked
    SIGINT: UserHandler in libjvm.so, mask=11100100010111111101111111111110, flags=SA_RESTART|SA_SIGINFO, blocked
   SIGTERM: UserHandler in libjvm.so, mask=11100100010111111101111111111110, flags=SA_RESTART|SA_SIGINFO, blocked
   SIGQUIT: UserHandler in libjvm.so, mask=11100100010111111101111111111110, flags=SA_RESTART|SA_SIGINFO, blocked
   SIGTRAP: crash_handler in libjvm.so, mask=11100100010111111101111111111110, flags=SA_RESTART|SA_SIGINFO, unblocked


Compilation memory statistics disabled.

Periodic native trim disabled

---------------  S Y S T E M  ---------------

OS:
DISTRIB_ID=Ubuntu
DISTRIB_RELEASE=26.04
DISTRIB_CODENAME=resolute
DISTRIB_DESCRIPTION="Ubuntu 26.04.1 LTS"
uname: Linux 7.0.0-30-generic #30-Ubuntu SMP PREEMPT_DYNAMIC Fri Jul 31 18:22:54 UTC 2026 x86_64
OS uptime: 0 days 1:51 hours
libc: glibc 2.43 NPTL 2.43 
rlimit (soft/hard): STACK 8192k/infinity , CORE infinity/infinity , NPROC 25802/25802 , NOFILE 524288/524288 , AS infinity/infinity , CPU infinity/infinity , DATA infinity/infinity , FSIZE infinity/infinity , MEMLOCK 8192k/8192k
load average: 0.56 0.80 0.86

/proc/meminfo:
MemTotal:        8002884 kB
MemFree:          308576 kB
MemAvailable:     910868 kB
Buffers:           29596 kB
Cached:          1184504 kB
SwapCached:         7424 kB
Active:          2396544 kB
Inactive:        2511748 kB
Active(anon):    2097436 kB
Inactive(anon):  2042232 kB
Active(file):     299108 kB
Inactive(file):   469516 kB
Unevictable:      216048 kB
Mlocked:             268 kB
SwapTotal:       6926588 kB
SwapFree:        1594768 kB
Zswap:                 0 kB
Zswapped:              0 kB
Dirty:             52184 kB
Writeback:             0 kB
AnonPages:       3903744 kB
Mapped:           373488 kB
Shmem:            445556 kB
KReclaimable:     107040 kB
Slab:             288952 kB
SReclaimable:     107040 kB
SUnreclaim:       181912 kB
KernelStack:       15792 kB
PageTables:        60444 kB
SecPageTables:      2672 kB
NFS_Unstable:          0 kB
Bounce:                0 kB
WritebackTmp:          0 kB
CommitLimit:    10928028 kB
Committed_AS:   18161652 kB
VmallocTotal:   34359738367 kB
VmallocUsed:       78448 kB
VmallocChunk:          0 kB
Percpu:             3584 kB
HardwareCorrupted:     0 kB
AnonHugePages:         0 kB
ShmemHugePages:        0 kB
ShmemPmdMapped:        0 kB
FileHugePages:         0 kB
FilePmdMapped:         0 kB
CmaTotal:              0 kB
CmaFree:            1172 kB
Unaccepted:            0 kB
Balloon:               0 kB
HugePages_Total:       0
HugePages_Free:        0
HugePages_Rsvd:        0
HugePages_Surp:        0
Hugepagesize:       2048 kB
Hugetlb:               0 kB
DirectMap4k:      204196 kB
DirectMap2M:     3866624 kB
DirectMap1G:     4194304 kB

/sys/kernel/mm/transparent_hugepage/enabled: always [madvise] never
/sys/kernel/mm/transparent_hugepage/hpage_pmd_size: 2097152
/sys/kernel/mm/transparent_hugepage/shmem_enabled: always within_size advise [never] deny force
/sys/kernel/mm/transparent_hugepage/defrag (defrag/compaction efforts parameter): always defer defer+madvise [madvise] never

Process Memory:
Virtual Size: 6020216K (peak: 6058988K)
Resident Set Size: 240752K (peak: 287344K) (anon: 150132K, file: 86332K, shmem: 4288K)
Swapped out: 0K
C-Heap outstanding allocations: 59675K, retained: 39876K
glibc malloc tunables: (default)

/proc/sys/kernel/threads-max (system-wide limit on the number of threads): 51604
/proc/sys/vm/max_map_count (maximum number of memory map areas a process may have): 1048576
/proc/sys/vm/swappiness (control to define how aggressively the kernel swaps out anonymous memory): 60
/proc/sys/kernel/pid_max (system-wide limit on number of process identifiers): 4194304

container information not found.
Steal ticks since vm start: 0
Steal ticks percentage since vm start:  0.000

CPU: total 4 (initial active 4) (2 cores per cpu, 2 threads per core) family 6 model 61 stepping 4 microcode 0x2f, cx8, cmov, fxsr, ht, mmx, 3dnowpref, sse, sse2, sse3, ssse3, sse4.1, sse4.2, popcnt, lzcnt, tsc, tscinvbit, avx, avx2, aes, erms, clmul, bmi1, bmi2, rtm, adx, fma, vzeroupper, clflush, rdtscp, f16c
CPU Model and flags from /proc/cpuinfo:
model name	: Intel(R) Core(TM) i7-5600U CPU @ 2.60GHz
flags		: fpu vme de pse tsc msr pae mce cx8 apic sep mtrr pge mca cmov pat pse36 clflush dts acpi mmx fxsr sse sse2 ss ht tm pbe syscall nx pdpe1gb rdtscp lm constant_tsc arch_perfmon pebs bts rep_good nopl xtopology nonstop_tsc cpuid aperfmperf pni pclmulqdq dtes64 monitor ds_cpl vmx smx est tm2 ssse3 sdbg fma cx16 xtpr pdcm pcid sse4_1 sse4_2 x2apic movbe popcnt tsc_deadline_timer aes xsave avx f16c rdrand lahf_lm abm 3dnowprefetch cpuid_fault epb pti ssbd ibrs ibpb stibp tpr_shadow flexpriority ept vpid ept_ad fsgsbase tsc_adjust bmi1 hle avx2 smep bmi2 erms invpcid rtm rdseed adx smap intel_pt xsaveopt dtherm ida arat pln pts vnmi md_clear flush_l1d

Online cpus: 0-3
Offline cpus: 
BIOS frequency limitation: <Not Available>
Frequency switch latency (ns): 20000
Available cpu frequencies: <Not Available>
Current governor: schedutil
Core performance/turbo boost: <Not Available>

Memory: 4k page, physical 8002884k(910868k free), swap 6926588k(1594768k free)
Page Sizes: 4k

vm_info: OpenJDK 64-Bit Server VM (25.0.4+7-1-26.04-Ubuntu) for linux-amd64 JRE (25.0.4+7-1-26.04-Ubuntu), built on 2026-07-23T10:44:21Z with gcc 15.2.0

END.
