#
# A fatal error has been detected by the Java Runtime Environment:
#
#  SIGSEGV (0xb) at pc=0x0000708356a207b8, pid=9457, tid=9458
#
# JRE version: OpenJDK Runtime Environment (25.0.4+7) (build 25.0.4+7-1-26.04-Ubuntu)
# Java VM: OpenJDK 64-Bit Server VM (25.0.4+7-1-26.04-Ubuntu, mixed mode, sharing, tiered, compressed oops, compressed class ptrs, g1 gc, linux-amd64)
# Problematic frame:
# C  [libgdx-freetype64.so+0x207b8]  FT_Request_Size+0x48
#
# Core dump will be written. Default location: Determined by the following: "/usr/lib/systemd/systemd-coredump %P %u %g %s %t %c %h %d %F" (alternatively, falling back to /home/abdullah/shattered-ar-copy/desktop/core.9457)
#
# If you would like to submit a bug report, please visit:
#   https://bugs.launchpad.net/ubuntu/+source/openjdk-25
# The crash happened outside the Java Virtual Machine in native code.
# See problematic frame for where to report the bug.
#

---------------  S U M M A R Y ------------

Command Line: -DImplementation-Title=com.shatteredpixel.shatteredpixeldungeon -DImplementation-Version=896 -DSpecification-Title=Shattered Pixel Dungeon -DSpecification-Version=3.3.8-INDEV -Dfile.encoding=UTF-8 -Duser.country=YE -Duser.language=ar -Duser.variant com.shatteredpixel.shatteredpixeldungeon.desktop.DesktopLauncher

Host: Intel(R) Core(TM) i7-5600U CPU @ 2.60GHz, 4 cores, 7G, Ubuntu 26.04.1 LTS
Time: Thu Sep 10 13:00:37 2026 +03 elapsed time: 7.344579 seconds (0d 0h 0m 7s)

---------------  T H R E A D  ---------------

Current thread (0x00007083d801c470):  JavaThread "main"             [_thread_in_native, id=9458, stack(0x00007083e1100000,0x00007083e1200000) (1024K)]

Stack: [0x00007083e1100000,0x00007083e1200000],  sp=0x00007083e11fd730,  free space=1013k
Native frames: (J=compiled Java code, j=interpreted, Vv=VM code, C=native code)
C  [libgdx-freetype64.so+0x207b8]  FT_Request_Size+0x48
J 2649 c1 com.badlogic.gdx.graphics.g2d.freetype.FreeTypeFontGenerator.setPixelSizes(II)V (41 bytes) @ 0x00007083c098f47c [0x00007083c098f380+0x00000000000000fc]
j  com.badlogic.gdx.graphics.g2d.freetype.FreeTypeFontGenerator.generateData(Lcom/badlogic/gdx/graphics/g2d/freetype/FreeTypeFontGenerator$FreeTypeFontParameter;Lcom/badlogic/gdx/graphics/g2d/freetype/FreeTypeFontGenerator$FreeTypeBitmapFontData;)Lcom/badlogic/gdx/graphics/g2d/freetype/FreeTypeFontGenerator$FreeTypeBitmapFontData;+65
j  com.badlogic.gdx.graphics.g2d.freetype.FreeTypeFontGenerator.generateFont(Lcom/badlogic/gdx/graphics/g2d/freetype/FreeTypeFontGenerator$FreeTypeFontParameter;Lcom/badlogic/gdx/graphics/g2d/freetype/FreeTypeFontGenerator$FreeTypeBitmapFontData;)Lcom/badlogic/gdx/graphics/g2d/BitmapFont;+38
j  com.badlogic.gdx.graphics.g2d.freetype.FreeTypeFontGenerator.generateFont(Lcom/badlogic/gdx/graphics/g2d/freetype/FreeTypeFontGenerator$FreeTypeFontParameter;)Lcom/badlogic/gdx/graphics/g2d/BitmapFont;+9
j  com.watabou.utils.PlatformSupport.getFont(ILjava/lang/String;ZZ)Lcom/badlogic/gdx/graphics/g2d/BitmapFont;+172
j  com.watabou.noosa.RenderedText.measure()V+101
j  com.watabou.noosa.RenderedText.<init>(Ljava/lang/String;I)V+25
j  com.shatteredpixel.shatteredpixeldungeon.ui.RenderedTextBlock.build()V+168
J 2643 c1 com.shatteredpixel.shatteredpixeldungeon.ui.RenderedTextBlock.text(Ljava/lang/String;)V (38 bytes) @ 0x00007083c098d96c [0x00007083c098d500+0x000000000000046c]
j  com.shatteredpixel.shatteredpixeldungeon.ui.StyledButton.<init>(Lcom/shatteredpixel/shatteredpixeldungeon/Chrome$Type;Ljava/lang/String;I)V+39
j  com.shatteredpixel.shatteredpixeldungeon.ui.RedButton.<init>(Ljava/lang/String;I)V+6
j  com.shatteredpixel.shatteredpixeldungeon.windows.WndSettings$LangsTab$1.<init>(Lcom/shatteredpixel/shatteredpixeldungeon/windows/WndSettings$LangsTab;Ljava/lang/String;ILjava/util/ArrayList;I)V+20
j  com.shatteredpixel.shatteredpixeldungeon.windows.WndSettings$LangsTab.createChildren()V+370
j  com.watabou.noosa.ui.Component.<init>()V+5
j  com.shatteredpixel.shatteredpixeldungeon.windows.WndSettings$LangsTab.<init>()V+1
j  com.shatteredpixel.shatteredpixeldungeon.windows.WndSettings.<init>()V+366
J 2172 c1 java.lang.invoke.DirectMethodHandle$Holder.newInvokeSpecial(Ljava/lang/Object;)Ljava/lang/Object; java.base@25.0.4 (20 bytes) @ 0x00007083c08f47d4 [0x00007083c08f4700+0x00000000000000d4]
J 1468 c1 jdk.internal.reflect.DirectConstructorHandleAccessor.newInstance([Ljava/lang/Object;)Ljava/lang/Object; java.base@25.0.4 (130 bytes) @ 0x00007083c07f1434 [0x00007083c07ef700+0x0000000000001d34]
J 1467 c1 java.lang.reflect.Constructor.newInstanceWithCaller([Ljava/lang/Object;ZLjava/lang/Class;)Ljava/lang/Object; java.base@25.0.4 (51 bytes) @ 0x00007083c07ef4dc [0x00007083c07ef280+0x000000000000025c]
j  java.lang.reflect.ReflectAccess.newInstance(Ljava/lang/reflect/Constructor;[Ljava/lang/Object;Ljava/lang/Class;)Ljava/lang/Object;+4 java.base@25.0.4
j  jdk.internal.reflect.ReflectionFactory.newInstance(Ljava/lang/reflect/Constructor;[Ljava/lang/Object;Ljava/lang/Class;)Ljava/lang/Object;+7 java.base@25.0.4
j  java.lang.Class.newInstance()Ljava/lang/Object;+89 java.base@25.0.4
j  com.badlogic.gdx.utils.reflect.ClassReflection.newInstance(Ljava/lang/Class;)Ljava/lang/Object;+1
j  com.watabou.utils.Reflection.newInstanceUnhandled(Ljava/lang/Class;)Ljava/lang/Object;+1
j  com.shatteredpixel.shatteredpixeldungeon.scenes.PixelScene.restoreWindows()V+41
j  com.shatteredpixel.shatteredpixeldungeon.ShatteredPixelDungeon.switchScene()V+21
j  com.watabou.noosa.Game.step()V+33
j  com.watabou.noosa.Game.render()V+93
j  com.badlogic.gdx.backends.lwjgl3.Lwjgl3Window.update()Z+282
j  com.badlogic.gdx.backends.lwjgl3.Lwjgl3Application.loop()V+120
j  com.badlogic.gdx.backends.lwjgl3.Lwjgl3Application.<init>(Lcom/badlogic/gdx/ApplicationListener;Lcom/badlogic/gdx/backends/lwjgl3/Lwjgl3ApplicationConfiguration;)V+269
j  com.shatteredpixel.shatteredpixeldungeon.desktop.DesktopLauncher.main([Ljava/lang/String;)V+528
v  ~StubRoutines::call_stub 0x00007083c7b37fa6
V  [libjvm.so+0xa357d5]  JavaCalls::call_helper(JavaValue*, methodHandle const&, JavaCallArguments*, JavaThread*)+0x295
V  [libjvm.so+0xafe6a4]  jni_invoke_static(JNIEnv_*, JavaValue*, _jobject*, JNICallType, _jmethodID*, JNI_ArgumentPusher*, JavaThread*) [clone .constprop.1]+0x354
V  [libjvm.so+0xb10df3]  jni_CallStaticVoidMethod+0x243
C  [libjli.so+0x400e]  invokeStaticMainWithArgs+0x4e
C  [libjli.so+0x512d]  JavaMain+0xf3d
C  [libjli.so+0x888d]  ThreadJavaMain+0xd
C  [libc.so.6+0xa3dfa]
Java frames: (J=compiled Java code, j=interpreted, Vv=VM code)
J 2014  com.badlogic.gdx.graphics.g2d.freetype.FreeType$Face.setPixelSizes(JII)Z (0 bytes) @ 0x00007083c81673cf [0x00007083c8167380+0x000000000000004f]
J 2649 c1 com.badlogic.gdx.graphics.g2d.freetype.FreeTypeFontGenerator.setPixelSizes(II)V (41 bytes) @ 0x00007083c098f47c [0x00007083c098f380+0x00000000000000fc]
j  com.badlogic.gdx.graphics.g2d.freetype.FreeTypeFontGenerator.generateData(Lcom/badlogic/gdx/graphics/g2d/freetype/FreeTypeFontGenerator$FreeTypeFontParameter;Lcom/badlogic/gdx/graphics/g2d/freetype/FreeTypeFontGenerator$FreeTypeBitmapFontData;)Lcom/badlogic/gdx/graphics/g2d/freetype/FreeTypeFontGenerator$FreeTypeBitmapFontData;+65
j  com.badlogic.gdx.graphics.g2d.freetype.FreeTypeFontGenerator.generateFont(Lcom/badlogic/gdx/graphics/g2d/freetype/FreeTypeFontGenerator$FreeTypeFontParameter;Lcom/badlogic/gdx/graphics/g2d/freetype/FreeTypeFontGenerator$FreeTypeBitmapFontData;)Lcom/badlogic/gdx/graphics/g2d/BitmapFont;+38
j  com.badlogic.gdx.graphics.g2d.freetype.FreeTypeFontGenerator.generateFont(Lcom/badlogic/gdx/graphics/g2d/freetype/FreeTypeFontGenerator$FreeTypeFontParameter;)Lcom/badlogic/gdx/graphics/g2d/BitmapFont;+9
j  com.watabou.utils.PlatformSupport.getFont(ILjava/lang/String;ZZ)Lcom/badlogic/gdx/graphics/g2d/BitmapFont;+172
j  com.watabou.noosa.RenderedText.measure()V+101
j  com.watabou.noosa.RenderedText.<init>(Ljava/lang/String;I)V+25
j  com.shatteredpixel.shatteredpixeldungeon.ui.RenderedTextBlock.build()V+168
J 2643 c1 com.shatteredpixel.shatteredpixeldungeon.ui.RenderedTextBlock.text(Ljava/lang/String;)V (38 bytes) @ 0x00007083c098d96c [0x00007083c098d500+0x000000000000046c]
j  com.shatteredpixel.shatteredpixeldungeon.ui.StyledButton.<init>(Lcom/shatteredpixel/shatteredpixeldungeon/Chrome$Type;Ljava/lang/String;I)V+39
j  com.shatteredpixel.shatteredpixeldungeon.ui.RedButton.<init>(Ljava/lang/String;I)V+6
j  com.shatteredpixel.shatteredpixeldungeon.windows.WndSettings$LangsTab$1.<init>(Lcom/shatteredpixel/shatteredpixeldungeon/windows/WndSettings$LangsTab;Ljava/lang/String;ILjava/util/ArrayList;I)V+20
j  com.shatteredpixel.shatteredpixeldungeon.windows.WndSettings$LangsTab.createChildren()V+370
j  com.watabou.noosa.ui.Component.<init>()V+5
j  com.shatteredpixel.shatteredpixeldungeon.windows.WndSettings$LangsTab.<init>()V+1
j  com.shatteredpixel.shatteredpixeldungeon.windows.WndSettings.<init>()V+366
J 2172 c1 java.lang.invoke.DirectMethodHandle$Holder.newInvokeSpecial(Ljava/lang/Object;)Ljava/lang/Object; java.base@25.0.4 (20 bytes) @ 0x00007083c08f47d4 [0x00007083c08f4700+0x00000000000000d4]
J 1468 c1 jdk.internal.reflect.DirectConstructorHandleAccessor.newInstance([Ljava/lang/Object;)Ljava/lang/Object; java.base@25.0.4 (130 bytes) @ 0x00007083c07f1434 [0x00007083c07ef700+0x0000000000001d34]
J 1467 c1 java.lang.reflect.Constructor.newInstanceWithCaller([Ljava/lang/Object;ZLjava/lang/Class;)Ljava/lang/Object; java.base@25.0.4 (51 bytes) @ 0x00007083c07ef4dc [0x00007083c07ef280+0x000000000000025c]
j  java.lang.reflect.ReflectAccess.newInstance(Ljava/lang/reflect/Constructor;[Ljava/lang/Object;Ljava/lang/Class;)Ljava/lang/Object;+4 java.base@25.0.4
j  jdk.internal.reflect.ReflectionFactory.newInstance(Ljava/lang/reflect/Constructor;[Ljava/lang/Object;Ljava/lang/Class;)Ljava/lang/Object;+7 java.base@25.0.4
j  java.lang.Class.newInstance()Ljava/lang/Object;+89 java.base@25.0.4
j  com.badlogic.gdx.utils.reflect.ClassReflection.newInstance(Ljava/lang/Class;)Ljava/lang/Object;+1
j  com.watabou.utils.Reflection.newInstanceUnhandled(Ljava/lang/Class;)Ljava/lang/Object;+1
j  com.shatteredpixel.shatteredpixeldungeon.scenes.PixelScene.restoreWindows()V+41
j  com.shatteredpixel.shatteredpixeldungeon.ShatteredPixelDungeon.switchScene()V+21
j  com.watabou.noosa.Game.step()V+33
j  com.watabou.noosa.Game.render()V+93
j  com.badlogic.gdx.backends.lwjgl3.Lwjgl3Window.update()Z+282
j  com.badlogic.gdx.backends.lwjgl3.Lwjgl3Application.loop()V+120
j  com.badlogic.gdx.backends.lwjgl3.Lwjgl3Application.<init>(Lcom/badlogic/gdx/ApplicationListener;Lcom/badlogic/gdx/backends/lwjgl3/Lwjgl3ApplicationConfiguration;)V+269
j  com.shatteredpixel.shatteredpixeldungeon.desktop.DesktopLauncher.main([Ljava/lang/String;)V+528
v  ~StubRoutines::call_stub 0x00007083c7b37fa6

siginfo: si_signo: 11 (SIGSEGV), si_code: 128 (SI_KERNEL), si_addr: 0x0000000000000000

Registers:
RAX=0x0000000000000006, RBX=0x00007083d97fe5f0, RCX=0x0000000000000000, RDX=0x0000000000000000
RSP=0x00007083e11fd730, RBP=0x00007083e11fd7e0, RSI=0x00007083e11fd750, RDI=0x4000000042de0000
R8 =0x000000000000000e, R9 =0x0000000000000000, R10=0x00007083c81673cf, R11=0x00007083c098f3a0
R12=0x0000000000000000, R13=0x00007083e11fd860, R14=0x00007083e11fd7d0, R15=0x00007083d801c470
RIP=0x0000708356a207b8, EFLAGS=0x0000000000010297, CSGSFS=0x002b000000000033, ERR=0x0000000000000000
  TRAPNO=0x000000000000000d

XMM[0]=0x0000000000000000 0x0000000000000000
XMM[1]=0x0000000000000000 0x00007083d801c470
XMM[2]=0x0000000000000000 0x4059c00000000000
XMM[3]=0x0000000000000000 0x4059c00000000000
XMM[4]=0x0000000000000000 0x4059000000000000
XMM[5]=0x0000000000000000 0x4059000000000000
XMM[6]=0x0000000000000000 0x000000003d800000
XMM[7]=0x0000000000000000 0x000000003dc00000
XMM[8]=0x0000000000000000 0x000000003e800000
XMM[9]=0x0000000000000000 0x5db456783e940000
XMM[10]=0x0000000000000000 0x000000003f268000
XMM[11]=0x0000000000000000 0x4d7bc34d3f310000
XMM[12]=0x0000000000000000 0x0000000000000000
XMM[13]=0x0000000000000000 0xb55cc9927aa90b1b
XMM[14]=0x0000000000000000 0x00000000c54c4189
XMM[15]=0x0000000000000000 0x000000008bd02e48
  MXCSR=0x00001fa2


Register to memory mapping:

RAX=0x0000000000000006 is an unknown value
RBX=0x00007083d97fe5f0 points into unknown readable memory: 0x0000000000000000 | 00 00 00 00 00 00 00 00
RCX=0x0 is null
RDX=0x0 is null
RSP=0x00007083e11fd730 is pointing into the stack for thread: 0x00007083d801c470
RBP=0x00007083e11fd7e0 is pointing into the stack for thread: 0x00007083d801c470
RSI=0x00007083e11fd750 is pointing into the stack for thread: 0x00007083d801c470
RDI=0x4000000042de0000 is an unknown value
R8 =0x000000000000000e is an unknown value
R9 =0x0 is null
R10=0x00007083c81673cf is at entry_point+79 in (nmethod*)0x00007083c8167288
Compiled method (n/a) 7394 2014     n 0       com.badlogic.gdx.graphics.g2d.freetype.FreeType$Face::setPixelSizes (native)
 total in heap  [0x00007083c8167288,0x00007083c81674f8] = 624
 main code      [0x00007083c8167380,0x00007083c81674ee] = 366
 stub code      [0x00007083c81674ee,0x00007083c81674f0] = 2
 oops           [0x00007083c81674f0,0x00007083c81674f8] = 8
 mutable data [0x00007083d9ef5bb0,0x00007083d9ef5bd0] = 32
 relocation     [0x00007083d9ef5bb0,0x00007083d9ef5bd0] = 32
0x00007083c81673af:   4c 8b c1 48 8b ca 48 8b d6 49 be d8 3b d8 8b 00
0x00007083c81673bf:   00 00 00 4c 89 74 24 30 4c 8d 74 24 30 49 8b f6
0x00007083c81673cf:   c5 f8 77 
R11=0x00007083c098f3a0 is at entry_point+14 in (nmethod*)0x00007083c098f288
Compiled method (c1) 7405 2649       3       com.badlogic.gdx.graphics.g2d.freetype.FreeTypeFontGenerator::setPixelSizes (41 bytes)
 total in heap  [0x00007083c098f288,0x00007083c098f658] = 976
 main code      [0x00007083c098f380,0x00007083c098f608] = 648
 stub code      [0x00007083c098f608,0x00007083c098f650] = 72
 oops           [0x00007083c098f650,0x00007083c098f658] = 8
 mutable data [0x000070838495e790,0x000070838495e810] = 128
 relocation     [0x000070838495e790,0x000070838495e7f8] = 104
 metadata       [0x000070838495e7f8,0x000070838495e810] = 24
 immutable data [0x000070838495e6a0,0x000070838495e780] = 224
 dependencies   [0x000070838495e6a0,0x000070838495e6a8] = 8
 nul chk table  [0x000070838495e6a8,0x000070838495e6b8] = 16
 scopes pcs     [0x000070838495e6b8,0x000070838495e748] = 144
 scopes data    [0x000070838495e748,0x000070838495e780] = 56
0x00007083c098f3a0:   89 84 24 00 c0 fe ff 55 48 83 ec 60 41 81 7f 20
0x00007083c098f3b0:   01 00 00 00 74 05 
R12=0x0 is null
R13=0x00007083e11fd860 is pointing into the stack for thread: 0x00007083d801c470
R14=0x00007083e11fd7d0 is pointing into the stack for thread: 0x00007083d801c470
R15=0x00007083d801c470 is a thread

Top of Stack: (sp=0x00007083e11fd730)
0x00007083e11fd730:   0000000000000001 d33f4b8efaad7c00   .........|...K?.
0x00007083e11fd740:   00000000000000a6 0000708356a2097c   ........|..V.p..
0x00007083e11fd750:   0000000000000000 0000000000000380   ................
0x00007083e11fd760:   0000000000000380 0000000000000000   ................
0x00007083e11fd770:   0000000000000000 d33f4b8efaad7c00   .........|...K?.
0x00007083e11fd780:   00007083e11fd808 0000708356a14c61   .....p..aL.V.p..
0x00007083e11fd790:   0000000000000001 00007083c8167401   .........t...p..
0x00007083e11fd7a0:   000000008ab7d298 0000000000000001   ................
0x00007083e11fd7b0:   0000000000000000 000000008bd3f2b8   ................
0x00007083e11fd7c0:   fffffffffffffff7 0000000040743f4d   ........M?t@....
0x00007083e11fd7d0:   000000008bd83bd8 000000004018e620   .;...... ..@....
0x00007083e11fd7e0:   00007083e11fd8c0 00007083c098f47c   .....p..|....p..
0x00007083e11fd7f0:   00007083c7b3f580 0000000000000002   .....p..........
0x00007083e11fd800:   0000000000000000 fffffffffffffff7   ................
0x00007083e11fd810:   000070839881c84b 0000000000000004   K....p..........
0x00007083e11fd820:   0000708398825270 0000708398e0ae00   pR...p.......p..
0x00007083e11fd830:   000000008bc9f168 000070839881c900   h............p..
0x00007083e11fd840:   0000000000000000 00007083e11fd868   ........h....p..
0x00007083e11fd850:   00007083e11fd8c0 00007083c7b3f438   .....p..8....p..
0x00007083e11fd860:   000000000000000e 0000000000000000   ................
0x00007083e11fd870:   000000008adefaf8 fffffffffffffff7   ................
0x00007083e11fd880:   000070839881d829 0000000000000018   )....p..........
0x00007083e11fd890:   0000708398825270 0000000000000000   pR...p..........
0x00007083e11fd8a0:   000000008bc9f168 000070839881e030   h.......0....p..
0x00007083e11fd8b0:   fffffffffffffff4 00007083e11fd970   ........p....p..
0x00007083e11fd8c0:   00007083e11fd9d0 00007083c7b3f5d2   .....p.......p..
0x00007083e11fd8d0:   0000000000000000 0000000000000000   ................
0x00007083e11fd8e0:   0000000000000000 0000000000000000   ................
0x00007083e11fd8f0:   0000000000000000 0000000000000000   ................
0x00007083e11fd900:   0000000000000000 0000000000000000   ................
0x00007083e11fd910:   0000000000000000 0000000000000000   ................
0x00007083e11fd920:   0000000000000000 0000000000000000   ................

Instructions: (pc=0x0000708356a207b8)
  0x0000708356a206b8:   0f 1f 84 00 00 00 00 00 48 85 ff 0f 85 97 fe ff
  0x0000708356a206c8:   ff 49 89 76 28 e9 8e fe ff ff 66 0f 1f 44 00 00
  0x0000708356a206d8:   49 89 76 20 e9 7f fe ff ff 49 8b 76 20 e9 76 fe
  0x0000708356a206e8:   ff ff 45 31 c0 45 31 ff e9 42 fd ff ff 90 66 2e
  0x0000708356a206f8:   0f 1f 84 00 00 00 00 00 48 85 ff 74 4b f6 47 10
  0x0000708356a20708:   02 74 45 85 f6 78 31 39 77 38 7e 2c 48 8b 87 b0
  0x0000708356a20718:   00 00 00 48 63 f6 48 8b 40 18 48 8b 80 b8 00 00
  0x0000708356a20728:   00 48 85 c0 74 32 48 8b bf a0 00 00 00 ff e0 66
  0x0000708356a20738:   0f 1f 84 00 00 00 00 00 b8 06 00 00 00 c3 66 2e
  0x0000708356a20748:   0f 1f 84 00 00 00 00 00 b8 23 00 00 00 c3 66 2e
  0x0000708356a20758:   0f 1f 84 00 00 00 00 00 48 83 ec 08 e8 57 fb ff
  0x0000708356a20768:   ff 31 c0 48 83 c4 08 c3 53 48 83 ec 10 64 48 8b
  0x0000708356a20778:   04 25 28 00 00 00 48 89 44 24 08 31 c0 48 85 ff
  0x0000708356a20788:   74 76 48 89 fb 48 8b bf a0 00 00 00 48 85 ff 74
  0x0000708356a20798:   77 48 85 f6 74 5a 48 83 7e 08 00 78 53 48 83 7e
  0x0000708356a207a8:   10 00 78 4c 8b 16 b8 06 00 00 00 83 fa 04 77 25
=>0x0000708356a207b8:   48 8b 47 50 48 c7 40 18 00 00 00 00 48 8b 83 b0
  0x0000708356a207c8:   00 00 00 48 8b 40 18 48 8b 80 b0 00 00 00 48 85
  0x0000708356a207d8:   c0 74 45 ff d0 48 8b 4c 24 08 64 48 33 0c 25 28
  0x0000708356a207e8:   00 00 00 75 79 48 83 c4 10 5b c3 0f 1f 44 00 00
  0x0000708356a207f8:   b8 06 00 00 00 eb de 90 b8 23 00 00 00 eb d6 66
  0x0000708356a20808:   0f 1f 84 00 00 00 00 00 b8 24 00 00 00 eb c6 66
  0x0000708356a20818:   0f 1f 84 00 00 00 00 00 48 8b 43 10 48 89 c1 83
  0x0000708356a20828:   e1 03 48 83 f9 02 75 29 a8 02 74 cc 85 d2 b8 07
  0x0000708356a20838:   00 00 00 75 a0 48 89 e1 48 89 df e8 68 e3 ff ff
  0x0000708356a20848:   85 c0 75 91 8b 34 24 48 89 df e8 49 32 ff ff eb
  0x0000708356a20858:   84 48 89 df e8 0f fb ff ff e9 77 ff ff ff e8 05
  0x0000708356a20868:   2e ff ff 0f 1f 44 00 00 48 83 ec 38 64 48 8b 04
  0x0000708356a20878:   25 28 00 00 00 48 89 44 24 28 31 c0 48 85 f6 74
  0x0000708356a20888:   67 48 85 d2 48 0f 44 d6 b8 40 00 00 00 48 83 fe
  0x0000708356a20898:   40 48 0f 4c f0 48 83 fa 40 48 0f 4c d0 85 c9 74
  0x0000708356a208a8:   4f 45 85 c0 44 0f 44 c1 48 89 74 24 08 48 89 e6


Stack slot to memory mapping:

stack at sp + 0 slots: 0x0000000000000001 is an unknown value
stack at sp + 1 slots: 0xd33f4b8efaad7c00 is an unknown value
stack at sp + 2 slots: 0x00000000000000a6 is an unknown value
stack at sp + 3 slots: 0x0000708356a2097c: FT_Set_Pixel_Sizes+0x000000000000005c in /tmp/libgdxabdullah/b3addf20/libgdx-freetype64.so at 0x0000708356a00000
stack at sp + 4 slots: 0x0 is null
stack at sp + 5 slots: 0x0000000000000380 is an unknown value
stack at sp + 6 slots: 0x0000000000000380 is an unknown value
stack at sp + 7 slots: 0x0 is null

Lock stack of current Java thread (top to bottom):
LockStack[2]: com.watabou.noosa.RenderedText 
{0x000000008ab7c0f0} - klass: 'com/watabou/noosa/RenderedText' - flags: 

 - ---- fields (total size 22 words):
 - public 'exists' 'Z' @12  true (0x01)
 - public 'alive' 'Z' @13  true (0x01)
 - public 'active' 'Z' @14  true (0x01)
 - public 'visible' 'Z' @15  true (0x01)
 - public 'parent' 'Lcom/watabou/noosa/Group;' @16  null (0x00000000)
 - public 'camera' 'Lcom/watabou/noosa/Camera;' @20  null (0x00000000)
 - public 'scale' 'Lcom/watabou/utils/PointF;' @24  a 'com/watabou/utils/PointF'{0x000000008ab7c1d0} (0x8ab7c1d0)
 - public 'origin' 'Lcom/watabou/utils/PointF;' @28  a 'com/watabou/utils/PointF'{0x000000008ab7c1e8} (0x8ab7c1e8)
 - protected 'matrix' '[F' @32  [F{0x000000008ab7c200} (0x8ab7c200)
 - public 'speed' 'Lcom/watabou/utils/PointF;' @36  a 'com/watabou/utils/PointF'{0x000000008ab7c250} (0x8ab7c250)
 - public 'acc' 'Lcom/watabou/utils/PointF;' @40  a 'com/watabou/utils/PointF'{0x000000008ab7c268} (0x8ab7c268)
 - private 'lastScale' 'Lcom/watabou/utils/PointF;' @44  a 'com/watabou/utils/PointF'{0x000000008ab7c1a0} (0x8ab7c1a0)
 - private 'lastOrigin' 'Lcom/watabou/utils/PointF;' @48  a 'com/watabou/utils/PointF'{0x000000008ab7c1b8} (0x8ab7c1b8)
 - public 'x' 'F' @52  0.000000 (0x00000000)
 - public 'y' 'F' @56  0.000000 (0x00000000)
 - public 'width' 'F' @60  0.000000 (0x00000000)
 - public 'height' 'F' @64  0.000000 (0x00000000)
 - public 'rm' 'F' @68  1.000000 (0x3f800000)
 - public 'gm' 'F' @72  1.000000 (0x3f800000)
 - public 'bm' 'F' @76  1.000000 (0x3f800000)
 - public 'am' 'F' @80  1.000000 (0x3f800000)
 - public 'ra' 'F' @84  0.000000 (0x00000000)
 - public 'ga' 'F' @88  0.000000 (0x00000000)
 - public 'ba' 'F' @92  0.000000 (0x00000000)
 - public 'aa' 'F' @96  0.000000 (0x00000000)
 - public 'angle' 'F' @100  0.000000 (0x00000000)
 - public 'angularSpeed' 'F' @104  0.000000 (0x00000000)
 - private 'lastX' 'F' @108  0.000000 (0x00000000)
 - private 'lastY' 'F' @112  0.000000 (0x00000000)
 - private 'lastW' 'F' @116  0.000000 (0x00000000)
 - private 'lastH' 'F' @120  0.000000 (0x00000000)
 - private 'lastA' 'F' @124  0.000000 (0x00000000)
 - public 'flipHorizontal' 'Z' @128  false (0x00)
 - public 'flipVertical' 'Z' @129  false (0x00)
 - protected 'dirty' 'Z' @130  false (0x00)
 - public 'texture' 'Lcom/watabou/gltextures/SmartTexture;' @132  null (0x00000000)
 - protected 'frame' 'Lcom/watabou/utils/RectF;' @136  null (0x00000000)
 - protected 'vertices' '[F' @140  [F{0x000000008ab7c280} (0x8ab7c280)
 - protected 'verticesBuffer' 'Ljava/nio/FloatBuffer;' @144  a 'java/nio/DirectFloatBufferU'{0x000000008ab7c358} (0x8ab7c358)
 - protected 'buffer' 'Lcom/watabou/glwrap/Vertexbuffer;' @148  null (0x00000000)
 - private 'font' 'Lcom/badlogic/gdx/graphics/g2d/BitmapFont;' @152  null (0x00000000)
 - private 'text' 'Ljava/lang/String;' @156  "'D91(J)"{0x000000008ab7b9c8} (0x8ab7b9c8)
 - private 'displayText' 'Ljava/lang/String;' @160  "”ô‘®Ìß'"{0x000000008ab7cdd8} (0x8ab7cdd8)
 - private 'size' 'I' @164  18 (0x00000012)
 - private 'renderedHeight' 'F' @168  0.000000 (0x00000000)
LockStack[1]: com.shatteredpixel.shatteredpixeldungeon.ui.RenderedTextBlock 
{0x000000008ab7bed0} - klass: 'com/shatteredpixel/shatteredpixeldungeon/ui/RenderedTextBlock' - flags: 

 - ---- fields (total size 12 words):
 - public 'exists' 'Z' @12  true (0x01)
 - public 'alive' 'Z' @13  true (0x01)
 - public 'active' 'Z' @14  true (0x01)
 - public 'visible' 'Z' @15  true (0x01)
 - public 'parent' 'Lcom/watabou/noosa/Group;' @16  null (0x00000000)
 - public 'camera' 'Lcom/watabou/noosa/Camera;' @20  null (0x00000000)
 - protected 'members' 'Ljava/util/ArrayList;' @24  a 'java/util/ArrayList'{0x000000008ab7bf30} (0x8ab7bf30)
 - public 'length' 'I' @28  0 (0x00000000)
 - protected 'x' 'F' @32  0.000000 (0x00000000)
 - protected 'y' 'F' @36  0.000000 (0x00000000)
 - protected 'width' 'F' @40  0.000000 (0x00000000)
 - protected 'height' 'F' @44  0.000000 (0x00000000)
 - private 'maxWidth' 'I' @48  2147483647 (0x7fffffff)
 - public 'nLines' 'I' @52  1 (0x00000001)
 - private 'size' 'I' @56  18 (0x00000012)
 - private 'zoom' 'F' @60  0.333333 (0x3eaaaaab)
 - private 'color' 'I' @64  -1 (0xffffffff)
 - private 'hightlightColor' 'I' @68  16777028 (0x00ffff44)
 - private 'alignment' 'I' @72  1 (0x00000001)
 - protected 'multiline' 'Z' @76  false (0x00)
 - private 'highlightingEnabled' 'Z' @77  true (0x01)
 - protected 'text' 'Ljava/lang/String;' @80  "'D91(J)"{0x000000008ab7b9c8} (0x8ab7b9c8)
 - protected 'tokens' '[Ljava/lang/String;' @84  a 'java/lang/String'[1] {0x000000008ab7c0c0} (0x8ab7c0c0)
 - protected 'words' 'Ljava/util/ArrayList;' @88  a 'java/util/ArrayList'{0x000000008ab7c0d8} (0x8ab7c0d8)
LockStack[0]: com.shatteredpixel.shatteredpixeldungeon.scenes.TitleScene 
{0x000000008add6590} - klass: 'com/shatteredpixel/shatteredpixeldungeon/scenes/TitleScene' - flags: 

 - ---- fields (total size 14 words):
 - public 'exists' 'Z' @12  true (0x01)
 - public 'alive' 'Z' @13  true (0x01)
 - public 'active' 'Z' @14  true (0x01)
 - public 'visible' 'Z' @15  true (0x01)
 - public 'parent' 'Lcom/watabou/noosa/Group;' @16  null (0x00000000)
 - public 'camera' 'Lcom/watabou/noosa/Camera;' @20  null (0x00000000)
 - protected 'members' 'Ljava/util/ArrayList;' @24  a 'java/util/ArrayList'{0x000000008add6600} (0x8add6600)
 - public 'length' 'I' @28  17 (0x00000011)
 - private 'keyListener' 'Lcom/watabou/utils/Signal$Listener;' @32  a 'com/watabou/noosa/Scene$1'{0x000000008adf5118} (0x8adf5118)
 - private 'fullscreenListener' 'Lcom/watabou/utils/Signal$Listener;' @36  null (0x00000000)
 - private 'cursor' 'Lcom/watabou/noosa/Image;' @40  null (0x00000000)
 - protected 'inGameScene' 'Z' @44  false (0x00)
 - private 'uiAlpha' 'F' @48  0.000000 (0x00000000)
 - private 'title' 'Lcom/watabou/noosa/Image;' @52  a 'com/watabou/noosa/Image'{0x000000008ac05388} (0x8ac05388)
 - private 'leftFB' 'Lcom/shatteredpixel/shatteredpixeldungeon/effects/Fireball;' @56  a 'com/shatteredpixel/shatteredpixeldungeon/effects/Fireball'{0x000000008ac05680} (0x8ac05680)
 - private 'rightFB' 'Lcom/shatteredpixel/shatteredpixeldungeon/effects/Fireball;' @60  a 'com/shatteredpixel/shatteredpixeldungeon/effects/Fireball'{0x000000008ac064a0} (0x8ac064a0)
 - private 'signs' 'Lcom/watabou/noosa/Image;' @64  a 'com/shatteredpixel/shatteredpixeldungeon/scenes/TitleScene$1'{0x000000008ac072c0} (0x8ac072c0)
 - private 'btnPlay' 'Lcom/shatteredpixel/shatteredpixeldungeon/ui/StyledButton;' @68  a 'com/shatteredpixel/shatteredpixeldungeon/scenes/TitleScene$2'{0x000000008ac07868} (0x8ac07868)
 - private 'btnSupport' 'Lcom/shatteredpixel/shatteredpixeldungeon/ui/StyledButton;' @72  a 'com/shatteredpixel/shatteredpixeldungeon/scenes/TitleScene$SupportButton'{0x000000008ac0fc28} (0x8ac0fc28)
 - private 'btnRankings' 'Lcom/shatteredpixel/shatteredpixeldungeon/ui/StyledButton;' @76  a 'com/shatteredpixel/shatteredpixeldungeon/scenes/TitleScene$3'{0x000000008ac173e0} (0x8ac173e0)
 - private 'btnJournal' 'Lcom/shatteredpixel/shatteredpixeldungeon/ui/StyledButton;' @80  a 'com/shatteredpixel/shatteredpixeldungeon/scenes/TitleScene$4'{0x000000008ac1b4a8} (0x8ac1b4a8)
 - private 'btnNews' 'Lcom/shatteredpixel/shatteredpixeldungeon/ui/StyledButton;' @84  a 'com/shatteredpixel/shatteredpixeldungeon/scenes/TitleScene$NewsButton'{0x000000008ac1dbf8} (0x8ac1dbf8)
 - private 'btnChanges' 'Lcom/shatteredpixel/shatteredpixeldungeon/ui/StyledButton;' @88  a 'com/shatteredpixel/shatteredpixeldungeon/scenes/TitleScene$ChangesButton'{0x000000008ac214d0} (0x8ac214d0)
 - private 'btnSettings' 'Lcom/shatteredpixel/shatteredpixeldungeon/ui/StyledButton;' @92  a 'com/shatteredpixel/shatteredpixeldungeon/scenes/TitleScene$SettingsButton'{0x000000008ac2ce50} (0x8ac2ce50)
 - private 'btnAbout' 'Lcom/shatteredpixel/shatteredpixeldungeon/ui/StyledButton;' @96  a 'com/shatteredpixel/shatteredpixeldungeon/scenes/TitleScene$5'{0x000000008ac30500} (0x8ac30500)
 - private 'version' 'Lcom/watabou/noosa/BitmapText;' @100  a 'com/watabou/noosa/BitmapText'{0x000000008ac34010} (0x8ac34010)
 - private 'btnFade' 'Lcom/shatteredpixel/shatteredpixeldungeon/ui/IconButton;' @104  a 'com/shatteredpixel/shatteredpixeldungeon/scenes/TitleScene$6'{0x000000008ac34218} (0x8ac34218)
 - private 'btnExit' 'Lcom/shatteredpixel/shatteredpixeldungeon/ui/ExitButton;' @108  a 'com/shatteredpixel/shatteredpixeldungeon/ui/ExitButton'{0x000000008ac34930} (0x8ac34930)


Compiled method (c1) 7442 2649       3       com.badlogic.gdx.graphics.g2d.freetype.FreeTypeFontGenerator::setPixelSizes (41 bytes)
 total in heap  [0x00007083c098f288,0x00007083c098f658] = 976
 main code      [0x00007083c098f380,0x00007083c098f608] = 648
 stub code      [0x00007083c098f608,0x00007083c098f650] = 72
 oops           [0x00007083c098f650,0x00007083c098f658] = 8
 mutable data [0x000070838495e790,0x000070838495e810] = 128
 relocation     [0x000070838495e790,0x000070838495e7f8] = 104
 metadata       [0x000070838495e7f8,0x000070838495e810] = 24
 immutable data [0x000070838495e6a0,0x000070838495e780] = 224
 dependencies   [0x000070838495e6a0,0x000070838495e6a8] = 8
 nul chk table  [0x000070838495e6a8,0x000070838495e6b8] = 16
 scopes pcs     [0x000070838495e6b8,0x000070838495e748] = 144
 scopes data    [0x000070838495e748,0x000070838495e780] = 56

[Constant Pool (empty)]

[MachCode]
[Instructions begin]
  0x00007083c098f380: 6666 660f | 1f84 0000 | 0000 0066 | 6666 9066 | 6690 448b | 5608 443b 

  0x00007083c098f398: ;   {runtime_call Shared Runtime ic_miss_blob}
  0x00007083c098f398: 5008 0f85 | 4060 1f07 
[Verified Entry Point]
  0x00007083c098f3a0: 8984 2400 | c0fe ff55 | 4883 ec60 | 4181 7f20 | 0100 0000 

  0x00007083c098f3b4: ;   {runtime_call Stub::method_entry_barrier}
  0x00007083c098f3b4: 7405 e8a5 

  0x00007083c098f3b8: ;   {metadata(method data for {method} {0x000070839881d748} 'setPixelSizes' '(II)V' in 'com/badlogic/gdx/graphics/g2d/freetype/FreeTypeFontGenerator')}
  0x00007083c098f3b8: db1d 0748 | bf40 a6a5 | 9883 7000 | 008b 9f90 | 0000 0083 | c302 899f | 9000 0000 | 81e3 fe07 
  0x00007083c098f3d8: 0000 85db | 0f84 7c01 | 0000 8956 | 0c89 4e10 | 0fbe 7e14 

  0x00007083c098f3ec: ;   {metadata(method data for {method} {0x000070839881d748} 'setPixelSizes' '(II)V' in 'com/badlogic/gdx/graphics/g2d/freetype/FreeTypeFontGenerator')}
  0x00007083c098f3ec: 85ff 48bf | 40a6 a598 | 8370 0000 | bbd8 0000 | 0075 05bb | e800 0000 | 488b 041f | 488d 4001 
  0x00007083c098f40c: 4889 041f | 0f85 9b00 | 0000 8b76 | 1c48 3b06 

  0x00007083c098f41c: ;   {metadata(method data for {method} {0x000070839881d748} 'setPixelSizes' '(II)V' in 'com/badlogic/gdx/graphics/g2d/freetype/FreeTypeFontGenerator')}
  0x00007083c098f41c: 488b fe48 | bb40 a6a5 | 9883 7000 | 0048 8383 | 0801 0000 

  0x00007083c098f430: ;   {metadata(method data for {method} {0x000070839882ab80} 'setPixelSizes' '(II)Z' in 'com/badlogic/gdx/graphics/g2d/freetype/FreeType$Face')}
  0x00007083c098f430: 0148 bf50 | dae0 9883 | 7000 008b | 9f90 0000 | 0083 c302 | 899f 9000 | 0000 81e3 | feff 1f00 
  0x00007083c098f450: 85db 0f84 | 2c01 0000 | 488b 7e10 

  0x00007083c098f45c: ;   {metadata(method data for {method} {0x000070839882ab80} 'setPixelSizes' '(II)Z' in 'com/badlogic/gdx/graphics/g2d/freetype/FreeType$Face')}
  0x00007083c098f45c: 48be 50da | e098 8370 | 0000 4883 | 86d8 0000 | 0001 488b | f766 0f1f 

  0x00007083c098f474: ;   {static_call}
  0x00007083c098f474: 4400 00e8 

  0x00007083c098f478: ; ImmutableOopMap {}
                      ;*invokestatic setPixelSizes {reexecute=0 rethrow=0 return_oop=0}
                      ; - com.badlogic.gdx.graphics.g2d.freetype.FreeType$Face::setPixelSizes@6 (line 278)
                      ; - com.badlogic.gdx.graphics.g2d.freetype.FreeTypeFontGenerator::setPixelSizes@23 (line 286)
  0x00007083c098f478: 147f 7d07 

  0x00007083c098f47c: ;   {post_call_nop}
  0x00007083c098f47c: 0f1f 8400 | f401 0000 | 83e0 0185 

  0x00007083c098f488: ;   {metadata(method data for {method} {0x000070839881d748} 'setPixelSizes' '(II)V' in 'com/badlogic/gdx/graphics/g2d/freetype/FreeTypeFontGenerator')}
  0x00007083c098f488: c048 ba40 | a6a5 9883 | 7000 00be | 3801 0000 | 7405 be28 | 0100 0048 | 8b3c 3248 | 8d7f 0148 
  0x00007083c098f4a8: 893c 320f | 8410 0000 | 0048 83c4 

  0x00007083c098f4b4: ;   {poll_return}
  0x00007083c098f4b4: 605d 493b | 6728 0f87 | e500 0000 | c30f 1f80 | 0000 0000 

  0x00007083c098f4c8: ;   {other}
  0x00007083c098f4c8: e9fd 0000 | 0000 0000 | 0000 498b | 87c8 0100 | 0048 8d78 | 2849 3bbf | d801 0000 | 0f87 ea00 
  0x00007083c098f4e8: 0000 4989 | bfc8 0100 | 0048 c700 | 0100 0000 | 488b ca41 | ba00 0000 | 4049 2bca | 8948 0848 
  0x00007083c098f508: 33c9 8948 | 0c48 33c9 | 4889 4810 | 4889 4818 | 4889 4820 

  0x00007083c098f51c: ;   {metadata(method data for {method} {0x000070839881d748} 'setPixelSizes' '(II)V' in 'com/badlogic/gdx/graphics/g2d/freetype/FreeTypeFontGenerator')}
  0x00007083c098f51c: 488b d048 | be40 a6a5 | 9883 7000 | 0048 8386 | 4801 0000 

  0x00007083c098f530: ;   {oop("Couldn't set size for font"{0x000000008d992850})}
  0x00007083c098f530: 0148 ba50 | 2899 8d00 | 0000 0048 | 8bf0 4889 | 4424 480f 

  0x00007083c098f544: ;   {optimized virtual_call}
  0x00007083c098f544: 1f40 00e8 

  0x00007083c098f548: ; ImmutableOopMap {[72]=Oop }
                      ;*invokespecial <init> {reexecute=0 rethrow=0 return_oop=0}
                      ; - com.badlogic.gdx.graphics.g2d.freetype.FreeTypeFontGenerator::setPixelSizes@36 (line 286)
  0x00007083c098f548: 9461 1f07 

  0x00007083c098f54c: ;   {post_call_nop}
  0x00007083c098f54c: 0f1f 8400 | c402 0001 | 488b 4424 | 48e9 a000 

  0x00007083c098f55c: ;   {metadata({method} {0x000070839881d748} 'setPixelSizes' '(II)V' in 'com/badlogic/gdx/graphics/g2d/freetype/FreeTypeFontGenerator')}
  0x00007083c098f55c: 0000 49ba | 48d7 8198 | 8370 0000 | 4c89 5424 | 0848 c704 | 24ff ffff 

  0x00007083c098f574: ;   {runtime_call C1 Runtime counter_overflow_blob}
  0x00007083c098f574: ffe8 6660 

  0x00007083c098f578: ; ImmutableOopMap {rsi=Oop }
                      ;*synchronization entry
                      ; - com.badlogic.gdx.graphics.g2d.freetype.FreeTypeFontGenerator::setPixelSizes@-1 (line 284)
  0x00007083c098f578: 2c07 e963 

  0x00007083c098f57c: ;   {runtime_call C1 Runtime throw_null_pointer_exception_blob}
  0x00007083c098f57c: feff ffe8 

  0x00007083c098f580: ; ImmutableOopMap {rsi=Oop }
                      ;*invokevirtual setPixelSizes {reexecute=0 rethrow=0 return_oop=0}
                      ; - com.badlogic.gdx.graphics.g2d.freetype.FreeTypeFontGenerator::setPixelSizes@23 (line 286)
  0x00007083c098f580: 5c0e 2c07 

  0x00007083c098f584: ;   {metadata({method} {0x000070839882ab80} 'setPixelSizes' '(II)Z' in 'com/badlogic/gdx/graphics/g2d/freetype/FreeType$Face')}
  0x00007083c098f584: 49ba 80ab | 8298 8370 | 0000 4c89 | 5424 0848 | c704 24ff 

  0x00007083c098f598: ;   {runtime_call C1 Runtime counter_overflow_blob}
  0x00007083c098f598: ffff ffe8 

  0x00007083c098f59c: ; ImmutableOopMap {rsi=Oop }
                      ;*synchronization entry
                      ; - com.badlogic.gdx.graphics.g2d.freetype.FreeType$Face::setPixelSizes@-1 (line 278)
                      ; - com.badlogic.gdx.graphics.g2d.freetype.FreeTypeFontGenerator::setPixelSizes@23 (line 286)
  0x00007083c098f59c: 4060 2c07 | e9b3 feff 

  0x00007083c098f5a4: ;   {internal_word}
  0x00007083c098f5a4: ff49 bab6 | f498 c083 | 7000 004d | 8997 3805 

  0x00007083c098f5b4: ;   {runtime_call SafepointBlob}
  0x00007083c098f5b4: 0000 e9a5 

  0x00007083c098f5b8: ;   {metadata(nullptr)}
  0x00007083c098f5b8: 821f 0748 | ba00 0000 | 0000 0000 | 00b8 000f 

  0x00007083c098f5c8: ;   {runtime_call C1 Runtime load_klass_patching_blob}
  0x00007083c098f5c8: 050a e811 

  0x00007083c098f5cc: ; ImmutableOopMap {}
                      ;*new {reexecute=1 rethrow=0 return_oop=0}
                      ; - (reexecute) com.badlogic.gdx.graphics.g2d.freetype.FreeTypeFontGenerator::setPixelSizes@29 (line 286)
  0x00007083c098f5cc: 512c 07e9 | f4fe ffff 

  0x00007083c098f5d4: ;   {runtime_call C1 Runtime fast_new_instance_blob}
  0x00007083c098f5d4: 488b d2e8 

  0x00007083c098f5d8: ; ImmutableOopMap {}
                      ;*new {reexecute=0 rethrow=0 return_oop=0}
                      ; - com.badlogic.gdx.graphics.g2d.freetype.FreeTypeFontGenerator::setPixelSizes@29 (line 286)
  0x00007083c098f5d8: 0417 2c07 | e93b ffff | ff49 8b87 | e005 0000 | 49c7 87e0 | 0500 0000 | 0000 0049 | c787 e805 
  0x00007083c098f5f8: 0000 0000 | 0000 4883 

  0x00007083c098f600: ;   {runtime_call C1 Runtime unwind_exception_blob}
  0x00007083c098f600: c460 5de9 | d8fe 2b07 
[Stub Code]
  0x00007083c098f608: ;   {static_stub}
  0x00007083c098f608: 48bb 0000 | 0000 0000 

  0x00007083c098f610: ;   {runtime_call nmethod}
  0x00007083c098f610: 0000 e9fb 

  0x00007083c098f614: ;   {static_stub}
  0x00007083c098f614: ffff ff48 | bb00 0000 | 0000 0000 

  0x00007083c098f620: ;   {runtime_call nmethod}
  0x00007083c098f620: 00e9 fbff 

  0x00007083c098f624: ;   {runtime_call C1 Runtime handle_exception_from_callee_blob}
  0x00007083c098f624: ffff e8b5 

  0x00007083c098f628: ;   {external_word}
  0x00007083c098f628: 2b2c 0748 | bfda 17b9 | e083 7000 | 0048 83e4 

  0x00007083c098f638: ;   {runtime_call MacroAssembler::debug64(char*, long, long*)}
  0x00007083c098f638: f0e8 02ce 

  0x00007083c098f63c: ;   {section_word}
  0x00007083c098f63c: bd1f f449 | ba3f f698 | c083 7000 

  0x00007083c098f648: ;   {runtime_call DeoptimizationBlob}
  0x00007083c098f648: 0041 52e9 | 1085 1f07 
[/MachCode]


Compiled method (c1) 7452 2643       3       com.shatteredpixel.shatteredpixeldungeon.ui.RenderedTextBlock::text (38 bytes)
 total in heap  [0x00007083c098d408,0x00007083c098db28] = 1824
 main code      [0x00007083c098d500,0x00007083c098dac8] = 1480
 stub code      [0x00007083c098dac8,0x00007083c098db20] = 88
 oops           [0x00007083c098db20,0x00007083c098db28] = 8
 mutable data [0x000070838495d4b0,0x000070838495d588] = 216
 relocation     [0x000070838495d4b0,0x000070838495d550] = 160
 metadata       [0x000070838495d550,0x000070838495d588] = 56
 immutable data [0x000070838495d2f0,0x000070838495d4a0] = 432
 dependencies   [0x000070838495d2f0,0x000070838495d300] = 16
 nul chk table  [0x000070838495d300,0x000070838495d328] = 40
 scopes pcs     [0x000070838495d328,0x000070838495d408] = 224
 scopes data    [0x000070838495d408,0x000070838495d4a0] = 152

[Constant Pool (empty)]

[MachCode]
[Instructions begin]
  0x00007083c098d500: 6666 660f | 1f84 0000 | 0000 0066 | 6666 9066 | 6690 448b | 5608 443b 

  0x00007083c098d518: ;   {runtime_call Shared Runtime ic_miss_blob}
  0x00007083c098d518: 5008 0f85 | c07e 1f07 
[Verified Entry Point]
  0x00007083c098d520: 8984 2400 | c0fe ff55 | 4881 ec80 | 0000 0090 | 4181 7f20 | 0100 0000 

  0x00007083c098d538: ;   {runtime_call Stub::method_entry_barrier}
  0x00007083c098d538: 7405 e821 | fa1d 0748 | 8974 2468 

  0x00007083c098d544: ;   {metadata(method data for {method} {0x000070839877ad98} 'text' '(Ljava/lang/String;)V' in 'com/shatteredpixel/shatteredpixeldungeon/ui/RenderedTextBlock')}
  0x00007083c098d544: 48bf 50f8 | e098 8370 | 0000 8b9f | 9000 0000 | 83c3 0289 | 9f90 0000 | 0081 e3fe | 0700 0085 
  0x00007083c098d564: db0f 841c | 0400 0041 | 0fbe 7f48 | 85ff 0f85 | 3004 0000 | 4c8b d244 | 8956 5048 | 8bfe 4833 
  0x00007083c098d584: fa48 c1ef | 1448 83ff | 000f 8530 | 0400 0048 

  0x00007083c098d594: ;   {metadata(method data for {method} {0x000070839877ad98} 'text' '(Ljava/lang/String;)V' in 'com/shatteredpixel/shatteredpixeldungeon/ui/RenderedTextBlock')}
  0x00007083c098d594: 85d2 48bf | 50f8 e098 | 8370 0000 | bbd8 0000 | 0074 05bb | e800 0000 | 488b 041f | 488d 4001 
  0x00007083c098d5b4: 4889 041f | 0f84 b603 | 0000 483b | 0248 8bfa 

  0x00007083c098d5c4: ;   {metadata(method data for {method} {0x000070839877ad98} 'text' '(Ljava/lang/String;)V' in 'com/shatteredpixel/shatteredpixeldungeon/ui/RenderedTextBlock')}
  0x00007083c098d5c4: 48bb 50f8 | e098 8370 | 0000 8b7f | 0841 ba00 | 0000 4049 | 03fa 483b | bb00 0100 | 0075 0d48 
  0x00007083c098d5e4: 8383 0801 | 0000 01e9 | 6000 0000 | 483b bb10 | 0100 0075 | 0d48 8383 | 1801 0000 | 01e9 4a00 
  0x00007083c098d604: 0000 4883 | bb00 0100 | 0000 7517 | 4889 bb00 | 0100 0048 | c783 0801 | 0000 0100 | 0000 e929 
  0x00007083c098d624: 0000 0048 | 83bb 1001 | 0000 0075 | 1748 89bb | 1001 0000 | 48c7 8318 | 0100 0001 | 0000 00e9 
  0x00007083c098d644: 0800 0000 | 4883 83f8 | 0000 0001 

  0x00007083c098d650: ;   {oop(""{0x00000000ffe02ae8})}
  0x00007083c098d650: 488b fa48 | bae8 2ae0 | ff00 0000 | 0048 8bf7 | 4889 7c24 

  0x00007083c098d664: ;   {optimized virtual_call}
  0x00007083c098d664: 7066 90e8 

  0x00007083c098d668: ; ImmutableOopMap {[104]=Oop [112]=Oop }
                      ;*invokevirtual equals {reexecute=0 rethrow=0 return_oop=0}
                      ; - com.shatteredpixel.shatteredpixeldungeon.ui.RenderedTextBlock::text@12 (line 70)
  0x00007083c098d668: 249a 7d07 

  0x00007083c098d66c: ;   {post_call_nop}
  0x00007083c098d66c: 0f1f 8400 | 6402 0000 

  0x00007083c098d674: ;   {metadata(method data for {method} {0x000070839877ad98} 'text' '(Ljava/lang/String;)V' in 'com/shatteredpixel/shatteredpixeldungeon/ui/RenderedTextBlock')}
  0x00007083c098d674: 85c0 48ba | 50f8 e098 | 8370 0000 | b928 0100 | 0075 05b9 | 3801 0000 | 4c8b 040a | 4d8d 4001 
  0x00007083c098d694: 4c89 040a | 0f85 d602 | 0000 488b 

  0x00007083c098d6a0: ;   {oop(a 'java/lang/Class'{0x000000008bd016b0} = 'com/watabou/noosa/Game')}
  0x00007083c098d6a0: 7424 6848 | bab0 16d0 | 8b00 0000 | 008b ba88 | 0000 000f | be56 4c48 | 3b07 488b 

  0x00007083c098d6bc: ;   {metadata(method data for {method} {0x000070839877ad98} 'text' '(Ljava/lang/String;)V' in 'com/shatteredpixel/shatteredpixeldungeon/ui/RenderedTextBlock')}
  0x00007083c098d6bc: cf49 b850 | f8e0 9883 

  0x00007083c098d6c4: ;   {metadata('com/shatteredpixel/shatteredpixeldungeon/desktop/DesktopPlatformSupport')}
  0x00007083c098d6c4: 7000 0049 | ba00 1004 | 4100 0000 | 004d 8990 | 5001 0000 | 4983 8058 | 0100 0001 

  0x00007083c098d6e0: ;   {metadata(method data for {method} {0x000070839840be10} 'splitforTextBlock' '(Ljava/lang/String;Z)[Ljava/lang/String;' in 'com/shatteredpixel/shatteredpixeldungeon/desktop/DesktopPlatformSupport')}
  0x00007083c098d6e0: 48b9 40fa | e098 8370 | 0000 448b | 8190 0000 | 0041 83c0 | 0244 8981 | 9000 0000 | 4181 e0fe 
  0x00007083c098d700: ff1f 0045 | 85c0 0f84 | d902 0000 

  0x00007083c098d70c: ;   {metadata(method data for {method} {0x000070839840be10} 'splitforTextBlock' '(Ljava/lang/String;Z)[Ljava/lang/String;' in 'com/shatteredpixel/shatteredpixeldungeon/desktop/DesktopPlatformSupport')}
  0x00007083c098d70c: 85d2 48ba | 40fa e098 | 8370 0000 | b9d8 0000 | 0074 05b9 | e800 0000 | 4c8b 040a | 4d8d 4001 
  0x00007083c098d72c: 4c89 040a | 0f84 fb00 | 0000 8b7f | 1c48 3b07 

  0x00007083c098d73c: ;   {metadata(method data for {method} {0x000070839840be10} 'splitforTextBlock' '(Ljava/lang/String;Z)[Ljava/lang/String;' in 'com/shatteredpixel/shatteredpixeldungeon/desktop/DesktopPlatformSupport')}
  0x00007083c098d73c: 488b d748 | b940 fae0 | 9883 7000 | 008b 5208 | 41ba 0000 | 0040 4903 | d248 3b91 | 0001 0000 
  0x00007083c098d75c: 750d 4883 | 8108 0100 | 0001 e960 | 0000 0048 | 3b91 1001 | 0000 750d | 4883 8118 | 0100 0001 
  0x00007083c098d77c: e94a 0000 | 0048 83b9 | 0001 0000 | 0075 1748 | 8991 0001 | 0000 48c7 | 8108 0100 | 0001 0000 
  0x00007083c098d79c: 00e9 2900 | 0000 4883 | b910 0100 | 0000 7517 | 4889 9110 | 0100 0048 | c781 1801 | 0000 0100 
  0x00007083c098d7bc: 0000 e908 | 0000 0048 | 8381 f800 

  0x00007083c098d7c8: ;   {metadata(method data for {method} {0x0000000040222a28} 'split' '(Ljava/lang/CharSequence;)[Ljava/lang/String;' in 'java/util/regex/Pattern')}
  0x00007083c098d7c8: 0000 0148 | ba28 0da8 | 9883 7000 | 008b 8a90 | 0000 0083 | c102 898a | 9000 0000 | 81e1 feff 
  0x00007083c098d7e8: 1f00 85c9 | 0f84 1902 | 0000 488b 

  0x00007083c098d7f4: ;   {metadata(method data for {method} {0x0000000040222a28} 'split' '(Ljava/lang/CharSequence;)[Ljava/lang/String;' in 'java/util/regex/Pattern')}
  0x00007083c098d7f4: d748 b928 | 0da8 9883 | 7000 0048 | 8381 d800 | 0000 0148 | 8b54 2470 | b900 0000 | 0041 b800 
  0x00007083c098d814: 0000 0048 | 8bf7 0f1f 

  0x00007083c098d81c: ;   {optimized virtual_call}
  0x00007083c098d81c: 4400 00e8 

  0x00007083c098d820: ; ImmutableOopMap {[104]=Oop }
                      ;*invokevirtual split {reexecute=0 rethrow=0 return_oop=0}
                      ; - java.util.regex.Pattern::split@4 (line 1482)
                      ; - com.shatteredpixel.shatteredpixeldungeon.desktop.DesktopPlatformSupport::splitforTextBlock@9 (line 178)
                      ; - com.shatteredpixel.shatteredpixeldungeon.ui.RenderedTextBlock::text@27 (line 72)
  0x00007083c098d820: bc7e 1f07 

  0x00007083c098d824: ;   {post_call_nop}
  0x00007083c098d824: 0f1f 8400 | 1c04 0001 | e9f3 0000 | 0048 8b54 | 2470 8b77 | 1848 3b06 

  0x00007083c098d83c: ;   {metadata(method data for {method} {0x000070839840be10} 'splitforTextBlock' '(Ljava/lang/String;Z)[Ljava/lang/String;' in 'com/shatteredpixel/shatteredpixeldungeon/desktop/DesktopPlatformSupport')}
  0x00007083c098d83c: 488b ce49 | b840 fae0 | 9883 7000 | 008b 4908 | 41ba 0000 | 0040 4903 | ca49 3b88 | 3001 0000 
  0x00007083c098d85c: 750d 4983 | 8038 0100 | 0001 e960 | 0000 0049 | 3b88 4001 | 0000 750d | 4983 8048 | 0100 0001 
  0x00007083c098d87c: e94a 0000 | 0049 83b8 | 3001 0000 | 0075 1749 | 8988 3001 | 0000 49c7 | 8038 0100 | 0001 0000 
  0x00007083c098d89c: 00e9 2900 | 0000 4983 | b840 0100 | 0000 7517 | 4989 8840 | 0100 0049 | c780 4801 | 0000 0100 
  0x00007083c098d8bc: 0000 e908 | 0000 0049 | 8380 2801 

  0x00007083c098d8c8: ;   {metadata(method data for {method} {0x0000000040222a28} 'split' '(Ljava/lang/CharSequence;)[Ljava/lang/String;' in 'java/util/regex/Pattern')}
  0x00007083c098d8c8: 0000 0148 | b928 0da8 | 9883 7000 | 0044 8b81 | 9000 0000 | 4183 c002 | 4489 8190 | 0000 0041 
  0x00007083c098d8e8: 81e0 feff | 1f00 4585 | c00f 843a | 0100 0048 

  0x00007083c098d8f8: ;   {metadata(method data for {method} {0x0000000040222a28} 'split' '(Ljava/lang/CharSequence;)[Ljava/lang/String;' in 'java/util/regex/Pattern')}
  0x00007083c098d8f8: 8bce 49b8 | 280d a898 | 8370 0000 | 4983 80d8 | 0000 0001 | b900 0000 | 0041 b800 

  0x00007083c098d914: ;   {optimized virtual_call}
  0x00007083c098d914: 0000 00e8 

  0x00007083c098d918: ; ImmutableOopMap {[104]=Oop }
                      ;*invokevirtual split {reexecute=0 rethrow=0 return_oop=0}
                      ; - java.util.regex.Pattern::split@4 (line 1482)
                      ; - com.shatteredpixel.shatteredpixeldungeon.desktop.DesktopPlatformSupport::splitforTextBlock@18 (line 180)
                      ; - com.shatteredpixel.shatteredpixeldungeon.ui.RenderedTextBlock::text@27 (line 72)
  0x00007083c098d918: 048e e7ff 

  0x00007083c098d91c: ;   {post_call_nop}
  0x00007083c098d91c: 0f1f 8400 | 1405 0002 | 488b 7424 | 6841 0fbe | 7f48 85ff | 0f85 1c01 | 0000 4c8b | d044 8956 
  0x00007083c098d93c: 5448 8bfe | 4833 f848 | c1ef 1448 | 83ff 000f | 851c 0100 | 0048 8bfe 

  0x00007083c098d954: ;   {metadata(method data for {method} {0x000070839877ad98} 'text' '(Ljava/lang/String;)V' in 'com/shatteredpixel/shatteredpixeldungeon/ui/RenderedTextBlock')}
  0x00007083c098d954: 48bb 50f8 | e098 8370 | 0000 4883 | 8378 0100 

  0x00007083c098d964: ;   {optimized virtual_call}
  0x00007083c098d964: 0001 90e8 

  0x00007083c098d968: ; ImmutableOopMap {}
                      ;*invokevirtual build {reexecute=0 rethrow=0 return_oop=0}
                      ; - com.shatteredpixel.shatteredpixeldungeon.ui.RenderedTextBlock::text@34 (line 74)
  0x00007083c098d968: 7a01 0000 

  0x00007083c098d96c: ;   {post_call_nop}
  0x00007083c098d96c: 0f1f 8400 | 6405 0003 | 4881 c480 | 0000 005d 

  0x00007083c098d97c: ;   {poll_return}
  0x00007083c098d97c: 493b 6728 | 0f87 ff00 

  0x00007083c098d984: ;   {metadata({method} {0x000070839877ad98} 'text' '(Ljava/lang/String;)V' in 'com/shatteredpixel/shatteredpixeldungeon/ui/RenderedTextBlock')}
  0x00007083c098d984: 0000 c349 | ba98 ad77 | 9883 7000 | 004c 8954 | 2408 48c7 | 0424 ffff 

  0x00007083c098d99c: ;   {runtime_call C1 Runtime counter_overflow_blob}
  0x00007083c098d99c: ffff e83d 

  0x00007083c098d9a0: ; ImmutableOopMap {rsi=Oop rdx=Oop [104]=Oop }
                      ;*synchronization entry
                      ; - com.shatteredpixel.shatteredpixeldungeon.ui.RenderedTextBlock::text@-1 (line 68)
  0x00007083c098d9a0: 7c2c 07e9 | c3fb ffff | 8b7e 5048 | 83ff 000f | 84c3 fbff | ff48 893c 

  0x00007083c098d9b8: ;   {runtime_call g1_pre_barrier_slow}
  0x00007083c098d9b8: 24e8 2282 | 2c07 e9b5 | fbff ff48 | 83fa 000f | 84c6 fbff | ff48 8934 

  0x00007083c098d9d0: ;   {runtime_call g1_post_barrier_slow}
  0x00007083c098d9d0: 24e8 0a85 | 2c07 e9b8 

  0x00007083c098d9d8: ;   {runtime_call C1 Runtime throw_null_pointer_exception_blob}
  0x00007083c098d9d8: fbff ffe8 

  0x00007083c098d9dc: ; ImmutableOopMap {rdx=Oop [104]=Oop }
                      ;*invokevirtual equals {reexecute=0 rethrow=0 return_oop=0}
                      ; - com.shatteredpixel.shatteredpixeldungeon.ui.RenderedTextBlock::text@12 (line 70)
  0x00007083c098d9dc: 002a 2c07 

  0x00007083c098d9e0: ;   {runtime_call C1 Runtime throw_null_pointer_exception_blob}
  0x00007083c098d9e0: e8fb 292c 

  0x00007083c098d9e4: ; ImmutableOopMap {rsi=Oop rdi=Oop [104]=Oop [112]=Oop }
                      ;*invokevirtual splitforTextBlock {reexecute=0 rethrow=0 return_oop=0}
                      ; - com.shatteredpixel.shatteredpixeldungeon.ui.RenderedTextBlock::text@27 (line 72)
                      ;   {metadata({method} {0x000070839840be10} 'splitforTextBlock' '(Ljava/lang/String;Z)[Ljava/lang/String;' in 'com/shatteredpixel/shatteredpixeldungeon/desktop/DesktopPlatformSupport')}
  0x00007083c098d9e4: 0749 ba10 | be40 9883 | 7000 004c | 8954 2408 | 48c7 0424 | ffff ffff 

  0x00007083c098d9fc: ;   {runtime_call C1 Runtime counter_overflow_blob}
  0x00007083c098d9fc: e8df 7b2c 

  0x00007083c098da00: ; ImmutableOopMap {rsi=Oop rdi=Oop [104]=Oop [112]=Oop }
                      ;*synchronization entry
                      ; - com.shatteredpixel.shatteredpixeldungeon.desktop.DesktopPlatformSupport::splitforTextBlock@-1 (line 177)
                      ; - com.shatteredpixel.shatteredpixeldungeon.ui.RenderedTextBlock::text@27 (line 72)
  0x00007083c098da00: 07e9 06fd 

  0x00007083c098da04: ;   {runtime_call C1 Runtime throw_null_pointer_exception_blob}
  0x00007083c098da04: ffff e8d5 

  0x00007083c098da08: ; ImmutableOopMap {rdi=Oop [104]=Oop [112]=Oop }
                      ;*invokevirtual split {reexecute=0 rethrow=0 return_oop=0}
                      ; - com.shatteredpixel.shatteredpixeldungeon.desktop.DesktopPlatformSupport::splitforTextBlock@9 (line 178)
                      ; - com.shatteredpixel.shatteredpixeldungeon.ui.RenderedTextBlock::text@27 (line 72)
                      ;   {metadata({method} {0x0000000040222a28} 'split' '(Ljava/lang/CharSequence;)[Ljava/lang/String;' in 'java/util/regex/Pattern')}
  0x00007083c098da08: 292c 0749 | ba28 2a22 | 4000 0000 | 004c 8954 | 2408 48c7 | 0424 ffff 

  0x00007083c098da20: ;   {runtime_call C1 Runtime counter_overflow_blob}
  0x00007083c098da20: ffff e8b9 

  0x00007083c098da24: ; ImmutableOopMap {rdi=Oop [104]=Oop [112]=Oop }
                      ;*synchronization entry
                      ; - java.util.regex.Pattern::split@-1 (line 1482)
                      ; - com.shatteredpixel.shatteredpixeldungeon.desktop.DesktopPlatformSupport::splitforTextBlock@9 (line 178)
                      ; - com.shatteredpixel.shatteredpixeldungeon.ui.RenderedTextBlock::text@27 (line 72)
  0x00007083c098da24: 7b2c 07e9 | c6fd ffff 

  0x00007083c098da2c: ;   {runtime_call C1 Runtime throw_null_pointer_exception_blob}
  0x00007083c098da2c: e8af 292c 

  0x00007083c098da30: ; ImmutableOopMap {rdx=Oop rsi=Oop [104]=Oop }
                      ;*invokevirtual split {reexecute=0 rethrow=0 return_oop=0}
                      ; - com.shatteredpixel.shatteredpixeldungeon.desktop.DesktopPlatformSupport::splitforTextBlock@18 (line 180)
                      ; - com.shatteredpixel.shatteredpixeldungeon.ui.RenderedTextBlock::text@27 (line 72)
                      ;   {metadata({method} {0x0000000040222a28} 'split' '(Ljava/lang/CharSequence;)[Ljava/lang/String;' in 'java/util/regex/Pattern')}
  0x00007083c098da30: 0749 ba28 | 2a22 4000 | 0000 004c | 8954 2408 | 48c7 0424 | ffff ffff 

  0x00007083c098da48: ;   {runtime_call C1 Runtime counter_overflow_blob}
  0x00007083c098da48: e893 7b2c 

  0x00007083c098da4c: ; ImmutableOopMap {rdx=Oop rsi=Oop [104]=Oop }
                      ;*synchronization entry
                      ; - java.util.regex.Pattern::split@-1 (line 1482)
                      ; - com.shatteredpixel.shatteredpixeldungeon.desktop.DesktopPlatformSupport::splitforTextBlock@18 (line 180)
                      ; - com.shatteredpixel.shatteredpixeldungeon.ui.RenderedTextBlock::text@27 (line 72)
  0x00007083c098da4c: 07e9 a5fe | ffff 8b7e | 5448 83ff | 000f 84d7 | feff ff48 

  0x00007083c098da60: ;   {runtime_call g1_pre_barrier_slow}
  0x00007083c098da60: 893c 24e8 | 7881 2c07 | e9c9 feff | ff48 83f8 | 000f 84da | feff ff48 

  0x00007083c098da78: ;   {runtime_call g1_post_barrier_slow}
  0x00007083c098da78: 8934 24e8 | 6084 2c07 | e9cc feff 

  0x00007083c098da84: ;   {internal_word}
  0x00007083c098da84: ff49 ba7c | d998 c083 | 7000 004d | 8997 3805 

  0x00007083c098da94: ;   {runtime_call SafepointBlob}
  0x00007083c098da94: 0000 e9c5 | 9d1f 0749 | 8b87 e005 | 0000 49c7 | 87e0 0500 | 0000 0000 | 0049 c787 | e805 0000 
  0x00007083c098dab4: 0000 0000 | 4881 c480 | 0000 005d 

  0x00007083c098dac0: ;   {runtime_call C1 Runtime unwind_exception_blob}
  0x00007083c098dac0: e91b 1a2c | 07f4 f4f4 
[Stub Code]
  0x00007083c098dac8: ;   {static_stub}
  0x00007083c098dac8: 48bb 0000 | 0000 0000 

  0x00007083c098dad0: ;   {runtime_call nmethod}
  0x00007083c098dad0: 0000 e9fb 

  0x00007083c098dad4: ;   {static_stub}
  0x00007083c098dad4: ffff ff48 | bb00 0000 | 0000 0000 

  0x00007083c098dae0: ;   {runtime_call nmethod}
  0x00007083c098dae0: 00e9 fbff 

  0x00007083c098dae4: ;   {static_stub}
  0x00007083c098dae4: ffff 48bb | 20b5 7798 | 8370 0000 

  0x00007083c098daf0: ;   {runtime_call I2C/C2I adapters}
  0x00007083c098daf0: e93d 911f 

  0x00007083c098daf4: ;   {runtime_call C1 Runtime handle_exception_from_callee_blob}
  0x00007083c098daf4: 07e8 e646 

  0x00007083c098daf8: ;   {external_word}
  0x00007083c098daf8: 2c07 48bf | da17 b9e0 | 8370 0000 | 4883 e4f0 

  0x00007083c098db08: ;   {runtime_call MacroAssembler::debug64(char*, long, long*)}
  0x00007083c098db08: e833 e9bd 

  0x00007083c098db0c: ;   {section_word}
  0x00007083c098db0c: 1ff4 49ba | 0edb 98c0 | 8370 0000 

  0x00007083c098db18: ;   {runtime_call DeoptimizationBlob}
  0x00007083c098db18: 4152 e941 | a01f 07f4 
[/MachCode]


Compiled method (c1) 7469 2172       2       java.lang.invoke.DirectMethodHandle$Holder::newInvokeSpecial (20 bytes)
 total in heap  [0x00007083c08f4608,0x00007083c08f48d0] = 712
 main code      [0x00007083c08f4700,0x00007083c08f4870] = 368
 stub code      [0x00007083c08f4870,0x00007083c08f48d0] = 96
 mutable data [0x00007083846503f0,0x0000708384650460] = 112
 relocation     [0x00007083846503f0,0x0000708384650448] = 88
 metadata       [0x0000708384650448,0x0000708384650460] = 24
 immutable data [0x00007083846502d0,0x00007083846503e8] = 280
 dependencies   [0x00007083846502d0,0x00007083846502d8] = 8
 nul chk table  [0x00007083846502d8,0x00007083846502f0] = 24
 scopes pcs     [0x00007083846502f0,0x0000708384650380] = 144
 scopes data    [0x0000708384650380,0x00007083846503e8] = 104

[Constant Pool (empty)]

[MachCode]
[Verified Entry Point]
  # {method} {0x000000004020ca60} 'newInvokeSpecial' '(Ljava/lang/Object;)Ljava/lang/Object;' in 'java/lang/invoke/DirectMethodHandle$Holder'
  # parm0:    rsi:rsi   = 'java/lang/Object'
  #           [sp+0x60]  (sp of caller)
  0x00007083c08f4700: 8984 2400 | c0fe ff55 | 4883 ec50 | 4181 7f20 | 0100 0000 

  0x00007083c08f4714: ;   {runtime_call Stub::method_entry_barrier}
  0x00007083c08f4714: 7405 e845 | 8827 0748 | baa8 0103 | 9883 7000 | 008b 7a08 | 83c7 0289 | 7a08 81e7 | fe0f 0000 
  0x00007083c08f4734: 85ff 0f84 | b500 0000 | 4885 f60f | 8424 0000 

  0x00007083c08f4744: ;   {metadata('java/lang/invoke/DirectMethodHandle$Constructor')}
  0x00007083c08f4744: 0048 b840 | 0828 4000 | 0000 008b | 7e08 41ba | 0000 0040 | 4903 fa48 | 3bc7 0f85 | ae00 0000 
  0x00007083c08f4764: e900 0000 | 0048 8bd6 

  0x00007083c08f476c: ; implicit exception: dispatches to 0x00007083c08f481b
  0x00007083c08f476c: 8b52 2848 | 8974 2430 

  0x00007083c08f4774: ;   {oop(a 'jdk/internal/misc/Unsafe'{0x000000008bddcfa0})}
  0x00007083c08f4774: 48be a0cf | dd8b 0000 

  0x00007083c08f477c: ;   {optimized virtual_call}
  0x00007083c08f477c: 0000 90e8 

  0x00007083c08f4780: ; ImmutableOopMap {[48]=Oop }
                      ;*invokevirtual allocateInstance {reexecute=0 rethrow=0 return_oop=0}
                      ; - java.lang.invoke.DirectMethodHandle::allocateInstance@12 (line 500)
                      ; - java.lang.invoke.DirectMethodHandle$Holder::newInvokeSpecial@1
  0x00007083c08f4780: 0c47 8007 

  0x00007083c08f4784: ;   {post_call_nop}
  0x00007083c08f4784: 0f1f 8400 | 7c01 0000 | 488b 7424 | 3048 85f6 | 0f84 2400 

  0x00007083c08f4798: ;   {metadata('java/lang/invoke/DirectMethodHandle$Constructor')}
  0x00007083c08f4798: 0000 48bb | 4008 2840 | 0000 0000 | 8b56 0841 | ba00 0000 | 4049 03d2 | 483b da0f | 8567 0000 
  0x00007083c08f47b8: 00e9 0000 | 0000 8b56 | 2448 8bf0 | 4889 4424 | 3866 0f1f 

  0x00007083c08f47cc: ;   {static_call}
  0x00007083c08f47cc: 4400 00e8 

  0x00007083c08f47d0: ; ImmutableOopMap {[56]=Oop }
                      ;*invokestatic linkToSpecial {reexecute=0 rethrow=0 return_oop=0}
                      ; - java.lang.invoke.DirectMethodHandle$Holder::newInvokeSpecial@15
  0x00007083c08f47d0: ac8c 7d07 

  0x00007083c08f47d4: ;   {post_call_nop}
  0x00007083c08f47d4: 0f1f 8400 | cc01 0001 | 488b 4424 | 3848 83c4 

  0x00007083c08f47e4: ;   {poll_return}
  0x00007083c08f47e4: 505d 493b | 6728 0f87 | 3e00 0000 

  0x00007083c08f47f0: ;   {metadata({method} {0x000000004020ca60} 'newInvokeSpecial' '(Ljava/lang/Object;)Ljava/lang/Object;' in 'java/lang/invoke/DirectMethodHandle$Holder')}
  0x00007083c08f47f0: c349 ba60 | ca20 4000 | 0000 004c | 8954 2408 | 48c7 0424 | ffff ffff 

  0x00007083c08f4808: ;   {runtime_call C1 Runtime counter_overflow_blob}
  0x00007083c08f4808: e8d3 0d36 

  0x00007083c08f480c: ; ImmutableOopMap {rsi=Oop }
                      ;*synchronization entry
                      ; - java.lang.invoke.DirectMethodHandle$Holder::newInvokeSpecial@-1
  0x00007083c08f480c: 07e9 2aff | ffff 4889 

  0x00007083c08f4814: ;   {runtime_call C1 Runtime throw_class_cast_exception_blob}
  0x00007083c08f4814: 3424 e8c5 

  0x00007083c08f4818: ; ImmutableOopMap {rsi=Oop }
                      ;*checkcast {reexecute=0 rethrow=0 return_oop=0}
                      ; - java.lang.invoke.DirectMethodHandle::allocateInstance@1 (line 499)
                      ; - java.lang.invoke.DirectMethodHandle$Holder::newInvokeSpecial@1
                      ;   {runtime_call C1 Runtime throw_null_pointer_exception_blob}
  0x00007083c08f4818: df35 07e8 

  0x00007083c08f481c: ; ImmutableOopMap {rsi=Oop }
                      ;*getfield instanceClass {reexecute=1 rethrow=0 return_oop=0}
                      ; - (reexecute) java.lang.invoke.DirectMethodHandle::allocateInstance@9 (line 500)
                      ; - java.lang.invoke.DirectMethodHandle$Holder::newInvokeSpecial@1
  0x00007083c08f481c: c0bb 3507 | 4889 3424 

  0x00007083c08f4824: ;   {runtime_call C1 Runtime throw_class_cast_exception_blob}
  0x00007083c08f4824: e8b7 df35 

  0x00007083c08f4828: ; ImmutableOopMap {rax=Oop }
                      ;*checkcast {reexecute=0 rethrow=0 return_oop=0}
                      ; - java.lang.invoke.DirectMethodHandle::constructorMethod@1 (line 493)
                      ; - java.lang.invoke.DirectMethodHandle$Holder::newInvokeSpecial@6
                      ;   {runtime_call C1 Runtime throw_null_pointer_exception_blob}
  0x00007083c08f4828: 07e8 b2bb 

  0x00007083c08f482c: ; ImmutableOopMap {rax=Oop }
                      ;*getfield initMethod {reexecute=1 rethrow=0 return_oop=0}
                      ; - (reexecute) java.lang.invoke.DirectMethodHandle::constructorMethod@6 (line 494)
                      ; - java.lang.invoke.DirectMethodHandle$Holder::newInvokeSpecial@6
                      ;   {internal_word}
  0x00007083c08f482c: 3507 49ba | e647 8fc0 | 8370 0000 | 4d89 9738 

  0x00007083c08f483c: ;   {runtime_call SafepointBlob}
  0x00007083c08f483c: 0500 00e9 | 1c30 2907 | 498b 87e0 | 0500 0049 | c787 e005 | 0000 0000 | 0000 49c7 | 87e8 0500 
  0x00007083c08f485c: 0000 0000 | 0048 83c4 

  0x00007083c08f4864: ;   {runtime_call C1 Runtime unwind_exception_blob}
  0x00007083c08f4864: 505d e975 | ac35 07f4 | f4f4 f4f4 
[Stub Code]
  0x00007083c08f4870: ;   {static_stub}
  0x00007083c08f4870: 48bb 0000 | 0000 0000 

  0x00007083c08f4878: ;   {runtime_call nmethod}
  0x00007083c08f4878: 0000 e9fb 

  0x00007083c08f487c: ;   {static_stub}
  0x00007083c08f487c: ffff ff48 | bb00 0000 | 0000 0000 

  0x00007083c08f4888: ;   {runtime_call nmethod}
  0x00007083c08f4888: 00e9 fbff 

  0x00007083c08f488c: ;   {runtime_call C1 Runtime handle_exception_from_callee_blob}
  0x00007083c08f488c: ffff e84d 

  0x00007083c08f4890: ;   {external_word}
  0x00007083c08f4890: d935 0748 | bfda 17b9 | e083 7000 | 0048 83e4 

  0x00007083c08f48a0: ;   {runtime_call MacroAssembler::debug64(char*, long, long*)}
  0x00007083c08f48a0: f0e8 9a7b 

  0x00007083c08f48a4: ;   {section_word}
  0x00007083c08f48a4: c71f f449 | baa7 488f | c083 7000 

  0x00007083c08f48b0: ;   {runtime_call DeoptimizationBlob}
  0x00007083c08f48b0: 0041 52e9 | a832 2907 
[Deopt MH Handler Code]
  0x00007083c08f48b8: ;   {section_word}
  0x00007083c08f48b8: 49ba b848 | 8fc0 8370 | 0000 4152 

  0x00007083c08f48c4: ;   {runtime_call DeoptimizationBlob}
  0x00007083c08f48c4: e997 3229 | 07f4 f4f4 | f4f4 f4f4 
[/MachCode]


---------------  P R O C E S S  ---------------

Threads class SMR info:
_java_thread_list=0x000070832c05ab00, length=17, elements={
0x00007083d801c470, 0x00007083d80f1d00, 0x00007083d80f33f0, 0x00007083d80f4e50,
0x00007083d80f6780, 0x00007083d80f8010, 0x00007083d80f9e20, 0x00007083d80fb820,
0x00007083d8128380, 0x00007083d812b7e0, 0x00007083d8992860, 0x00007083d9d7bb20,
0x00007083d97bab00, 0x00007083844fdb50, 0x00007083d979fe70, 0x00007083d9de4330,
0x000070832c063a90
}

Java Threads: ( => current thread )
=>0x00007083d801c470 JavaThread "main"                              [_thread_in_native, id=9458, stack(0x00007083e1100000,0x00007083e1200000) (1024K)]
  0x00007083d80f1d00 JavaThread "Reference Handler"          daemon [_thread_blocked, id=9468, stack(0x00007083c01fc000,0x00007083c02fc000) (1024K)]
  0x00007083d80f33f0 JavaThread "Finalizer"                  daemon [_thread_blocked, id=9469, stack(0x00007083c00fc000,0x00007083c01fc000) (1024K)]
  0x00007083d80f4e50 JavaThread "Signal Dispatcher"          daemon [_thread_blocked, id=9470, stack(0x00007083b1900000,0x00007083b1a00000) (1024K)]
  0x00007083d80f6780 JavaThread "Service Thread"             daemon [_thread_blocked, id=9471, stack(0x00007083b1800000,0x00007083b1900000) (1024K)]
  0x00007083d80f8010 JavaThread "Monitor Deflation Thread"   daemon [_thread_blocked, id=9472, stack(0x00007083b1700000,0x00007083b1800000) (1024K)]
  0x00007083d80f9e20 JavaThread "C2 CompilerThread0"         daemon [_thread_in_native, id=9473, stack(0x00007083b1600000,0x00007083b1700000) (1024K)]
  0x00007083d80fb820 JavaThread "C1 CompilerThread0"         daemon [_thread_blocked, id=9474, stack(0x00007083b1500000,0x00007083b1600000) (1024K)]
  0x00007083d8128380 JavaThread "Notification Thread"        daemon [_thread_blocked, id=9475, stack(0x00007083b1400000,0x00007083b1500000) (1024K)]
  0x00007083d812b7e0 JavaThread "Common-Cleaner"             daemon [_thread_blocked, id=9476, stack(0x00007083b1300000,0x00007083b1400000) (1024K)]
  0x00007083d8992860 JavaThread "Thread-0"                   daemon [_thread_blocked, id=9485, stack(0x0000708374d65000,0x0000708374e65000) (1024K)]
  0x00007083d9d7bb20 JavaThread "NetThread0"                 daemon [_thread_blocked, id=9510, stack(0x00007083560ff000,0x00007083561ff000) (1024K)]
  0x00007083d97bab00 JavaThread "NetThread1"                 daemon [_thread_in_native, id=9511, stack(0x0000708355fff000,0x00007083560ff000) (1024K)]
  0x00007083844fdb50 JavaThread "C2 CompilerThread1"         daemon [_thread_in_native, id=9512, stack(0x0000708355eff000,0x0000708355fff000) (1024K)]
  0x00007083d979fe70 JavaThread "NetThread2"                 daemon [_thread_blocked, id=9513, stack(0x00007083543ff000,0x00007083544ff000) (1024K)]
  0x00007083d9de4330 JavaThread "NetThread3"                 daemon [_thread_blocked, id=9514, stack(0x00007083542ff000,0x00007083543ff000) (1024K)]
  0x000070832c063a90 JavaThread "Keep-Alive-Timer"           daemon [_thread_blocked, id=9517, stack(0x00007083541ff000,0x00007083542ff000) (1024K)]
Total: 17

Other Threads:
  0x00007083d80e8030 VMThread "VM Thread"                           [id=9467, stack(0x00007083c02fd000,0x00007083c03fd000) (1024K)]
  0x00007083d80d8020 WatcherThread "VM Periodic Task Thread"        [id=9466, stack(0x00007083c03fe000,0x00007083c04fe000) (1024K)]
  0x00007083d8079090 WorkerThread "GC Thread#0"                     [id=9459, stack(0x00007083dc7e7000,0x00007083dc8e7000) (1024K)]
  0x000070839c006ca0 WorkerThread "GC Thread#1"                     [id=9507, stack(0x000070835c8a7000,0x000070835c9a7000) (1024K)]
  0x000070839c007a80 WorkerThread "GC Thread#2"                     [id=9508, stack(0x000070835c0e2000,0x000070835c1e2000) (1024K)]
  0x000070839c010c10 WorkerThread "GC Thread#3"                     [id=9509, stack(0x0000708356cfe000,0x0000708356dfe000) (1024K)]
  0x00007083d8091780 ConcurrentGCThread "G1 Main Marker"            [id=9460, stack(0x00007083dc6e6000,0x00007083dc7e6000) (1024K)]
  0x00007083d8092960 WorkerThread "G1 Conc#0"                       [id=9461, stack(0x00007083dc5e5000,0x00007083dc6e5000) (1024K)]
  0x00007083d80c0420 ConcurrentGCThread "G1 Refine#0"               [id=9462, stack(0x00007083dc0e0000,0x00007083dc1e0000) (1024K)]
  0x00007083d80c1620 ConcurrentGCThread "G1 Service"                [id=9463, stack(0x00007083c04ff000,0x00007083c05ff000) (1024K)]
Total: 10

Threads with active compile tasks:
C2 CompilerThread0  7476 2558       4       jdk.internal.jimage.BasicImageReader::getLocationIndex (52 bytes)
C2 CompilerThread1  7476 2559       4       jdk.internal.module.SystemModuleFinders$SystemModuleReader::find (59 bytes)
Total: 2

VM state: not at safepoint (normal execution)

VM Mutex/Monitor currently owned by a thread: None

Heap address: 0x0000000085e00000, size: 1954 MB, Compressed Oops mode: 32-bit

CDS archive(s) mapped at: [0x0000000040000000-0x0000000040d8e000-0x0000000040d8e000), size 14213120, SharedBaseAddress: 0x0000000040000000, ArchiveRelocationMode: 1.
Compressed class space mapped at: 0x0000000041000000-0x0000000081000000, reserved size: 1073741824
UseCompressedClassPointers 1, UseCompactObjectHeaders 0
Narrow klass pointer bits 32, Max shift 3
Narrow klass base: 0x0000000040000000, Narrow klass shift: 0
Encoding Range: [0x0000000040000000 - 0x0000000140000000), (4294967296 bytes)
Klass Range:    [0x0000000040001000 - 0x0000000081000000), (1090514944 bytes)
Klass ID Range:  [4096 - 1090519033) (1090514937)
Protection zone: [0x0000000040000000 - 0x0000000040001000), (4096 bytes)

GC Precious Log:
 CardTable entry size: 512
 Card Set container configuration: InlinePtr #cards 5 size 8 Array Of Cards #cards 10 size 36 Howl #buckets 4 coarsen threshold 1843 Howl Bitmap #cards 512 size 80 coarsen threshold 460 Card regions per heap region 1 cards per card region 2048
 CPUs: 4 total, 4 available
 Memory: 7815M
 Large Page Support: Disabled
 NUMA Support: Disabled
 Compressed Oops: Enabled (32-bit)
 Heap Region Size: 1M
 Heap Min Capacity: 8M
 Heap Initial Capacity: 124M
 Heap Max Capacity: 1954M
 Pre-touch: Disabled
 Parallel Workers: 4
 Concurrent Workers: 1
 Concurrent Refinement Workers: 4
 Periodic GC: Disabled

Heap:
 garbage-first heap   total reserved 2000896K, committed 129024K, used 49076K [0x0000000085e00000, 0x0000000100000000)
  region size 1024K, 47 young (48128K), 4 survivors (4096K)

Heap Regions: E=young(eden), S=young(survivor), O=old, HS=humongous(starts), HC=humongous(continues), CS=collection set, F=free, TAMS=top-at-mark-start, PB=parsable bottom
|   0|0x0000000085e00000, 0x0000000085f00000, 0x0000000085f00000|100%|HS|  |TAMS 0x0000000085e00000| PB 0x0000000085e00000| Complete |  0
|   1|0x0000000085f00000, 0x0000000085fcc060, 0x0000000086000000| 79%| O|  |TAMS 0x0000000085f00000| PB 0x0000000085f00000| Untracked |  0
|   2|0x0000000086000000, 0x0000000086000000, 0x0000000086100000|  0%| F|  |TAMS 0x0000000086000000| PB 0x0000000086000000| Untracked |  0
|   3|0x0000000086100000, 0x0000000086100000, 0x0000000086200000|  0%| F|  |TAMS 0x0000000086100000| PB 0x0000000086100000| Untracked |  0
|   4|0x0000000086200000, 0x0000000086200000, 0x0000000086300000|  0%| F|  |TAMS 0x0000000086200000| PB 0x0000000086200000| Untracked |  0
|   5|0x0000000086300000, 0x0000000086300000, 0x0000000086400000|  0%| F|  |TAMS 0x0000000086300000| PB 0x0000000086300000| Untracked |  0
|   6|0x0000000086400000, 0x0000000086400000, 0x0000000086500000|  0%| F|  |TAMS 0x0000000086400000| PB 0x0000000086400000| Untracked |  0
|   7|0x0000000086500000, 0x0000000086500000, 0x0000000086600000|  0%| F|  |TAMS 0x0000000086500000| PB 0x0000000086500000| Untracked |  0
|   8|0x0000000086600000, 0x0000000086600000, 0x0000000086700000|  0%| F|  |TAMS 0x0000000086600000| PB 0x0000000086600000| Untracked |  0
|   9|0x0000000086700000, 0x0000000086700000, 0x0000000086800000|  0%| F|  |TAMS 0x0000000086700000| PB 0x0000000086700000| Untracked |  0
|  10|0x0000000086800000, 0x0000000086800000, 0x0000000086900000|  0%| F|  |TAMS 0x0000000086800000| PB 0x0000000086800000| Untracked |  0
|  11|0x0000000086900000, 0x0000000086900000, 0x0000000086a00000|  0%| F|  |TAMS 0x0000000086900000| PB 0x0000000086900000| Untracked |  0
|  12|0x0000000086a00000, 0x0000000086a00000, 0x0000000086b00000|  0%| F|  |TAMS 0x0000000086a00000| PB 0x0000000086a00000| Untracked |  0
|  13|0x0000000086b00000, 0x0000000086b00000, 0x0000000086c00000|  0%| F|  |TAMS 0x0000000086b00000| PB 0x0000000086b00000| Untracked |  0
|  14|0x0000000086c00000, 0x0000000086c00000, 0x0000000086d00000|  0%| F|  |TAMS 0x0000000086c00000| PB 0x0000000086c00000| Untracked |  0
|  15|0x0000000086d00000, 0x0000000086d00000, 0x0000000086e00000|  0%| F|  |TAMS 0x0000000086d00000| PB 0x0000000086d00000| Untracked |  0
|  16|0x0000000086e00000, 0x0000000086e00000, 0x0000000086f00000|  0%| F|  |TAMS 0x0000000086e00000| PB 0x0000000086e00000| Untracked |  0
|  17|0x0000000086f00000, 0x0000000086f00000, 0x0000000087000000|  0%| F|  |TAMS 0x0000000086f00000| PB 0x0000000086f00000| Untracked |  0
|  18|0x0000000087000000, 0x0000000087000000, 0x0000000087100000|  0%| F|  |TAMS 0x0000000087000000| PB 0x0000000087000000| Untracked |  0
|  19|0x0000000087100000, 0x0000000087100000, 0x0000000087200000|  0%| F|  |TAMS 0x0000000087100000| PB 0x0000000087100000| Untracked |  0
|  20|0x0000000087200000, 0x0000000087200000, 0x0000000087300000|  0%| F|  |TAMS 0x0000000087200000| PB 0x0000000087200000| Untracked |  0
|  21|0x0000000087300000, 0x0000000087300000, 0x0000000087400000|  0%| F|  |TAMS 0x0000000087300000| PB 0x0000000087300000| Untracked |  0
|  22|0x0000000087400000, 0x0000000087400000, 0x0000000087500000|  0%| F|  |TAMS 0x0000000087400000| PB 0x0000000087400000| Untracked |  0
|  23|0x0000000087500000, 0x0000000087500000, 0x0000000087600000|  0%| F|  |TAMS 0x0000000087500000| PB 0x0000000087500000| Untracked |  0
|  24|0x0000000087600000, 0x0000000087600000, 0x0000000087700000|  0%| F|  |TAMS 0x0000000087600000| PB 0x0000000087600000| Untracked |  0
|  25|0x0000000087700000, 0x0000000087700000, 0x0000000087800000|  0%| F|  |TAMS 0x0000000087700000| PB 0x0000000087700000| Untracked |  0
|  26|0x0000000087800000, 0x0000000087800000, 0x0000000087900000|  0%| F|  |TAMS 0x0000000087800000| PB 0x0000000087800000| Untracked |  0
|  27|0x0000000087900000, 0x0000000087900000, 0x0000000087a00000|  0%| F|  |TAMS 0x0000000087900000| PB 0x0000000087900000| Untracked |  0
|  28|0x0000000087a00000, 0x0000000087a00000, 0x0000000087b00000|  0%| F|  |TAMS 0x0000000087a00000| PB 0x0000000087a00000| Untracked |  0
|  29|0x0000000087b00000, 0x0000000087b00000, 0x0000000087c00000|  0%| F|  |TAMS 0x0000000087b00000| PB 0x0000000087b00000| Untracked |  0
|  30|0x0000000087c00000, 0x0000000087c00000, 0x0000000087d00000|  0%| F|  |TAMS 0x0000000087c00000| PB 0x0000000087c00000| Untracked |  0
|  31|0x0000000087d00000, 0x0000000087d00000, 0x0000000087e00000|  0%| F|  |TAMS 0x0000000087d00000| PB 0x0000000087d00000| Untracked |  0
|  32|0x0000000087e00000, 0x0000000087e00000, 0x0000000087f00000|  0%| F|  |TAMS 0x0000000087e00000| PB 0x0000000087e00000| Untracked |  0
|  33|0x0000000087f00000, 0x0000000087f00000, 0x0000000088000000|  0%| F|  |TAMS 0x0000000087f00000| PB 0x0000000087f00000| Untracked |  0
|  34|0x0000000088000000, 0x0000000088000000, 0x0000000088100000|  0%| F|  |TAMS 0x0000000088000000| PB 0x0000000088000000| Untracked |  0
|  35|0x0000000088100000, 0x0000000088100000, 0x0000000088200000|  0%| F|  |TAMS 0x0000000088100000| PB 0x0000000088100000| Untracked |  0
|  36|0x0000000088200000, 0x0000000088200000, 0x0000000088300000|  0%| F|  |TAMS 0x0000000088200000| PB 0x0000000088200000| Untracked |  0
|  37|0x0000000088300000, 0x0000000088300000, 0x0000000088400000|  0%| F|  |TAMS 0x0000000088300000| PB 0x0000000088300000| Untracked |  0
|  38|0x0000000088400000, 0x0000000088400000, 0x0000000088500000|  0%| F|  |TAMS 0x0000000088400000| PB 0x0000000088400000| Untracked |  0
|  39|0x0000000088500000, 0x0000000088500000, 0x0000000088600000|  0%| F|  |TAMS 0x0000000088500000| PB 0x0000000088500000| Untracked |  0
|  40|0x0000000088600000, 0x0000000088600000, 0x0000000088700000|  0%| F|  |TAMS 0x0000000088600000| PB 0x0000000088600000| Untracked |  0
|  41|0x0000000088700000, 0x0000000088700000, 0x0000000088800000|  0%| F|  |TAMS 0x0000000088700000| PB 0x0000000088700000| Untracked |  0
|  42|0x0000000088800000, 0x0000000088800000, 0x0000000088900000|  0%| F|  |TAMS 0x0000000088800000| PB 0x0000000088800000| Untracked |  0
|  43|0x0000000088900000, 0x0000000088900000, 0x0000000088a00000|  0%| F|  |TAMS 0x0000000088900000| PB 0x0000000088900000| Untracked |  0
|  44|0x0000000088a00000, 0x0000000088a00000, 0x0000000088b00000|  0%| F|  |TAMS 0x0000000088a00000| PB 0x0000000088a00000| Untracked |  0
|  45|0x0000000088b00000, 0x0000000088b00000, 0x0000000088c00000|  0%| F|  |TAMS 0x0000000088b00000| PB 0x0000000088b00000| Untracked |  0
|  46|0x0000000088c00000, 0x0000000088c00000, 0x0000000088d00000|  0%| F|  |TAMS 0x0000000088c00000| PB 0x0000000088c00000| Untracked |  0
|  47|0x0000000088d00000, 0x0000000088d00000, 0x0000000088e00000|  0%| F|  |TAMS 0x0000000088d00000| PB 0x0000000088d00000| Untracked |  0
|  48|0x0000000088e00000, 0x0000000088e00000, 0x0000000088f00000|  0%| F|  |TAMS 0x0000000088e00000| PB 0x0000000088e00000| Untracked |  0
|  49|0x0000000088f00000, 0x0000000088f00000, 0x0000000089000000|  0%| F|  |TAMS 0x0000000088f00000| PB 0x0000000088f00000| Untracked |  0
|  50|0x0000000089000000, 0x0000000089000000, 0x0000000089100000|  0%| F|  |TAMS 0x0000000089000000| PB 0x0000000089000000| Untracked |  0
|  51|0x0000000089100000, 0x0000000089100000, 0x0000000089200000|  0%| F|  |TAMS 0x0000000089100000| PB 0x0000000089100000| Untracked |  0
|  52|0x0000000089200000, 0x0000000089200000, 0x0000000089300000|  0%| F|  |TAMS 0x0000000089200000| PB 0x0000000089200000| Untracked |  0
|  53|0x0000000089300000, 0x0000000089300000, 0x0000000089400000|  0%| F|  |TAMS 0x0000000089300000| PB 0x0000000089300000| Untracked |  0
|  54|0x0000000089400000, 0x0000000089400000, 0x0000000089500000|  0%| F|  |TAMS 0x0000000089400000| PB 0x0000000089400000| Untracked |  0
|  55|0x0000000089500000, 0x0000000089500000, 0x0000000089600000|  0%| F|  |TAMS 0x0000000089500000| PB 0x0000000089500000| Untracked |  0
|  56|0x0000000089600000, 0x0000000089600000, 0x0000000089700000|  0%| F|  |TAMS 0x0000000089600000| PB 0x0000000089600000| Untracked |  0
|  57|0x0000000089700000, 0x0000000089700000, 0x0000000089800000|  0%| F|  |TAMS 0x0000000089700000| PB 0x0000000089700000| Untracked |  0
|  58|0x0000000089800000, 0x0000000089800000, 0x0000000089900000|  0%| F|  |TAMS 0x0000000089800000| PB 0x0000000089800000| Untracked |  0
|  59|0x0000000089900000, 0x0000000089900000, 0x0000000089a00000|  0%| F|  |TAMS 0x0000000089900000| PB 0x0000000089900000| Untracked |  0
|  60|0x0000000089a00000, 0x0000000089a00000, 0x0000000089b00000|  0%| F|  |TAMS 0x0000000089a00000| PB 0x0000000089a00000| Untracked |  0
|  61|0x0000000089b00000, 0x0000000089b00000, 0x0000000089c00000|  0%| F|  |TAMS 0x0000000089b00000| PB 0x0000000089b00000| Untracked |  0
|  62|0x0000000089c00000, 0x0000000089c00000, 0x0000000089d00000|  0%| F|  |TAMS 0x0000000089c00000| PB 0x0000000089c00000| Untracked |  0
|  63|0x0000000089d00000, 0x0000000089d00000, 0x0000000089e00000|  0%| F|  |TAMS 0x0000000089d00000| PB 0x0000000089d00000| Untracked |  0
|  64|0x0000000089e00000, 0x0000000089e00000, 0x0000000089f00000|  0%| F|  |TAMS 0x0000000089e00000| PB 0x0000000089e00000| Untracked |  0
|  65|0x0000000089f00000, 0x0000000089f00000, 0x000000008a000000|  0%| F|  |TAMS 0x0000000089f00000| PB 0x0000000089f00000| Untracked |  0
|  66|0x000000008a000000, 0x000000008a000000, 0x000000008a100000|  0%| F|  |TAMS 0x000000008a000000| PB 0x000000008a000000| Untracked |  0
|  67|0x000000008a100000, 0x000000008a100000, 0x000000008a200000|  0%| F|  |TAMS 0x000000008a100000| PB 0x000000008a100000| Untracked |  0
|  68|0x000000008a200000, 0x000000008a200000, 0x000000008a300000|  0%| F|  |TAMS 0x000000008a200000| PB 0x000000008a200000| Untracked |  0
|  69|0x000000008a300000, 0x000000008a300000, 0x000000008a400000|  0%| F|  |TAMS 0x000000008a300000| PB 0x000000008a300000| Untracked |  0
|  70|0x000000008a400000, 0x000000008a400000, 0x000000008a500000|  0%| F|  |TAMS 0x000000008a400000| PB 0x000000008a400000| Untracked |  0
|  71|0x000000008a500000, 0x000000008a500000, 0x000000008a600000|  0%| F|  |TAMS 0x000000008a500000| PB 0x000000008a500000| Untracked |  0
|  72|0x000000008a600000, 0x000000008a600000, 0x000000008a700000|  0%| F|  |TAMS 0x000000008a600000| PB 0x000000008a600000| Untracked |  0
|  73|0x000000008a700000, 0x000000008a700000, 0x000000008a800000|  0%| F|  |TAMS 0x000000008a700000| PB 0x000000008a700000| Untracked |  0
|  74|0x000000008a800000, 0x000000008a800000, 0x000000008a900000|  0%| F|  |TAMS 0x000000008a800000| PB 0x000000008a800000| Untracked |  0
|  75|0x000000008a900000, 0x000000008a900000, 0x000000008aa00000|  0%| F|  |TAMS 0x000000008a900000| PB 0x000000008a900000| Untracked |  0
|  76|0x000000008aa00000, 0x000000008aa00000, 0x000000008ab00000|  0%| F|  |TAMS 0x000000008aa00000| PB 0x000000008aa00000| Untracked |  0
|  77|0x000000008ab00000, 0x000000008abe3cd0, 0x000000008ac00000| 88%| E|  |TAMS 0x000000008ab00000| PB 0x000000008ab00000| Complete |  0
|  78|0x000000008ac00000, 0x000000008ad00000, 0x000000008ad00000|100%| E|CS|TAMS 0x000000008ac00000| PB 0x000000008ac00000| Complete |  0
|  79|0x000000008ad00000, 0x000000008ae00000, 0x000000008ae00000|100%| E|CS|TAMS 0x000000008ad00000| PB 0x000000008ad00000| Complete |  0
|  80|0x000000008ae00000, 0x000000008af00000, 0x000000008af00000|100%| E|CS|TAMS 0x000000008ae00000| PB 0x000000008ae00000| Complete |  0
|  81|0x000000008af00000, 0x000000008b000000, 0x000000008b000000|100%| E|CS|TAMS 0x000000008af00000| PB 0x000000008af00000| Complete |  0
|  82|0x000000008b000000, 0x000000008b100000, 0x000000008b100000|100%| E|CS|TAMS 0x000000008b000000| PB 0x000000008b000000| Complete |  0
|  83|0x000000008b100000, 0x000000008b200000, 0x000000008b200000|100%| E|CS|TAMS 0x000000008b100000| PB 0x000000008b100000| Complete |  0
|  84|0x000000008b200000, 0x000000008b300000, 0x000000008b300000|100%| E|CS|TAMS 0x000000008b200000| PB 0x000000008b200000| Complete |  0
|  85|0x000000008b300000, 0x000000008b400000, 0x000000008b400000|100%| E|CS|TAMS 0x000000008b300000| PB 0x000000008b300000| Complete |  0
|  86|0x000000008b400000, 0x000000008b500000, 0x000000008b500000|100%| E|CS|TAMS 0x000000008b400000| PB 0x000000008b400000| Complete |  0
|  87|0x000000008b500000, 0x000000008b600000, 0x000000008b600000|100%| E|CS|TAMS 0x000000008b500000| PB 0x000000008b500000| Complete |  0
|  88|0x000000008b600000, 0x000000008b700000, 0x000000008b700000|100%| E|CS|TAMS 0x000000008b600000| PB 0x000000008b600000| Complete |  0
|  89|0x000000008b700000, 0x000000008b800000, 0x000000008b800000|100%| E|  |TAMS 0x000000008b700000| PB 0x000000008b700000| Complete |  0
|  90|0x000000008b800000, 0x000000008b900000, 0x000000008b900000|100%| E|CS|TAMS 0x000000008b800000| PB 0x000000008b800000| Complete |  0
|  91|0x000000008b900000, 0x000000008ba00000, 0x000000008ba00000|100%| E|CS|TAMS 0x000000008b900000| PB 0x000000008b900000| Complete |  0
|  92|0x000000008ba00000, 0x000000008bb00000, 0x000000008bb00000|100%| S|CS|TAMS 0x000000008ba00000| PB 0x000000008ba00000| Complete |  0
|  93|0x000000008bb00000, 0x000000008bc00000, 0x000000008bc00000|100%| S|CS|TAMS 0x000000008bb00000| PB 0x000000008bb00000| Complete |  0
|  94|0x000000008bc00000, 0x000000008bd00000, 0x000000008bd00000|100%| S|CS|TAMS 0x000000008bc00000| PB 0x000000008bc00000| Complete |  0
|  95|0x000000008bd00000, 0x000000008be00000, 0x000000008be00000|100%| S|CS|TAMS 0x000000008bd00000| PB 0x000000008bd00000| Complete |  0
|  96|0x000000008be00000, 0x000000008bf00000, 0x000000008bf00000|100%| E|CS|TAMS 0x000000008be00000| PB 0x000000008be00000| Complete |  0
|  97|0x000000008bf00000, 0x000000008c000000, 0x000000008c000000|100%| E|CS|TAMS 0x000000008bf00000| PB 0x000000008bf00000| Complete |  0
|  98|0x000000008c000000, 0x000000008c100000, 0x000000008c100000|100%| E|CS|TAMS 0x000000008c000000| PB 0x000000008c000000| Complete |  0
|  99|0x000000008c100000, 0x000000008c200000, 0x000000008c200000|100%| E|CS|TAMS 0x000000008c100000| PB 0x000000008c100000| Complete |  0
| 100|0x000000008c200000, 0x000000008c300000, 0x000000008c300000|100%| E|CS|TAMS 0x000000008c200000| PB 0x000000008c200000| Complete |  0
| 101|0x000000008c300000, 0x000000008c400000, 0x000000008c400000|100%| E|CS|TAMS 0x000000008c300000| PB 0x000000008c300000| Complete |  0
| 102|0x000000008c400000, 0x000000008c500000, 0x000000008c500000|100%| E|CS|TAMS 0x000000008c400000| PB 0x000000008c400000| Complete |  0
| 103|0x000000008c500000, 0x000000008c600000, 0x000000008c600000|100%| E|CS|TAMS 0x000000008c500000| PB 0x000000008c500000| Complete |  0
| 104|0x000000008c600000, 0x000000008c700000, 0x000000008c700000|100%| E|CS|TAMS 0x000000008c600000| PB 0x000000008c600000| Complete |  0
| 105|0x000000008c700000, 0x000000008c800000, 0x000000008c800000|100%| E|CS|TAMS 0x000000008c700000| PB 0x000000008c700000| Complete |  0
| 106|0x000000008c800000, 0x000000008c900000, 0x000000008c900000|100%| E|CS|TAMS 0x000000008c800000| PB 0x000000008c800000| Complete |  0
| 107|0x000000008c900000, 0x000000008ca00000, 0x000000008ca00000|100%| E|CS|TAMS 0x000000008c900000| PB 0x000000008c900000| Complete |  0
| 108|0x000000008ca00000, 0x000000008cb00000, 0x000000008cb00000|100%| E|CS|TAMS 0x000000008ca00000| PB 0x000000008ca00000| Complete |  0
| 109|0x000000008cb00000, 0x000000008cc00000, 0x000000008cc00000|100%| E|CS|TAMS 0x000000008cb00000| PB 0x000000008cb00000| Complete |  0
| 110|0x000000008cc00000, 0x000000008cd00000, 0x000000008cd00000|100%| E|CS|TAMS 0x000000008cc00000| PB 0x000000008cc00000| Complete |  0
| 111|0x000000008cd00000, 0x000000008ce00000, 0x000000008ce00000|100%| E|CS|TAMS 0x000000008cd00000| PB 0x000000008cd00000| Complete |  0
| 112|0x000000008ce00000, 0x000000008cf00000, 0x000000008cf00000|100%| E|CS|TAMS 0x000000008ce00000| PB 0x000000008ce00000| Complete |  0
| 113|0x000000008cf00000, 0x000000008d000000, 0x000000008d000000|100%| E|CS|TAMS 0x000000008cf00000| PB 0x000000008cf00000| Complete |  0
| 114|0x000000008d000000, 0x000000008d100000, 0x000000008d100000|100%| E|CS|TAMS 0x000000008d000000| PB 0x000000008d000000| Complete |  0
| 115|0x000000008d100000, 0x000000008d200000, 0x000000008d200000|100%| E|CS|TAMS 0x000000008d100000| PB 0x000000008d100000| Complete |  0
| 116|0x000000008d200000, 0x000000008d300000, 0x000000008d300000|100%| E|CS|TAMS 0x000000008d200000| PB 0x000000008d200000| Complete |  0
| 117|0x000000008d300000, 0x000000008d400000, 0x000000008d400000|100%| E|CS|TAMS 0x000000008d300000| PB 0x000000008d300000| Complete |  0
| 118|0x000000008d400000, 0x000000008d500000, 0x000000008d500000|100%| E|CS|TAMS 0x000000008d400000| PB 0x000000008d400000| Complete |  0
| 119|0x000000008d500000, 0x000000008d600000, 0x000000008d600000|100%| E|CS|TAMS 0x000000008d500000| PB 0x000000008d500000| Complete |  0
| 120|0x000000008d600000, 0x000000008d700000, 0x000000008d700000|100%| E|CS|TAMS 0x000000008d600000| PB 0x000000008d600000| Complete |  0
| 121|0x000000008d700000, 0x000000008d800000, 0x000000008d800000|100%| E|CS|TAMS 0x000000008d700000| PB 0x000000008d700000| Complete |  0
| 122|0x000000008d800000, 0x000000008d900000, 0x000000008d900000|100%| E|CS|TAMS 0x000000008d800000| PB 0x000000008d800000| Complete |  0
| 123|0x000000008d900000, 0x000000008da00000, 0x000000008da00000|100%| E|CS|TAMS 0x000000008d900000| PB 0x000000008d900000| Complete |  0
|1952|0x00000000ffe00000, 0x00000000fff00000, 0x00000000fff00000|100%| O|  |TAMS 0x00000000ffe00000| PB 0x00000000ffe00000| Untracked |  0
|1953|0x00000000fff00000, 0x00000000fff21178, 0x0000000100000000| 12%| O|  |TAMS 0x00000000fff00000| PB 0x00000000fff00000| Untracked |  0

Card table byte_map: [0x00007083de76f000,0x00007083deb40000] _byte_map_base: 0x00007083de340000

Marking Bits: (CMBitMap*) 0x00007083d8079df0
 Bits: [0x00007083dc8e7000, 0x00007083de76f000)

Polling page: 0x00007083e1628000

Metaspace:
Metaspace        used 16011K, committed 16320K, reserved 1114112K
 class space     used 1587K, committed 1728K, reserved 1048576K

Usage:
  Non-class:     14.09 MB used.
      Class:      1.55 MB used.
       Both:     15.64 MB used.

Virtual space:
  Non-class space:       64.00 MB reserved,      14.25 MB ( 22%) committed,  1 nodes.
      Class space:        1.00 GB reserved,       1.69 MB ( <1%) committed,  1 nodes.
             Both:        1.06 GB reserved,      15.94 MB (  1%) committed. 

Chunk freelists:
   Non-Class:  944.00 KB
       Class:  14.25 MB
        Both:  15.17 MB

MaxMetaspaceSize: unlimited
CompressedClassSpaceSize: 1.00 GB
Initial GC threshold: 21.00 MB
Current GC threshold: 21.00 MB
CDS: on
 - commit_granule_bytes: 65536.
 - commit_granule_words: 8192.
 - virtual_space_node_default_size: 8388608.
 - enlarge_chunks_in_place: 1.
UseCompressedClassPointers 1, UseCompactObjectHeaders 0
Narrow klass pointer bits 32, Max shift 3
Narrow klass base: 0x0000000040000000, Narrow klass shift: 0
Encoding Range: [0x0000000040000000 - 0x0000000140000000), (4294967296 bytes)
Klass Range:    [0x0000000040001000 - 0x0000000081000000), (1090514944 bytes)
Klass ID Range:  [4096 - 1090519033) (1090514937)
Protection zone: [0x0000000040000000 - 0x0000000040001000), (4096 bytes)


Internal statistics:

num_allocs_failed_limit: 0.
num_arena_births: 104.
num_arena_deaths: 0.
num_vsnodes_births: 2.
num_vsnodes_deaths: 0.
num_space_committed: 254.
num_space_uncommitted: 0.
num_chunks_returned_to_freelist: 0.
num_chunks_taken_from_freelist: 406.
num_chunk_merges: 0.
num_chunk_splits: 282.
num_chunks_enlarged: 211.
num_inconsistent_stats: 0.

CodeHeap 'non-profiled nmethods': size=120032Kb used=937Kb max_used=937Kb free=119094Kb
 bounds [0x00007083c80c8000, 0x00007083c8338000, 0x00007083cf600000]
CodeHeap 'profiled nmethods': size=120032Kb used=3708Kb max_used=3708Kb free=116323Kb
 bounds [0x00007083c05ff000, 0x00007083c099f000, 0x00007083c7b37000]
CodeHeap 'non-nmethods': size=5700Kb used=2252Kb max_used=2340Kb free=3447Kb
 bounds [0x00007083c7b37000, 0x00007083c7da7000, 0x00007083c80c8000]
CodeCache: size=245764Kb, used=6897Kb, max_used=6985Kb, free=238864Kb
 total_blobs=3872, nmethods=2665, adapters=1112, full_count=0
Compilation: enabled, stopped_count=0, restarted_count=0

Compilation events (20 events):
Event: 7.329 Thread 0x00007083d80fb820 2654       3       com.badlogic.gdx.graphics.g2d.GlyphLayout$GlyphRun::<init> (27 bytes)
Event: 7.329 Thread 0x00007083d80fb820 nmethod 2654 0x00007083c0998588 code [0x00007083c0998680, 0x00007083c0998ee8]
Event: 7.329 Thread 0x00007083d80fb820 2652       3       com.badlogic.gdx.graphics.g2d.freetype.FreeType$Face::getCharIndex (9 bytes)
Event: 7.329 Thread 0x00007083d80fb820 nmethod 2652 0x00007083c0998f08 code [0x00007083c0999000, 0x00007083c0999138]
Event: 7.329 Thread 0x00007083d80fb820 2653       3       com.badlogic.gdx.graphics.g2d.BitmapFont$BitmapFontData::setGlyph (42 bytes)
Event: 7.330 Thread 0x00007083d80fb820 nmethod 2653 0x00007083c0999208 code [0x00007083c0999300, 0x00007083c0999800]
Event: 7.330 Thread 0x00007083d80fb820 2655       3       java.lang.StringLatin1::toChars (16 bytes)
Event: 7.330 Thread 0x00007083d80fb820 nmethod 2655 0x00007083c0999888 code [0x00007083c0999980, 0x00007083c0999b48]
Event: 7.330 Thread 0x00007083d80fb820 2666       3       com.badlogic.gdx.utils.Array$ArrayIterable::iterator (135 bytes)
Event: 7.330 Thread 0x00007083d80fb820 nmethod 2666 0x00007083c0999b88 code [0x00007083c0999c80, 0x00007083c099a3d0]
Event: 7.333 Thread 0x00007083d80fb820 2671  s    3       com.watabou.noosa.RenderedText::measure (378 bytes)
Event: 7.338 Thread 0x00007083d80fb820 nmethod 2671 0x00007083c099a408 code [0x00007083c099a520, 0x00007083c099d4a8]
Event: 7.338 Thread 0x00007083d80fb820 2668       3       com.badlogic.gdx.utils.IntArray::<init> (17 bytes)
Event: 7.338 Thread 0x00007083d80fb820 nmethod 2668 0x00007083c099d508 code [0x00007083c099d600, 0x00007083c099d850]
Event: 7.338 Thread 0x00007083d80fb820 2669       3       com.badlogic.gdx.utils.IntArray::<init> (7 bytes)
Event: 7.338 Thread 0x00007083d80fb820 nmethod 2669 0x00007083c099d888 code [0x00007083c099d980, 0x00007083c099dc30]
Event: 7.338 Thread 0x00007083d80fb820 2670       3       com.watabou.noosa.RenderedText::<init> (29 bytes)
Event: 7.338 Thread 0x00007083d80fb820 nmethod 2670 0x00007083c099dc88 code [0x00007083c099dd80, 0x00007083c099dfb0]
Event: 7.338 Thread 0x00007083d80fb820 2667       3       java.lang.StringUTF16::toChars (18 bytes)
Event: 7.339 Thread 0x00007083d80fb820 nmethod 2667 0x00007083c099e008 code [0x00007083c099e100, 0x00007083c099e2d0]

GC Heap Usage History (2 events):
Event: 4.595 {heap Before GC invocations=0 (full 0):
 garbage-first heap   total reserved 2000896K, committed 129024K, used 30852K [0x0000000085e00000, 0x0000000100000000)
  region size 1024K, 28 young (28672K), 0 survivors (0K)
}
Event: 4.610 {heap After GC invocations=1 (full 0):
 garbage-first heap   total reserved 2000896K, committed 129024K, used 6068K [0x0000000085e00000, 0x0000000100000000)
  region size 1024K, 4 young (4096K), 4 survivors (4096K)
}

Metaspace Usage History (2 events):
Event: 4.595 {metaspace Before GC invocations=0 (full 0):
 Metaspace       used 10513K, committed 10688K, reserved 1114112K
  class space    used 932K, committed 1024K, reserved 1048576K
}
Event: 4.610 {metaspace After GC invocations=1 (full 0):
 Metaspace       used 10513K, committed 10688K, reserved 1114112K
  class space    used 932K, committed 1024K, reserved 1048576K
}

Dll operation events (20 events):
Event: 0.095 Attempting to load shared library /usr/lib/jvm/java-25-openjdk-amd64/lib/libnio.so
Event: 0.095 Loaded shared library /usr/lib/jvm/java-25-openjdk-amd64/lib/libnio.so
Event: 0.125 Attempting to load shared library /usr/lib/jvm/java-25-openjdk-amd64/lib/libzip.so
Event: 0.125 Loaded shared library /usr/lib/jvm/java-25-openjdk-amd64/lib/libzip.so
Event: 0.430 Attempting to load shared library /usr/lib/jvm/java-25-openjdk-amd64/lib/libjimage.so
Event: 0.431 Loaded shared library /usr/lib/jvm/java-25-openjdk-amd64/lib/libjimage.so
Event: 0.466 Attempting to load shared library /tmp/libgdxabdullah/da3a4817/libgdx64.so
Event: 0.466 Loaded shared library /tmp/libgdxabdullah/da3a4817/libgdx64.so
Event: 0.597 Attempting to load shared library /usr/lib/jvm/java-25-openjdk-amd64/lib/libnet.so
Event: 0.597 Loaded shared library /usr/lib/jvm/java-25-openjdk-amd64/lib/libnet.so
Event: 0.616 Attempting to load shared library /tmp/lwjgl_abdullah/3.3.3+5/x64/liblwjgl.so
Event: 0.617 Loaded shared library /tmp/lwjgl_abdullah/3.3.3+5/x64/liblwjgl.so
Event: 1.598 Attempting to load shared library /tmp/lwjgl_abdullah/3.3.3+5/x64/liblwjgl_opengl.so
Event: 1.598 Loaded shared library /tmp/lwjgl_abdullah/3.3.3+5/x64/liblwjgl_opengl.so
Event: 2.724 Attempting to load shared library /tmp/libgdxabdullah/5fd1e555/libjamepad64.so
Event: 2.724 Loaded shared library /tmp/libgdxabdullah/5fd1e555/libjamepad64.so
Event: 3.610 Attempting to load shared library /tmp/libgdxabdullah/b3addf20/libgdx-freetype64.so
Event: 3.611 Loaded shared library /tmp/libgdxabdullah/b3addf20/libgdx-freetype64.so
Event: 4.869 Attempting to load shared library /usr/lib/jvm/java-25-openjdk-amd64/lib/libextnet.so
Event: 4.869 Loaded shared library /usr/lib/jvm/java-25-openjdk-amd64/lib/libextnet.so

Deoptimization events (20 events):
Event: 7.289 Thread 0x00007083d801c470 DEOPT PACKING pc=0x00007083c8196e3c sp=0x00007083e11fdd50
Event: 7.289 Thread 0x00007083d801c470 DEOPT UNPACKING pc=0x00007083c7c5dcf9 sp=0x00007083e11fdcb0 mode 2
Event: 7.289 Thread 0x00007083d801c470 Uncommon trap: trap_request=0xffffffc6 fr.pc=0x00007083c8196e3c relative=0x000000000000063c
Event: 7.289 Thread 0x00007083d801c470 Uncommon trap: reason=bimorphic_or_optimized_type_check action=maybe_recompile pc=0x00007083c8196e3c method=com.badlogic.gdx.utils.ObjectMap.place(Ljava/lang/Object;)I @ 1 c2
Event: 7.289 Thread 0x00007083d801c470 DEOPT PACKING pc=0x00007083c8196e3c sp=0x00007083e11fdd90
Event: 7.289 Thread 0x00007083d801c470 DEOPT UNPACKING pc=0x00007083c7c5dcf9 sp=0x00007083e11fdce0 mode 2
Event: 7.311 Thread 0x00007083d801c470 DEOPT PACKING pc=0x00007083c083ea79 sp=0x00007083e11fd450
Event: 7.311 Thread 0x00007083d801c470 DEOPT UNPACKING pc=0x00007083c7b87fef sp=0x00007083e11fc9b8 mode 0
Event: 7.315 Thread 0x00007083d801c470 DEOPT PACKING pc=0x00007083c083ea79 sp=0x00007083e11fd450
Event: 7.315 Thread 0x00007083d801c470 DEOPT UNPACKING pc=0x00007083c7b87fef sp=0x00007083e11fc9b8 mode 0
Event: 7.316 Thread 0x00007083d801c470 Uncommon trap: trap_request=0xffffff45 fr.pc=0x00007083c816b32c relative=0x00000000000001ac
Event: 7.316 Thread 0x00007083d801c470 Uncommon trap: reason=unstable_if action=reinterpret pc=0x00007083c816b32c method=java.lang.Character.isHighSurrogate(C)Z @ 3 c2
Event: 7.316 Thread 0x00007083d801c470 DEOPT PACKING pc=0x00007083c816b32c sp=0x00007083e11fdac0
Event: 7.316 Thread 0x00007083d801c470 DEOPT UNPACKING pc=0x00007083c7c5dcf9 sp=0x00007083e11fd9a8 mode 2
Event: 7.319 Thread 0x00007083d801c470 DEOPT PACKING pc=0x00007083c083ea79 sp=0x00007083e11fd540
Event: 7.319 Thread 0x00007083d801c470 DEOPT UNPACKING pc=0x00007083c7b87fef sp=0x00007083e11fcaa8 mode 0
Event: 7.323 Thread 0x00007083d801c470 DEOPT PACKING pc=0x00007083c083ea79 sp=0x00007083e11fd410
Event: 7.323 Thread 0x00007083d801c470 DEOPT UNPACKING pc=0x00007083c7b87fef sp=0x00007083e11fc958 mode 0
Event: 7.328 Thread 0x00007083d801c470 DEOPT PACKING pc=0x00007083c083ea79 sp=0x00007083e11fd410
Event: 7.328 Thread 0x00007083d801c470 DEOPT UNPACKING pc=0x00007083c7b87fef sp=0x00007083e11fc958 mode 0

Classes loaded (20 events):
Event: 6.779 Loading class java/util/OptionalInt
Event: 6.780 Loading class java/util/OptionalInt done
Event: 6.780 Loading class sun/net/www/http/ChunkedInputStream
Event: 6.780 Loading class sun/net/www/http/Hurryable
Event: 6.781 Loading class sun/net/www/http/Hurryable done
Event: 6.781 Loading class sun/net/www/http/ChunkedInputStream done
Event: 6.781 Loading class sun/net/www/protocol/http/HttpURLConnection$HttpInputStream
Event: 6.782 Loading class sun/net/www/protocol/http/HttpURLConnection$HttpInputStream done
Event: 6.817 Loading class sun/net/www/http/KeepAliveCache$ClientVector
Event: 6.817 Loading class sun/net/www/http/KeepAliveCache$ClientVector done
Event: 6.819 Loading class sun/net/www/http/KeepAliveEntry
Event: 6.819 Loading class sun/net/www/http/KeepAliveEntry done
Event: 6.840 Loading class sun/util/calendar/ZoneInfoFile$Checksum
Event: 6.841 Loading class sun/util/calendar/ZoneInfoFile$Checksum done
Event: 6.941 Loading class sun/text/resources/cldr/FormatData_en
Event: 6.945 Loading class sun/text/resources/cldr/FormatData_en done
Event: 6.954 Loading class java/text/CalendarBuilder
Event: 6.954 Loading class java/text/CalendarBuilder done
Event: 6.954 Loading class java/text/DecimalFormat$NumericPosition
Event: 6.956 Loading class java/text/DecimalFormat$NumericPosition done

Classes unloaded (0 events):
No events

Classes redefined (0 events):
No events

Internal exceptions (20 events):
Event: 0.768 Thread 0x00007083d801c470 Exception <a 'java/lang/NoSuchMethodError'{0x000000008d28b870}: 'int java.lang.invoke.DirectMethodHandle$Holder.invokeStaticInit(java.lang.Object, java.lang.Object, long, long)'> (0x000000008d28b870) 
thrown [./src/hotspot/share/interpreter/linkResolver.cpp, line 803]
Event: 0.769 Thread 0x00007083d801c470 Exception <a 'java/lang/NoSuchMethodError'{0x000000008d29ac80}: 'java.lang.Object java.lang.invoke.DirectMethodHandle$Holder.newInvokeSpecial(java.lang.Object, java.lang.Object, long)'> (0x000000008d29ac80) 
thrown [./src/hotspot/share/interpreter/linkResolver.cpp, line 803]
Event: 0.770 Thread 0x00007083d801c470 Exception <a 'java/lang/NoSuchMethodError'{0x000000008d2a3740}: 'java.lang.Object java.lang.invoke.Invokers$Holder.linkToTargetMethod(java.lang.Object, long, java.lang.Object)'> (0x000000008d2a3740) 
thrown [./src/hotspot/share/interpreter/linkResolver.cpp, line 803]
Event: 0.774 Thread 0x00007083d801c470 Exception <a 'java/lang/NoSuchMethodError'{0x000000008d2b3db8}: 'int java.lang.invoke.DirectMethodHandle$Holder.invokeStaticInit(java.lang.Object, java.lang.Object, java.lang.Object, long)'> (0x000000008d2b3db8) 
thrown [./src/hotspot/share/interpreter/linkResolver.cpp, line 803]
Event: 0.994 Thread 0x00007083d801c470 Exception <a 'java/lang/NoSuchMethodError'{0x000000008d19c0c0}: 'int java.lang.invoke.Invokers$Holder.invokeExact_MT(java.lang.Object, java.lang.Object)'> (0x000000008d19c0c0) 
thrown [./src/hotspot/share/interpreter/linkResolver.cpp, line 803]
Event: 1.333 Thread 0x00007083d801c470 Exception <a 'java/lang/NoSuchMethodError'{0x000000008d09e768}: 'java.lang.Object java.lang.invoke.DirectMethodHandle$Holder.newInvokeSpecial(java.lang.Object, long)'> (0x000000008d09e768) 
thrown [./src/hotspot/share/interpreter/linkResolver.cpp, line 803]
Event: 1.578 Thread 0x00007083d801c470 Exception <a 'java/lang/NoSuchMethodError'{0x000000008ce32878}: 'void java.lang.invoke.DirectMethodHandle$Holder.invokeStatic(java.lang.Object, long)'> (0x000000008ce32878) 
thrown [./src/hotspot/share/interpreter/linkResolver.cpp, line 803]
Event: 1.587 Thread 0x00007083d801c470 Exception <a 'java/lang/NoSuchMethodError'{0x000000008ce56268}: 'void java.lang.System.load(java.lang.String, java.lang.Class)'> (0x000000008ce56268) 
thrown [./src/hotspot/share/interpreter/linkResolver.cpp, line 803]
Event: 1.588 Thread 0x00007083d801c470 Exception <a 'java/lang/NoSuchMethodError'{0x000000008ce5e048}: 'void java.lang.System.loadLibrary(java.lang.String, java.lang.Class)'> (0x000000008ce5e048) 
thrown [./src/hotspot/share/interpreter/linkResolver.cpp, line 803]
Event: 3.617 Thread 0x00007083d801c470 Exception <a 'java/io/FileNotFoundException'{0x000000008c5a5520}> (0x000000008c5a5520) 
thrown [./src/hotspot/share/prims/jni.cpp, line 516]
Event: 3.622 Thread 0x00007083d801c470 Exception <a 'java/io/FileNotFoundException'{0x000000008c5ae798}> (0x000000008c5ae798) 
thrown [./src/hotspot/share/prims/jni.cpp, line 516]
Event: 3.658 Thread 0x00007083d801c470 Exception <a 'java/io/FileNotFoundException'{0x000000008c5b3a88}> (0x000000008c5b3a88) 
thrown [./src/hotspot/share/prims/jni.cpp, line 516]
Event: 4.504 Thread 0x00007083d801c470 Exception <a 'java/lang/NoSuchMethodError'{0x000000008c0ea2e0}: 'void java.lang.invoke.DirectMethodHandle$Holder.invokeVirtual(java.lang.Object, java.lang.Object)'> (0x000000008c0ea2e0) 
thrown [./src/hotspot/share/interpreter/linkResolver.cpp, line 803]
Event: 6.171 Thread 0x00007083d9d7bb20 Exception <a 'java/lang/NoSuchMethodError'{0x000000008d1756a0}: 'java.lang.Object java.lang.invoke.Invokers$Holder.invoke_MT(java.lang.Object, java.lang.Object, java.lang.Object, java.lang.Object, java.lang.Object, java.lang.Object)'> (0x000000008d1756a0) 
thrown [./src/hotspot/share/interpreter/linkResolver.cpp, line 803]
Event: 6.298 Thread 0x00007083d979fe70 Exception <a 'java/lang/NoSuchMethodError'{0x000000008c31bd20}: 'void java.lang.invoke.DirectMethodHandle$Holder.invokeStatic(java.lang.Object, java.lang.Object, java.lang.Object)'> (0x000000008c31bd20) 
thrown [./src/hotspot/share/interpreter/linkResolver.cpp, line 803]
Event: 6.300 Thread 0x00007083d979fe70 Exception <a 'java/lang/NoSuchMethodError'{0x000000008c323e68}: 'void java.lang.invoke.DirectMethodHandle$Holder.invokeStaticInit(java.lang.Object, java.lang.Object, java.lang.Object)'> (0x000000008c323e68) 
thrown [./src/hotspot/share/interpreter/linkResolver.cpp, line 803]
Event: 7.215 Thread 0x00007083d801c470 Exception <a 'java/io/FileNotFoundException'{0x000000008ade5e08}> (0x000000008ade5e08) 
thrown [./src/hotspot/share/prims/jni.cpp, line 516]
Event: 7.216 Thread 0x00007083d801c470 Exception <a 'java/io/FileNotFoundException'{0x000000008adeafa8}> (0x000000008adeafa8) 
thrown [./src/hotspot/share/prims/jni.cpp, line 516]
Event: 7.222 Thread 0x00007083d801c470 Exception <a 'java/io/FileNotFoundException'{0x000000008adf0150}> (0x000000008adf0150) 
thrown [./src/hotspot/share/prims/jni.cpp, line 516]
Event: 7.223 Thread 0x00007083d801c470 Exception <a 'java/io/FileNotFoundException'{0x000000008adf7d78}> (0x000000008adf7d78) 
thrown [./src/hotspot/share/prims/jni.cpp, line 516]

VM Operations (20 events):
Event: 4.188 Executing non-safepoint VM operation: HandshakeAllThreads (Deoptimize)
Event: 4.188 Executing non-safepoint VM operation: HandshakeAllThreads (Deoptimize) done
Event: 4.491 Executing non-safepoint VM operation: HandshakeAllThreads (Deoptimize)
Event: 4.491 Executing non-safepoint VM operation: HandshakeAllThreads (Deoptimize) done
Event: 4.595 Executing safepoint VM operation: G1CollectForAllocation (G1 Evacuation Pause)
Event: 4.610 Executing safepoint VM operation: G1CollectForAllocation (G1 Evacuation Pause) done
Event: 4.640 Executing non-safepoint VM operation: HandshakeAllThreads (Deoptimize)
Event: 4.640 Executing non-safepoint VM operation: HandshakeAllThreads (Deoptimize) done
Event: 4.722 Executing non-safepoint VM operation: HandshakeAllThreads (Deoptimize)
Event: 4.724 Executing non-safepoint VM operation: HandshakeAllThreads (Deoptimize) done
Event: 4.853 Executing non-safepoint VM operation: HandshakeAllThreads (Deoptimize)
Event: 4.853 Executing non-safepoint VM operation: HandshakeAllThreads (Deoptimize) done
Event: 5.134 Executing non-safepoint VM operation: HandshakeAllThreads (Deoptimize)
Event: 5.134 Executing non-safepoint VM operation: HandshakeAllThreads (Deoptimize) done
Event: 5.664 Executing non-safepoint VM operation: HandshakeAllThreads (Deoptimize)
Event: 5.665 Executing non-safepoint VM operation: HandshakeAllThreads (Deoptimize) done
Event: 6.818 Executing non-safepoint VM operation: HandshakeAllThreads (Deoptimize)
Event: 6.819 Executing non-safepoint VM operation: HandshakeAllThreads (Deoptimize) done
Event: 6.843 Executing non-safepoint VM operation: HandshakeAllThreads (Deoptimize)
Event: 6.843 Executing non-safepoint VM operation: HandshakeAllThreads (Deoptimize) done

Memory protections (20 events):
Event: 0.002 Protecting memory [0x00007083e1100000,0x00007083e1104000] with protection modes 0
Event: 0.022 Protecting memory [0x0000000040000000,0x0000000040001000] with protection modes 0
Event: 0.050 Protecting memory [0x00007083c01fc000,0x00007083c0200000] with protection modes 0
Event: 0.050 Protecting memory [0x00007083b1900000,0x00007083b1904000] with protection modes 0
Event: 0.050 Protecting memory [0x00007083c00fc000,0x00007083c0100000] with protection modes 0
Event: 0.051 Protecting memory [0x00007083b1800000,0x00007083b1804000] with protection modes 0
Event: 0.053 Protecting memory [0x00007083b1700000,0x00007083b1704000] with protection modes 0
Event: 0.054 Protecting memory [0x00007083b1600000,0x00007083b1604000] with protection modes 0
Event: 0.055 Protecting memory [0x00007083b1500000,0x00007083b1504000] with protection modes 0
Event: 0.081 Protecting memory [0x00007083b1400000,0x00007083b1404000] with protection modes 0
Event: 0.084 Protecting memory [0x00007083b1300000,0x00007083b1304000] with protection modes 0
Event: 1.366 Protecting memory [0x0000708374d65000,0x0000708374d69000] with protection modes 0
Event: 4.681 Protecting memory [0x00007083560ff000,0x0000708356103000] with protection modes 0
Event: 4.686 Protecting memory [0x0000708355fff000,0x0000708356003000] with protection modes 0
Event: 4.763 Protecting memory [0x0000708355eff000,0x0000708355f03000] with protection modes 0
Event: 4.909 Protecting memory [0x00007083543ff000,0x0000708354403000] with protection modes 0
Event: 4.916 Protecting memory [0x00007083542ff000,0x0000708354303000] with protection modes 0
Event: 6.528 Protecting memory [0x00007083541ff000,0x0000708354203000] with protection modes 0
Event: 6.546 Protecting memory [0x00007083541ff000,0x0000708354203000] with protection modes 0
Event: 6.818 Protecting memory [0x00007083541ff000,0x0000708354203000] with protection modes 0

Nmethod flushes (0 events):
No events

Events (20 events):
Event: 0.050 Thread 0x00007083d801c470 Thread added: 0x00007083d80f4e50
Event: 0.051 Thread 0x00007083d801c470 Thread added: 0x00007083d80f6780
Event: 0.053 Thread 0x00007083d801c470 Thread added: 0x00007083d80f8010
Event: 0.054 Thread 0x00007083d801c470 Thread added: 0x00007083d80f9e20
Event: 0.055 Thread 0x00007083d801c470 Thread added: 0x00007083d80fb820
Event: 0.080 Thread 0x00007083d801c470 JVMTI - enter start phase
Event: 0.081 Thread 0x00007083d801c470 JVMTI - enter live phase
Event: 0.081 Thread 0x00007083d801c470 Thread added: 0x00007083d8128380
Event: 0.084 Thread 0x00007083d801c470 Thread added: 0x00007083d812b7e0
Event: 1.366 Thread 0x00007083d801c470 Thread added: 0x00007083d8992860
Event: 4.681 Thread 0x00007083d801c470 Thread added: 0x00007083d9d7bb20
Event: 4.686 Thread 0x00007083d801c470 Thread added: 0x00007083d97bab00
Event: 4.763 Thread 0x00007083d80fb820 Thread added: 0x00007083844fdb50
Event: 4.909 Thread 0x00007083d801c470 Thread added: 0x00007083d979fe70
Event: 4.913 Thread 0x00007083d801c470 Thread added: 0x00007083d9de4330
Event: 6.527 Thread 0x00007083d9d7bb20 Thread added: 0x0000708328045630
Event: 6.528 Thread 0x0000708328045630 Thread exited: 0x0000708328045630
Event: 6.545 Thread 0x00007083d979fe70 Thread added: 0x000070832c058d00
Event: 6.546 Thread 0x000070832c058d00 Thread exited: 0x000070832c058d00
Event: 6.817 Thread 0x00007083d979fe70 Thread added: 0x000070832c063a90


Dynamic libraries:
40000000-40001000 ---p 00000000 00:00 0 
40001000-40d8e000 rw-p 00001000 08:08 1486675                            /usr/lib/jvm/java-25-openjdk-amd64/lib/server/classes.jsa
40d8e000-41000000 ---p 00000000 00:00 0 
41000000-41040000 rw-p 00000000 00:00 0 
41040000-410e0000 rw-p 00000000 00:00 0 
410e0000-41140000 rw-p 00000000 00:00 0 
41140000-41160000 rw-p 00000000 00:00 0 
41160000-411a0000 rw-p 00000000 00:00 0 
411a0000-411c0000 ---p 00000000 00:00 0 
411c0000-411d0000 rw-p 00000000 00:00 0 
411d0000-81000000 ---p 00000000 00:00 0 
85e00000-8da00000 rw-p 00000000 00:00 0 
8da00000-ffe00000 ---p 00000000 00:00 0 
ffe00000-fff22000 rw-p 00dc1000 08:08 1486675                            /usr/lib/jvm/java-25-openjdk-amd64/lib/server/classes.jsa
fff22000-100000000 rw-p 00000000 00:00 0 
562a1e565000-562a1e566000 r--p 00000000 08:08 1486510                    /usr/lib/jvm/java-25-openjdk-amd64/bin/java
562a1e566000-562a1e567000 r-xp 00001000 08:08 1486510                    /usr/lib/jvm/java-25-openjdk-amd64/bin/java
562a1e567000-562a1e568000 r--p 00002000 08:08 1486510                    /usr/lib/jvm/java-25-openjdk-amd64/bin/java
562a1e568000-562a1e569000 r--p 00002000 08:08 1486510                    /usr/lib/jvm/java-25-openjdk-amd64/bin/java
562a1e569000-562a1e56a000 rw-p 00003000 08:08 1486510                    /usr/lib/jvm/java-25-openjdk-amd64/bin/java
562a387a5000-562a39961000 rw-p 00000000 00:00 0                          [heap]
708328000000-708328055000 rw-p 00000000 00:00 0 
708328055000-70832c000000 ---p 00000000 00:00 0 
70832c000000-70832c08a000 rw-p 00000000 00:00 0 
70832c08a000-708330000000 ---p 00000000 00:00 0 
708330000000-708330021000 rw-p 00000000 00:00 0 
708330021000-708334000000 ---p 00000000 00:00 0 
708334000000-708334021000 rw-p 00000000 00:00 0 
708334021000-708338000000 ---p 00000000 00:00 0 
708338000000-708338021000 rw-p 00000000 00:00 0 
708338021000-70833c000000 ---p 00000000 00:00 0 
70833c000000-70833c021000 rw-p 00000000 00:00 0 
70833c021000-708340000000 ---p 00000000 00:00 0 
708340000000-708340021000 rw-p 00000000 00:00 0 
708340021000-708344000000 ---p 00000000 00:00 0 
708347600000-708347800000 rw-s 11247e000 00:11 67                        anon_inode:i915.gem
708347800000-708347a00000 rw-s 11227e000 00:11 67                        anon_inode:i915.gem
708347a00000-70834bd70000 r--p 00000000 08:08 1479993                    /usr/lib/x86_64-linux-gnu/libLLVM.so.21.1
70834bd70000-70834fbc3000 r-xp 0436f000 08:08 1479993                    /usr/lib/x86_64-linux-gnu/libLLVM.so.21.1
70834fbc3000-70834fde2000 r--p 081c1000 08:08 1479993                    /usr/lib/x86_64-linux-gnu/libLLVM.so.21.1
70834fde2000-70834fe29000 rw-p 083df000 08:08 1479993                    /usr/lib/x86_64-linux-gnu/libLLVM.so.21.1
70834fe29000-70834fed6000 rw-p 00000000 00:00 0 
708350000000-708350088000 rw-p 00000000 00:00 0 
708350088000-708354000000 ---p 00000000 00:00 0 
7083541ff000-708354203000 ---p 00000000 00:00 0 
708354203000-7083542ff000 rw-p 00000000 00:00 0 
7083542ff000-708354303000 ---p 00000000 00:00 0 
708354303000-7083543ff000 rw-p 00000000 00:00 0 
7083543ff000-708354403000 ---p 00000000 00:00 0 
708354403000-7083544ff000 rw-p 00000000 00:00 0 
7083544ff000-7083546ff000 rw-s 111e7e000 00:11 67                        anon_inode:i915.gem
7083546ff000-7083548ff000 rw-s 10d92e000 00:11 67                        anon_inode:i915.gem
7083548ff000-708354cff000 rw-s 111a7e000 00:11 67                        anon_inode:i915.gem
708354cff000-7083556ff000 rw-s 11107e000 00:11 67                        anon_inode:i915.gem
7083556ff000-708355aff000 rw-s 10820e000 00:11 67                        anon_inode:i915.gem
708355aff000-708355cff000 rw-s 10b2fe000 00:11 67                        anon_inode:i915.gem
708355cff000-708355eff000 rw-s 10e26e000 00:11 67                        anon_inode:i915.gem
708355eff000-708355f03000 ---p 00000000 00:00 0 
708355f03000-708355fff000 rw-p 00000000 00:00 0 
708355fff000-708356003000 ---p 00000000 00:00 0 
708356003000-7083560ff000 rw-p 00000000 00:00 0 
7083560ff000-708356103000 ---p 00000000 00:00 0 
708356103000-7083561ff000 rw-p 00000000 00:00 0 
7083561ff000-708356a00000 rw-p 00000000 00:00 0 
708356a00000-708356ac7000 r-xp 00000000 00:2c 336                        /tmp/libgdxabdullah/b3addf20/libgdx-freetype64.so
708356ac7000-708356cc6000 ---p 000c7000 00:2c 336                        /tmp/libgdxabdullah/b3addf20/libgdx-freetype64.so
708356cc6000-708356cce000 r--p 000c6000 00:2c 336                        /tmp/libgdxabdullah/b3addf20/libgdx-freetype64.so
708356cce000-708356ccf000 rw-p 000ce000 00:2c 336                        /tmp/libgdxabdullah/b3addf20/libgdx-freetype64.so
708356cfd000-708356dfe000 rw-p 00000000 00:00 0 
708356dfe000-708356ffe000 rw-s 100155000 00:11 67                        anon_inode:i915.gem
708356ffe000-708358000000 rw-p 00000000 00:00 0 
708358000000-708358021000 rw-p 00000000 00:00 0 
708358021000-70835c000000 ---p 00000000 00:00 0 
70835c098000-70835c0a8000 rw-s 1066ae000 00:11 67                        anon_inode:i915.gem
70835c0a8000-70835c0b8000 rw-s 10669e000 00:11 67                        anon_inode:i915.gem
70835c0b8000-70835c0ba000 rw-s 10b55c000 00:11 67                        anon_inode:i915.gem
70835c0ba000-70835c0bc000 rw-s 10b55a000 00:11 67                        anon_inode:i915.gem
70835c0bc000-70835c0be000 rw-s 10b558000 00:11 67                        anon_inode:i915.gem
70835c0be000-70835c0de000 rw-s 109cae000 00:11 67                        anon_inode:i915.gem
70835c0de000-70835c0df000 rw-s 10b557000 00:11 67                        anon_inode:i915.gem
70835c0df000-70835c0e0000 rw-s 10b556000 00:11 67                        anon_inode:i915.gem
70835c0e0000-70835c0e1000 rw-s 10b555000 00:11 67                        anon_inode:i915.gem
70835c0e1000-70835c1e2000 rw-p 00000000 00:00 0 
70835c1e2000-70835c1ee000 r--p 00000000 00:2c 334                        /tmp/libgdxabdullah/5fd1e555/libjamepad64.so
70835c1ee000-70835c3b6000 r-xp 0000c000 00:2c 334                        /tmp/libgdxabdullah/5fd1e555/libjamepad64.so
70835c3b6000-70835c3f1000 r--p 001d4000 00:2c 334                        /tmp/libgdxabdullah/5fd1e555/libjamepad64.so
70835c3f1000-70835c3f2000 ---p 0020f000 00:2c 334                        /tmp/libgdxabdullah/5fd1e555/libjamepad64.so
70835c3f2000-70835c3f5000 r--p 0020f000 00:2c 334                        /tmp/libgdxabdullah/5fd1e555/libjamepad64.so
70835c3f5000-70835c3fc000 rw-p 00212000 00:2c 334                        /tmp/libgdxabdullah/5fd1e555/libjamepad64.so
70835c3fc000-70835c400000 rw-p 00000000 00:00 0 
70835c400000-70835c600000 rw-s 10871e000 00:11 67                        anon_inode:i915.gem
70835c600000-70835c801000 rw-s 00000000 08:08 2273914                    /home/abdullah/.cache/mesa_shader_cache/index
70835c801000-70835c802000 rw-s 10b554000 00:11 67                        anon_inode:i915.gem
70835c802000-70835c803000 rw-s 10b553000 00:11 67                        anon_inode:i915.gem
70835c803000-70835c804000 rw-s 10b552000 00:11 67                        anon_inode:i915.gem
70835c804000-70835c805000 rw-s 10b551000 00:11 67                        anon_inode:i915.gem
70835c805000-70835c806000 rw-s 10b550000 00:11 67                        anon_inode:i915.gem
70835c806000-70835c807000 rw-s 10b54f000 00:11 67                        anon_inode:i915.gem
70835c807000-70835c808000 rw-s 10b54e000 00:11 67                        anon_inode:i915.gem
70835c808000-70835c809000 rw-s 10b54d000 00:11 67                        anon_inode:i915.gem
70835c809000-70835c80a000 rw-s 10b54c000 00:11 67                        anon_inode:i915.gem
70835c80a000-70835c80b000 rw-s 10b54b000 00:11 67                        anon_inode:i915.gem
70835c80b000-70835c80c000 rw-s 10b54a000 00:11 67                        anon_inode:i915.gem
70835c80c000-70835c80d000 rw-s 10b549000 00:11 67                        anon_inode:i915.gem
70835c80d000-70835c80e000 rw-s 10b548000 00:11 67                        anon_inode:i915.gem
70835c80e000-70835c80f000 rw-s 10b547000 00:11 67                        anon_inode:i915.gem
70835c80f000-70835c810000 rw-s 10b546000 00:11 67                        anon_inode:i915.gem
70835c810000-70835c811000 rw-s 10b545000 00:11 67                        anon_inode:i915.gem
70835c811000-70835c812000 rw-s 10b544000 00:11 67                        anon_inode:i915.gem
70835c812000-70835c813000 rw-s 10b543000 00:11 67                        anon_inode:i915.gem
70835c813000-70835c814000 rw-s 10b542000 00:11 67                        anon_inode:i915.gem
70835c814000-70835c815000 rw-s 10b541000 00:11 67                        anon_inode:i915.gem
70835c815000-70835c816000 rw-s 10b540000 00:11 67                        anon_inode:i915.gem
70835c816000-70835c817000 rw-s 10b53f000 00:11 67                        anon_inode:i915.gem
70835c817000-70835c818000 rw-s 10b53e000 00:11 67                        anon_inode:i915.gem
70835c818000-70835c819000 rw-s 1041bd000 00:11 67                        anon_inode:i915.gem
70835c819000-70835c81a000 rw-s 1041bc000 00:11 67                        anon_inode:i915.gem
70835c81a000-70835c81b000 rw-s 1041bb000 00:11 67                        anon_inode:i915.gem
70835c81b000-70835c81c000 rw-s 1041ba000 00:11 67                        anon_inode:i915.gem
70835c81c000-70835c81d000 rw-s 1041b9000 00:11 67                        anon_inode:i915.gem
70835c81d000-70835c81e000 rw-s 1041b8000 00:11 67                        anon_inode:i915.gem
70835c81e000-70835c81f000 rw-s 1041b7000 00:11 67                        anon_inode:i915.gem
70835c81f000-70835c820000 rw-s 1041b6000 00:11 67                        anon_inode:i915.gem
70835c820000-70835c821000 rw-s 1041b5000 00:11 67                        anon_inode:i915.gem
70835c821000-70835c822000 rw-s 1041b4000 00:11 67                        anon_inode:i915.gem
70835c822000-70835c823000 rw-s 1041b3000 00:11 67                        anon_inode:i915.gem
70835c823000-70835c824000 rw-s 1041b2000 00:11 67                        anon_inode:i915.gem
70835c824000-70835c825000 rw-s 1041b1000 00:11 67                        anon_inode:i915.gem
70835c825000-70835c826000 rw-s 1041b0000 00:11 67                        anon_inode:i915.gem
70835c826000-70835c827000 rw-s 1041af000 00:11 67                        anon_inode:i915.gem
70835c827000-70835c828000 rw-s 1041ae000 00:11 67                        anon_inode:i915.gem
70835c828000-70835c829000 rw-s 1041ad000 00:11 67                        anon_inode:i915.gem
70835c829000-70835c82a000 rw-s 1041ac000 00:11 67                        anon_inode:i915.gem
70835c82a000-70835c82b000 rw-s 1041ab000 00:11 67                        anon_inode:i915.gem
70835c82b000-70835c82c000 rw-s 1041aa000 00:11 67                        anon_inode:i915.gem
70835c82c000-70835c82d000 rw-s 1041a9000 00:11 67                        anon_inode:i915.gem
70835c82d000-70835c82e000 rw-s 1041a8000 00:11 67                        anon_inode:i915.gem
70835c82e000-70835c82f000 rw-s 1041a7000 00:11 67                        anon_inode:i915.gem
70835c82f000-70835c830000 rw-s 1041a6000 00:11 67                        anon_inode:i915.gem
70835c830000-70835c831000 rw-s 1041a5000 00:11 67                        anon_inode:i915.gem
70835c831000-70835c832000 rw-s 1041a4000 00:11 67                        anon_inode:i915.gem
70835c832000-70835c833000 rw-s 1041a3000 00:11 67                        anon_inode:i915.gem
70835c833000-70835c834000 rw-s 1041a2000 00:11 67                        anon_inode:i915.gem
70835c834000-70835c835000 rw-s 1041a1000 00:11 67                        anon_inode:i915.gem
70835c835000-70835c836000 rw-s 1041a0000 00:11 67                        anon_inode:i915.gem
70835c836000-70835c837000 rw-s 10419f000 00:11 67                        anon_inode:i915.gem
70835c837000-70835c838000 rw-s 10419e000 00:11 67                        anon_inode:i915.gem
70835c838000-70835c839000 rw-s 10640d000 00:11 67                        anon_inode:i915.gem
70835c839000-70835c83a000 rw-s 10640c000 00:11 67                        anon_inode:i915.gem
70835c83a000-70835c83b000 rw-s 10640b000 00:11 67                        anon_inode:i915.gem
70835c83b000-70835c83c000 rw-s 10640a000 00:11 67                        anon_inode:i915.gem
70835c83c000-70835c83d000 rw-s 106409000 00:11 67                        anon_inode:i915.gem
70835c83d000-70835c83e000 rw-s 106408000 00:11 67                        anon_inode:i915.gem
70835c83e000-70835c83f000 rw-s 106407000 00:11 67                        anon_inode:i915.gem
70835c83f000-70835c840000 rw-s 106406000 00:11 67                        anon_inode:i915.gem
70835c840000-70835c841000 rw-s 106405000 00:11 67                        anon_inode:i915.gem
70835c841000-70835c842000 rw-s 106404000 00:11 67                        anon_inode:i915.gem
70835c842000-70835c843000 rw-s 106403000 00:11 67                        anon_inode:i915.gem
70835c843000-70835c844000 rw-s 106402000 00:11 67                        anon_inode:i915.gem
70835c844000-70835c845000 rw-s 106401000 00:11 67                        anon_inode:i915.gem
70835c845000-70835c846000 rw-s 106400000 00:11 67                        anon_inode:i915.gem
70835c846000-70835c847000 rw-s 1063ff000 00:11 67                        anon_inode:i915.gem
70835c847000-70835c848000 rw-s 1063fe000 00:11 67                        anon_inode:i915.gem
70835c848000-70835c849000 rw-s 10489d000 00:11 67                        anon_inode:i915.gem
70835c849000-70835c84a000 rw-s 10489c000 00:11 67                        anon_inode:i915.gem
70835c84a000-70835c84b000 rw-s 10489b000 00:11 67                        anon_inode:i915.gem
70835c84b000-70835c84c000 rw-s 10489a000 00:11 67                        anon_inode:i915.gem
70835c84c000-70835c84d000 rw-s 104899000 00:11 67                        anon_inode:i915.gem
70835c84d000-70835c84e000 rw-s 104898000 00:11 67                        anon_inode:i915.gem
70835c84e000-70835c84f000 rw-s 104897000 00:11 67                        anon_inode:i915.gem
70835c84f000-70835c850000 rw-s 104896000 00:11 67                        anon_inode:i915.gem
70835c850000-70835c851000 rw-s 104895000 00:11 67                        anon_inode:i915.gem
70835c851000-70835c852000 rw-s 104894000 00:11 67                        anon_inode:i915.gem
70835c852000-70835c853000 rw-s 104893000 00:11 67                        anon_inode:i915.gem
70835c853000-70835c854000 rw-s 104892000 00:11 67                        anon_inode:i915.gem
70835c854000-70835c855000 rw-s 104891000 00:11 67                        anon_inode:i915.gem
70835c855000-70835c856000 rw-s 104890000 00:11 67                        anon_inode:i915.gem
70835c856000-70835c857000 rw-s 10488f000 00:11 67                        anon_inode:i915.gem
70835c857000-70835c858000 rw-s 10488e000 00:11 67                        anon_inode:i915.gem
70835c858000-70835c859000 rw-s 109dbb000 00:11 67                        anon_inode:i915.gem
70835c859000-70835c85a000 rw-s 109dba000 00:11 67                        anon_inode:i915.gem
70835c85a000-70835c85b000 rw-s 109db9000 00:11 67                        anon_inode:i915.gem
70835c85b000-70835c85c000 rw-s 109db8000 00:11 67                        anon_inode:i915.gem
70835c85c000-70835c85d000 rw-s 109db7000 00:11 67                        anon_inode:i915.gem
70835c85d000-70835c85e000 rw-s 109db6000 00:11 67                        anon_inode:i915.gem
70835c85e000-70835c85f000 rw-s 109db5000 00:11 67                        anon_inode:i915.gem
70835c85f000-70835c860000 rw-s 109db4000 00:11 67                        anon_inode:i915.gem
70835c860000-70835c861000 rw-s 109db3000 00:11 67                        anon_inode:i915.gem
70835c861000-70835c862000 rw-s 109db2000 00:11 67                        anon_inode:i915.gem
70835c862000-70835c863000 rw-s 109db1000 00:11 67                        anon_inode:i915.gem
70835c863000-70835c864000 rw-s 109db0000 00:11 67                        anon_inode:i915.gem
70835c864000-70835c865000 rw-s 109daf000 00:11 67                        anon_inode:i915.gem
70835c865000-70835c866000 rw-s 109dae000 00:11 67                        anon_inode:i915.gem
70835c866000-70835c8a6000 rw-s 10b4fe000 00:11 67                        anon_inode:i915.gem
70835c8a6000-70835c9a7000 rw-p 00000000 00:00 0 
70835c9a7000-70835c9da000 r--p 00000000 00:2c 332                        /tmp/lwjgl_abdullah/3.3.3+5/x64/liblwjgl_opengl.so
70835c9da000-70835c9ee000 r-xp 00033000 00:2c 332                        /tmp/lwjgl_abdullah/3.3.3+5/x64/liblwjgl_opengl.so
70835c9ee000-70835c9fe000 r--p 00047000 00:2c 332                        /tmp/lwjgl_abdullah/3.3.3+5/x64/liblwjgl_opengl.so
70835c9fe000-70835c9ff000 r--p 00056000 00:2c 332                        /tmp/lwjgl_abdullah/3.3.3+5/x64/liblwjgl_opengl.so
70835c9ff000-70835ca00000 rw-p 00057000 00:2c 332                        /tmp/lwjgl_abdullah/3.3.3+5/x64/liblwjgl_opengl.so
70835ca00000-70835cadc000 r--p 00000000 08:08 1480524                    /usr/lib/x86_64-linux-gnu/libgallium-26.0.8-1ubuntu0.3.so
70835cadc000-70835e47c000 r-xp 000dc000 08:08 1480524                    /usr/lib/x86_64-linux-gnu/libgallium-26.0.8-1ubuntu0.3.so
70835e47c000-70835f46b000 r--p 01a7c000 08:08 1480524                    /usr/lib/x86_64-linux-gnu/libgallium-26.0.8-1ubuntu0.3.so
70835f46b000-70835f55c000 r--p 02a6a000 08:08 1480524                    /usr/lib/x86_64-linux-gnu/libgallium-26.0.8-1ubuntu0.3.so
70835f55c000-70835f583000 rw-p 02b5b000 08:08 1480524                    /usr/lib/x86_64-linux-gnu/libgallium-26.0.8-1ubuntu0.3.so
70835f583000-70835f74e000 rw-p 00000000 00:00 0 
70835f74e000-70835f74f000 rw-s 10862d000 00:11 67                        anon_inode:i915.gem
70835f74f000-70835f78f000 rw-s 109c6e000 00:11 67                        anon_inode:i915.gem
70835f78f000-70835f79f000 rw-s 1011f5000 00:11 67                        anon_inode:i915.gem
70835f79f000-70835f7bf000 rw-s 108ace000 00:11 67                        anon_inode:i915.gem
70835f7bf000-70835f7cf000 rw-s 10891e000 00:11 67                        anon_inode:i915.gem
70835f7cf000-70835f7df000 rw-s 10675e000 00:11 67                        anon_inode:i915.gem
70835f7df000-70835f7ff000 rw-s 10673e000 00:11 67                        anon_inode:i915.gem
70835f7ff000-708360000000 rw-p 00000000 00:00 0 
708360000000-708360088000 rw-p 00000000 00:00 0 
708360088000-708364000000 ---p 00000000 00:00 0 
708364000000-7083640b5000 rw-p 00000000 00:00 0 
7083640b5000-708368000000 ---p 00000000 00:00 0 
708368000000-708368022000 rw-p 00000000 00:00 0 
708368022000-70836c000000 ---p 00000000 00:00 0 
70836c000000-70836c021000 rw-p 00000000 00:00 0 
70836c021000-708370000000 ---p 00000000 00:00 0 
708370000000-708370021000 rw-p 00000000 00:00 0 
708370021000-708374000000 ---p 00000000 00:00 0 
708374000000-708374001000 rw-s 10862c000 00:11 67                        anon_inode:i915.gem
708374001000-708374002000 rw-s 10862b000 00:11 67                        anon_inode:i915.gem
708374002000-708374003000 rw-s 10862a000 00:11 67                        anon_inode:i915.gem
708374003000-708374004000 rw-s 108629000 00:11 67                        anon_inode:i915.gem
708374004000-708374005000 rw-s 108628000 00:11 67                        anon_inode:i915.gem
708374005000-708374006000 rw-s 104ce3000 00:11 67                        anon_inode:i915.gem
708374006000-708374026000 rw-s 1089de000 00:11 67                        anon_inode:i915.gem
708374026000-708374036000 rw-s 109c2e000 00:11 67                        anon_inode:i915.gem
708374036000-708374076000 rw-s 107fbe000 00:11 67                        anon_inode:i915.gem
708374076000-70837407f000 rw-s 00008000 00:01 11500                      /memfd:pipewire-memfd:flags=0x0000000f,type=2,size=65664 (deleted)
70837407f000-708374088000 rw-s 00000000 00:01 11500                      /memfd:pipewire-memfd:flags=0x0000000f,type=2,size=65664 (deleted)
708374088000-708374091000 rw-s 00008000 00:01 11499                      /memfd:pipewire-memfd:flags=0x0000000f,type=2,size=65664 (deleted)
708374091000-70837409a000 rw-s 00000000 00:01 11499                      /memfd:pipewire-memfd:flags=0x0000000f,type=2,size=65664 (deleted)
70837409a000-70837409c000 r--p 00000000 08:08 1480740                    /usr/lib/x86_64-linux-gnu/libmd.so.0.1.0
70837409c000-7083740a5000 r-xp 00002000 08:08 1480740                    /usr/lib/x86_64-linux-gnu/libmd.so.0.1.0
7083740a5000-7083740a7000 r--p 0000b000 08:08 1480740                    /usr/lib/x86_64-linux-gnu/libmd.so.0.1.0
7083740a7000-7083740a8000 r--p 0000c000 08:08 1480740                    /usr/lib/x86_64-linux-gnu/libmd.so.0.1.0
7083740a8000-7083740a9000 rw-p 0000d000 08:08 1480740                    /usr/lib/x86_64-linux-gnu/libmd.so.0.1.0
7083740a9000-7083740ad000 r--p 00000000 08:08 1480342                    /usr/lib/x86_64-linux-gnu/libbsd.so.0.12.2
7083740ad000-7083740b9000 r-xp 00004000 08:08 1480342                    /usr/lib/x86_64-linux-gnu/libbsd.so.0.12.2
7083740b9000-7083740bc000 r--p 00010000 08:08 1480342                    /usr/lib/x86_64-linux-gnu/libbsd.so.0.12.2
7083740bc000-7083740bd000 r--p 00012000 08:08 1480342                    /usr/lib/x86_64-linux-gnu/libbsd.so.0.12.2
7083740bd000-7083740be000 rw-p 00013000 08:08 1480342                    /usr/lib/x86_64-linux-gnu/libbsd.so.0.12.2
7083740be000-7083740bf000 rw-p 00000000 00:00 0 
7083740bf000-7083740cd000 r--p 00000000 08:08 1481057                    /usr/lib/x86_64-linux-gnu/libtinfo.so.6.6
7083740cd000-7083740e1000 r-xp 0000e000 08:08 1481057                    /usr/lib/x86_64-linux-gnu/libtinfo.so.6.6
7083740e1000-7083740ef000 r--p 00022000 08:08 1481057                    /usr/lib/x86_64-linux-gnu/libtinfo.so.6.6
7083740ef000-7083740f3000 r--p 0002f000 08:08 1481057                    /usr/lib/x86_64-linux-gnu/libtinfo.so.6.6
7083740f3000-7083740f4000 rw-p 00033000 08:08 1481057                    /usr/lib/x86_64-linux-gnu/libtinfo.so.6.6
7083740f4000-7083740f6000 r--p 00000000 08:08 1480862                    /usr/lib/x86_64-linux-gnu/libpciaccess.so.0.11.1
7083740f6000-7083740fb000 r-xp 00002000 08:08 1480862                    /usr/lib/x86_64-linux-gnu/libpciaccess.so.0.11.1
7083740fb000-7083740fd000 r--p 00007000 08:08 1480862                    /usr/lib/x86_64-linux-gnu/libpciaccess.so.0.11.1
7083740fd000-7083740fe000 r--p 00008000 08:08 1480862                    /usr/lib/x86_64-linux-gnu/libpciaccess.so.0.11.1
7083740fe000-7083740ff000 rw-p 00009000 08:08 1480862                    /usr/lib/x86_64-linux-gnu/libpciaccess.so.0.11.1
7083740ff000-708374120000 r--p 00000000 08:08 1481188                    /usr/lib/x86_64-linux-gnu/libxml2.so.16.1.2
708374120000-70837421b000 r-xp 00021000 08:08 1481188                    /usr/lib/x86_64-linux-gnu/libxml2.so.16.1.2
70837421b000-708374258000 r--p 0011c000 08:08 1481188                    /usr/lib/x86_64-linux-gnu/libxml2.so.16.1.2
708374258000-708374260000 r--p 00159000 08:08 1481188                    /usr/lib/x86_64-linux-gnu/libxml2.so.16.1.2
708374260000-708374261000 rw-p 00161000 08:08 1481188                    /usr/lib/x86_64-linux-gnu/libxml2.so.16.1.2
708374261000-708374262000 rw-p 00000000 00:00 0 
708374262000-70837426a000 r--p 00000000 08:08 1480452                    /usr/lib/x86_64-linux-gnu/libedit.so.2.0.76
70837426a000-708374289000 r-xp 00008000 08:08 1480452                    /usr/lib/x86_64-linux-gnu/libedit.so.2.0.76
708374289000-708374295000 r--p 00027000 08:08 1480452                    /usr/lib/x86_64-linux-gnu/libedit.so.2.0.76
708374295000-708374297000 r--p 00033000 08:08 1480452                    /usr/lib/x86_64-linux-gnu/libedit.so.2.0.76
708374297000-708374298000 rw-p 00035000 08:08 1480452                    /usr/lib/x86_64-linux-gnu/libedit.so.2.0.76
708374298000-70837429c000 rw-p 00000000 00:00 0 
70837429c000-70837429e000 r--p 00000000 08:08 1480480                    /usr/lib/x86_64-linux-gnu/libffi.so.8.2.0
70837429e000-7083742a9000 r-xp 00002000 08:08 1480480                    /usr/lib/x86_64-linux-gnu/libffi.so.8.2.0
7083742a9000-7083742ab000 r--p 0000d000 08:08 1480480                    /usr/lib/x86_64-linux-gnu/libffi.so.8.2.0
7083742ab000-7083742ac000 r--p 0000e000 08:08 1480480                    /usr/lib/x86_64-linux-gnu/libffi.so.8.2.0
7083742ac000-7083742ad000 rw-p 0000f000 08:08 1480480                    /usr/lib/x86_64-linux-gnu/libffi.so.8.2.0
7083742ad000-7083742b0000 r--p 00000000 08:08 1480436                    /usr/lib/x86_64-linux-gnu/libdrm_intel.so.1.131.0
7083742b0000-7083742c7000 r-xp 00003000 08:08 1480436                    /usr/lib/x86_64-linux-gnu/libdrm_intel.so.1.131.0
7083742c7000-7083742d1000 r--p 0001a000 08:08 1480436                    /usr/lib/x86_64-linux-gnu/libdrm_intel.so.1.131.0
7083742d1000-7083742d2000 r--p 00023000 08:08 1480436                    /usr/lib/x86_64-linux-gnu/libdrm_intel.so.1.131.0
7083742d2000-7083742d3000 rw-p 00024000 08:08 1480436                    /usr/lib/x86_64-linux-gnu/libdrm_intel.so.1.131.0
7083742d3000-7083742d6000 r--p 00000000 08:08 1480435                    /usr/lib/x86_64-linux-gnu/libdrm_amdgpu.so.1.131.0
7083742d6000-7083742dc000 r-xp 00003000 08:08 1480435                    /usr/lib/x86_64-linux-gnu/libdrm_amdgpu.so.1.131.0
7083742dc000-7083742de000 r--p 00009000 08:08 1480435                    /usr/lib/x86_64-linux-gnu/libdrm_amdgpu.so.1.131.0
7083742de000-7083742df000 r--p 0000a000 08:08 1480435                    /usr/lib/x86_64-linux-gnu/libdrm_amdgpu.so.1.131.0
7083742df000-7083742e0000 rw-p 0000b000 08:08 1480435                    /usr/lib/x86_64-linux-gnu/libdrm_amdgpu.so.1.131.0
7083742e0000-7083742e4000 r--p 00000000 08:08 1480459                    /usr/lib/x86_64-linux-gnu/libelf-0.194.so
7083742e4000-7083742fb000 r-xp 00004000 08:08 1480459                    /usr/lib/x86_64-linux-gnu/libelf-0.194.so
7083742fb000-7083742ff000 r--p 0001b000 08:08 1480459                    /usr/lib/x86_64-linux-gnu/libelf-0.194.so
7083742ff000-708374300000 r--p 0001f000 08:08 1480459                    /usr/lib/x86_64-linux-gnu/libelf-0.194.so
708374300000-708374301000 rw-p 00020000 08:08 1480459                    /usr/lib/x86_64-linux-gnu/libelf-0.194.so
708374301000-708374302000 r--p 00000000 08:08 1481193                    /usr/lib/x86_64-linux-gnu/libxshmfence.so.1.0.0
708374302000-708374303000 r-xp 00001000 08:08 1481193                    /usr/lib/x86_64-linux-gnu/libxshmfence.so.1.0.0
708374303000-708374304000 r--p 00002000 08:08 1481193                    /usr/lib/x86_64-linux-gnu/libxshmfence.so.1.0.0
708374304000-708374305000 r--p 00002000 08:08 1481193                    /usr/lib/x86_64-linux-gnu/libxshmfence.so.1.0.0
708374305000-708374306000 rw-p 00003000 08:08 1481193                    /usr/lib/x86_64-linux-gnu/libxshmfence.so.1.0.0
708374306000-70837430d000 r--p 00000000 08:08 1481167                    /usr/lib/x86_64-linux-gnu/libxcb-randr.so.0.1.0
70837430d000-708374312000 r-xp 00007000 08:08 1481167                    /usr/lib/x86_64-linux-gnu/libxcb-randr.so.0.1.0
708374312000-708374315000 r--p 0000c000 08:08 1481167                    /usr/lib/x86_64-linux-gnu/libxcb-randr.so.0.1.0
708374315000-708374316000 r--p 0000f000 08:08 1481167                    /usr/lib/x86_64-linux-gnu/libxcb-randr.so.0.1.0
708374316000-708374317000 rw-p 00010000 08:08 1481167                    /usr/lib/x86_64-linux-gnu/libxcb-randr.so.0.1.0
708374317000-70837431a000 r--p 00000000 08:08 1480976                    /usr/lib/x86_64-linux-gnu/libsensors.so.5.0.0
70837431a000-708374322000 r-xp 00003000 08:08 1480976                    /usr/lib/x86_64-linux-gnu/libsensors.so.5.0.0
708374322000-708374326000 r--p 0000b000 08:08 1480976                    /usr/lib/x86_64-linux-gnu/libsensors.so.5.0.0
708374326000-708374327000 r--p 0000f000 08:08 1480976                    /usr/lib/x86_64-linux-gnu/libsensors.so.5.0.0
708374327000-708374328000 rw-p 00010000 08:08 1480976                    /usr/lib/x86_64-linux-gnu/libsensors.so.5.0.0
708374328000-70837432c000 r--p 00000000 08:08 1481211                    /usr/lib/x86_64-linux-gnu/libzstd.so.1.5.7
70837432c000-7083743dc000 r-xp 00004000 08:08 1481211                    /usr/lib/x86_64-linux-gnu/libzstd.so.1.5.7
7083743dc000-7083743e9000 r--p 000b4000 08:08 1481211                    /usr/lib/x86_64-linux-gnu/libzstd.so.1.5.7
7083743e9000-7083743ea000 r--p 000c1000 08:08 1481211                    /usr/lib/x86_64-linux-gnu/libzstd.so.1.5.7
7083743ea000-7083743eb000 rw-p 000c2000 08:08 1481211                    /usr/lib/x86_64-linux-gnu/libzstd.so.1.5.7
7083743eb000-7083743ef000 r--p 00000000 08:08 1480470                    /usr/lib/x86_64-linux-gnu/libexpat.so.1.11.2
7083743ef000-70837440d000 r-xp 00004000 08:08 1480470                    /usr/lib/x86_64-linux-gnu/libexpat.so.1.11.2
70837440d000-708374415000 r--p 00022000 08:08 1480470                    /usr/lib/x86_64-linux-gnu/libexpat.so.1.11.2
708374415000-708374417000 r--p 0002a000 08:08 1480470                    /usr/lib/x86_64-linux-gnu/libexpat.so.1.11.2
708374417000-708374418000 rw-p 0002c000 08:08 1480470                    /usr/lib/x86_64-linux-gnu/libexpat.so.1.11.2
708374418000-708374423000 r--p 00000000 08:08 1479825                    /usr/lib/x86_64-linux-gnu/libGLX_mesa.so.0.0.0
708374423000-708374464000 r-xp 0000b000 08:08 1479825                    /usr/lib/x86_64-linux-gnu/libGLX_mesa.so.0.0.0
708374464000-708374473000 r--p 0004c000 08:08 1479825                    /usr/lib/x86_64-linux-gnu/libGLX_mesa.so.0.0.0
708374473000-708374476000 r--p 0005b000 08:08 1479825                    /usr/lib/x86_64-linux-gnu/libGLX_mesa.so.0.0.0
708374476000-708374477000 rw-p 0005e000 08:08 1479825                    /usr/lib/x86_64-linux-gnu/libGLX_mesa.so.0.0.0
708374477000-708374478000 rw-p 00000000 00:00 0 
708374478000-7083744b9000 r--p 00000000 08:08 1479826                    /usr/lib/x86_64-linux-gnu/libGLdispatch.so.0.0.0
7083744b9000-7083744f8000 r-xp 00041000 08:08 1479826                    /usr/lib/x86_64-linux-gnu/libGLdispatch.so.0.0.0
7083744f8000-70837450c000 r--p 00080000 08:08 1479826                    /usr/lib/x86_64-linux-gnu/libGLdispatch.so.0.0.0
70837450c000-708374528000 r--p 00093000 08:08 1479826                    /usr/lib/x86_64-linux-gnu/libGLdispatch.so.0.0.0
708374528000-708374529000 rw-p 000af000 08:08 1479826                    /usr/lib/x86_64-linux-gnu/libGLdispatch.so.0.0.0
708374529000-708374531000 rw-p 00000000 00:00 0 
708374531000-708374534000 r--p 00000000 08:08 1479824                    /usr/lib/x86_64-linux-gnu/libGLX.so.0.0.0
708374534000-70837454f000 r-xp 00003000 08:08 1479824                    /usr/lib/x86_64-linux-gnu/libGLX.so.0.0.0
70837454f000-708374552000 r--p 0001e000 08:08 1479824                    /usr/lib/x86_64-linux-gnu/libGLX.so.0.0.0
708374552000-708374553000 r--p 00021000 08:08 1479824                    /usr/lib/x86_64-linux-gnu/libGLX.so.0.0.0
708374553000-708374554000 rw-p 00022000 08:08 1479824                    /usr/lib/x86_64-linux-gnu/libGLX.so.0.0.0
708374554000-708374564000 rw-p 00000000 00:00 0 
708374564000-708374d65000 rw-p 00000000 00:00 0 
708374d65000-708374d69000 ---p 00000000 00:00 0 
708374d69000-708375666000 rw-p 00000000 00:00 0 
708375666000-708375672000 r--p 00000000 08:08 1580735                    /usr/lib/x86_64-linux-gnu/spa-0.2/audioconvert/libspa-audioconvert.so
708375672000-7083756d3000 r-xp 0000c000 08:08 1580735                    /usr/lib/x86_64-linux-gnu/spa-0.2/audioconvert/libspa-audioconvert.so
7083756d3000-70837573e000 r--p 0006d000 08:08 1580735                    /usr/lib/x86_64-linux-gnu/spa-0.2/audioconvert/libspa-audioconvert.so
70837573e000-70837574c000 r--p 000d7000 08:08 1580735                    /usr/lib/x86_64-linux-gnu/spa-0.2/audioconvert/libspa-audioconvert.so
70837574c000-70837574f000 rw-p 000e5000 08:08 1580735                    /usr/lib/x86_64-linux-gnu/spa-0.2/audioconvert/libspa-audioconvert.so
70837574f000-708377753000 rw-p 00000000 00:00 0 
708377753000-708377756000 r--p 00000000 08:08 1480865                    /usr/lib/x86_64-linux-gnu/libpcre2-8.so.0.14.0
708377756000-7083777d2000 r-xp 00003000 08:08 1480865                    /usr/lib/x86_64-linux-gnu/libpcre2-8.so.0.14.0
7083777d2000-7083777fd000 r--p 0007f000 08:08 1480865                    /usr/lib/x86_64-linux-gnu/libpcre2-8.so.0.14.0
7083777fd000-7083777fe000 r--p 000a9000 08:08 1480865                    /usr/lib/x86_64-linux-gnu/libpcre2-8.so.0.14.0
7083777fe000-7083777ff000 rw-p 000aa000 08:08 1480865                    /usr/lib/x86_64-linux-gnu/libpcre2-8.so.0.14.0
7083777ff000-708378000000 rw-p 00000000 00:00 0 
708378000000-708378021000 rw-p 00000000 00:00 0 
708378021000-70837c000000 ---p 00000000 00:00 0 
70837c000000-70837c021000 rw-p 00000000 00:00 0 
70837c021000-708380000000 ---p 00000000 00:00 0 
708380000000-70838138b000 rw-p 00000000 00:00 0 
70838138b000-708384000000 ---p 00000000 00:00 0 
708384000000-70838496f000 rw-p 00000000 00:00 0 
70838496f000-708388000000 ---p 00000000 00:00 0 
708388000000-708388021000 rw-p 00000000 00:00 0 
708388021000-70838c000000 ---p 00000000 00:00 0 
70838c000000-70838c021000 rw-p 00000000 00:00 0 
70838c021000-708390000000 ---p 00000000 00:00 0 
708390000000-708390021000 rw-p 00000000 00:00 0 
708390021000-708394000000 ---p 00000000 00:00 0 
708394000000-708394021000 rw-p 00000000 00:00 0 
708394021000-708398000000 ---p 00000000 00:00 0 
708398000000-708398400000 rw-p 00000000 00:00 0 
708398400000-708398620000 rw-p 00000000 00:00 0 
708398620000-708398920000 rw-p 00000000 00:00 0 
708398920000-708398940000 rw-p 00000000 00:00 0 
708398940000-708398980000 rw-p 00000000 00:00 0 
708398980000-708398a80000 rw-p 00000000 00:00 0 
708398a80000-708398b00000 rw-p 00000000 00:00 0 
708398b00000-708398d00000 rw-p 00000000 00:00 0 
708398d00000-708398d80000 rw-p 00000000 00:00 0 
708398d80000-708398e20000 rw-p 00000000 00:00 0 
708398e20000-708398f00000 ---p 00000000 00:00 0 
708398f00000-708398f20000 rw-p 00000000 00:00 0 
708398f20000-70839c000000 ---p 00000000 00:00 0 
70839c000000-70839c021000 rw-p 00000000 00:00 0 
70839c021000-7083a0000000 ---p 00000000 00:00 0 
7083a0000000-7083a0021000 rw-p 00000000 00:00 0 
7083a0021000-7083a4000000 ---p 00000000 00:00 0 
7083a4000000-7083a4021000 rw-p 00000000 00:00 0 
7083a4021000-7083a8000000 ---p 00000000 00:00 0 
7083a8000000-7083a8021000 rw-p 00000000 00:00 0 
7083a8021000-7083ac000000 ---p 00000000 00:00 0 
7083ac000000-7083ac021000 rw-p 00000000 00:00 0 
7083ac021000-7083b0000000 ---p 00000000 00:00 0 
7083b0000000-7083b0002000 rw-s 108622000 00:11 67                        anon_inode:i915.gem
7083b0002000-7083b0005000 r--p 00000000 08:08 1481176                    /usr/lib/x86_64-linux-gnu/libxcb-xfixes.so.0.0.0
7083b0005000-7083b0008000 r-xp 00003000 08:08 1481176                    /usr/lib/x86_64-linux-gnu/libxcb-xfixes.so.0.0.0
7083b0008000-7083b000a000 r--p 00006000 08:08 1481176                    /usr/lib/x86_64-linux-gnu/libxcb-xfixes.so.0.0.0
7083b000a000-7083b000b000 r--p 00007000 08:08 1481176                    /usr/lib/x86_64-linux-gnu/libxcb-xfixes.so.0.0.0
7083b000b000-7083b000c000 rw-p 00008000 08:08 1481176                    /usr/lib/x86_64-linux-gnu/libxcb-xfixes.so.0.0.0
7083b000c000-7083b0017000 r--p 00000000 08:08 1481162                    /usr/lib/x86_64-linux-gnu/libxcb-glx.so.0.0.0
7083b0017000-7083b0020000 r-xp 0000b000 08:08 1481162                    /usr/lib/x86_64-linux-gnu/libxcb-glx.so.0.0.0
7083b0020000-7083b0025000 r--p 00014000 08:08 1481162                    /usr/lib/x86_64-linux-gnu/libxcb-glx.so.0.0.0
7083b0025000-7083b0027000 r--p 00019000 08:08 1481162                    /usr/lib/x86_64-linux-gnu/libxcb-glx.so.0.0.0
7083b0027000-7083b0028000 rw-p 0001b000 08:08 1481162                    /usr/lib/x86_64-linux-gnu/libxcb-glx.so.0.0.0
7083b0028000-7083b0029000 r--p 00000000 08:08 1486642                    /usr/lib/jvm/java-25-openjdk-amd64/lib/libextnet.so
7083b0029000-7083b002a000 r-xp 00001000 08:08 1486642                    /usr/lib/jvm/java-25-openjdk-amd64/lib/libextnet.so
7083b002a000-7083b002b000 r--p 00002000 08:08 1486642                    /usr/lib/jvm/java-25-openjdk-amd64/lib/libextnet.so
7083b002b000-7083b002c000 r--p 00002000 08:08 1486642                    /usr/lib/jvm/java-25-openjdk-amd64/lib/libextnet.so
7083b002c000-7083b002d000 rw-p 00003000 08:08 1486642                    /usr/lib/jvm/java-25-openjdk-amd64/lib/libextnet.so
7083b002d000-7083b002e000 r--p 00000000 08:08 1480809                    /usr/lib/x86_64-linux-gnu/libnss_mdns4_minimal.so.2
7083b002e000-7083b0030000 r-xp 00001000 08:08 1480809                    /usr/lib/x86_64-linux-gnu/libnss_mdns4_minimal.so.2
7083b0030000-7083b0031000 r--p 00003000 08:08 1480809                    /usr/lib/x86_64-linux-gnu/libnss_mdns4_minimal.so.2
7083b0031000-7083b0032000 r--p 00003000 08:08 1480809                    /usr/lib/x86_64-linux-gnu/libnss_mdns4_minimal.so.2
7083b0032000-7083b0033000 rw-p 00004000 08:08 1480809                    /usr/lib/x86_64-linux-gnu/libnss_mdns4_minimal.so.2
7083b0033000-7083b0035000 rw-s 1077a4000 00:11 67                        anon_inode:i915.gem
7083b0035000-7083b0037000 rw-s 104ce1000 00:11 67                        anon_inode:i915.gem
7083b0037000-7083b0047000 rw-s 104cc1000 00:11 67                        anon_inode:i915.gem
7083b0047000-7083b004b000 r--p 00000000 08:08 1576256                    /usr/lib/x86_64-linux-gnu/pipewire-0.3/libpipewire-module-session-manager.so
7083b004b000-7083b006a000 r-xp 00004000 08:08 1576256                    /usr/lib/x86_64-linux-gnu/pipewire-0.3/libpipewire-module-session-manager.so
7083b006a000-7083b006f000 r--p 00023000 08:08 1576256                    /usr/lib/x86_64-linux-gnu/pipewire-0.3/libpipewire-module-session-manager.so
7083b006f000-7083b0071000 r--p 00027000 08:08 1576256                    /usr/lib/x86_64-linux-gnu/pipewire-0.3/libpipewire-module-session-manager.so
7083b0071000-7083b0072000 rw-p 00029000 08:08 1576256                    /usr/lib/x86_64-linux-gnu/pipewire-0.3/libpipewire-module-session-manager.so
7083b0072000-7083b008b000 r--p 00000000 08:08 1481035                    /usr/lib/x86_64-linux-gnu/libsystemd.so.0.42.0
7083b008b000-7083b0142000 r-xp 00019000 08:08 1481035                    /usr/lib/x86_64-linux-gnu/libsystemd.so.0.42.0
7083b0142000-7083b017c000 r--p 000d0000 08:08 1481035                    /usr/lib/x86_64-linux-gnu/libsystemd.so.0.42.0
7083b017c000-7083b0184000 r--p 0010a000 08:08 1481035                    /usr/lib/x86_64-linux-gnu/libsystemd.so.0.42.0
7083b0184000-7083b0185000 rw-p 00112000 08:08 1481035                    /usr/lib/x86_64-linux-gnu/libsystemd.so.0.42.0
7083b0185000-7083b0186000 rw-p 00000000 00:00 0 
7083b0186000-7083b01ab000 r--p 00000000 08:08 1480873                    /usr/lib/x86_64-linux-gnu/libpipewire-0.3.so.0.1602.0
7083b01ab000-7083b0230000 r-xp 00025000 08:08 1480873                    /usr/lib/x86_64-linux-gnu/libpipewire-0.3.so.0.1602.0
7083b0230000-7083b024c000 r--p 000aa000 08:08 1480873                    /usr/lib/x86_64-linux-gnu/libpipewire-0.3.so.0.1602.0
7083b024c000-7083b0267000 r--p 000c6000 08:08 1480873                    /usr/lib/x86_64-linux-gnu/libpipewire-0.3.so.0.1602.0
7083b0267000-7083b0268000 rw-p 000e1000 08:08 1480873                    /usr/lib/x86_64-linux-gnu/libpipewire-0.3.so.0.1602.0
7083b0268000-7083b0269000 rw-p 00000000 00:00 0 
7083b0269000-7083b027c000 r--p 00000000 00:2c 331                        /tmp/lwjgl_abdullah/3.3.3+5/x64/libopenal.so
7083b027c000-7083b031c000 r-xp 00013000 00:2c 331                        /tmp/lwjgl_abdullah/3.3.3+5/x64/libopenal.so
7083b031c000-7083b037e000 r--p 000b3000 00:2c 331                        /tmp/lwjgl_abdullah/3.3.3+5/x64/libopenal.so
7083b037e000-7083b037f000 ---p 00115000 00:2c 331                        /tmp/lwjgl_abdullah/3.3.3+5/x64/libopenal.so
7083b037f000-7083b0384000 r--p 00115000 00:2c 331                        /tmp/lwjgl_abdullah/3.3.3+5/x64/libopenal.so
7083b0384000-7083b0385000 rw-p 0011a000 00:2c 331                        /tmp/lwjgl_abdullah/3.3.3+5/x64/libopenal.so
7083b0385000-7083b0400000 rw-p 00000000 00:00 0 
7083b0400000-7083b0c00000 rw-p 00000000 00:00 0 
7083b0c00000-7083b0c01000 rw-s 108996000 00:11 67                        anon_inode:i915.gem
7083b0c01000-7083b0c06000 r--p 00000000 08:08 1480434                    /usr/lib/x86_64-linux-gnu/libdrm.so.2.131.0
7083b0c06000-7083b0c12000 r-xp 00005000 08:08 1480434                    /usr/lib/x86_64-linux-gnu/libdrm.so.2.131.0
7083b0c12000-7083b0c16000 r--p 00011000 08:08 1480434                    /usr/lib/x86_64-linux-gnu/libdrm.so.2.131.0
7083b0c16000-7083b0c17000 r--p 00015000 08:08 1480434                    /usr/lib/x86_64-linux-gnu/libdrm.so.2.131.0
7083b0c17000-7083b0c18000 rw-p 00016000 08:08 1480434                    /usr/lib/x86_64-linux-gnu/libdrm.so.2.131.0
7083b0c18000-7083b0c1c000 r--p 00000000 08:08 1576226                    /usr/lib/x86_64-linux-gnu/pipewire-0.3/libpipewire-module-client-node.so
7083b0c1c000-7083b0c37000 r-xp 00004000 08:08 1576226                    /usr/lib/x86_64-linux-gnu/pipewire-0.3/libpipewire-module-client-node.so
7083b0c37000-7083b0c3c000 r--p 0001f000 08:08 1576226                    /usr/lib/x86_64-linux-gnu/pipewire-0.3/libpipewire-module-client-node.so
7083b0c3c000-7083b0c3e000 r--p 00023000 08:08 1576226                    /usr/lib/x86_64-linux-gnu/pipewire-0.3/libpipewire-module-client-node.so
7083b0c3e000-7083b0c3f000 rw-p 00025000 08:08 1576226                    /usr/lib/x86_64-linux-gnu/pipewire-0.3/libpipewire-module-client-node.so
7083b0c3f000-7083b0c58000 r--p 00000000 08:08 1480133                    /usr/lib/x86_64-linux-gnu/libX11.so.6.4.0
7083b0c58000-7083b0ced000 r-xp 00019000 08:08 1480133                    /usr/lib/x86_64-linux-gnu/libX11.so.6.4.0
7083b0ced000-7083b0d7c000 r--p 000ae000 08:08 1480133                    /usr/lib/x86_64-linux-gnu/libX11.so.6.4.0
7083b0d7c000-7083b0d7d000 r--p 0013d000 08:08 1480133                    /usr/lib/x86_64-linux-gnu/libX11.so.6.4.0
7083b0d7d000-7083b0d81000 rw-p 0013e000 08:08 1480133                    /usr/lib/x86_64-linux-gnu/libX11.so.6.4.0
7083b0d81000-7083b0d89000 r--p 00000000 00:2c 329                        /tmp/lwjgl_abdullah/3.3.3+5/x64/libjemalloc.so
7083b0d89000-7083b0dde000 r-xp 00008000 00:2c 329                        /tmp/lwjgl_abdullah/3.3.3+5/x64/libjemalloc.so
7083b0dde000-7083b0dee000 r--p 0005d000 00:2c 329                        /tmp/lwjgl_abdullah/3.3.3+5/x64/libjemalloc.so
7083b0dee000-7083b0def000 ---p 0006d000 00:2c 329                        /tmp/lwjgl_abdullah/3.3.3+5/x64/libjemalloc.so
7083b0def000-7083b0df5000 r--p 0006d000 00:2c 329                        /tmp/lwjgl_abdullah/3.3.3+5/x64/libjemalloc.so
7083b0df5000-7083b0df6000 rw-p 00073000 00:2c 329                        /tmp/lwjgl_abdullah/3.3.3+5/x64/libjemalloc.so
7083b0df6000-7083b1000000 rw-p 00000000 00:00 0 
7083b1000000-7083b1020000 r-xp 00000000 00:2c 323                        /tmp/libgdxabdullah/da3a4817/libgdx64.so
7083b1020000-7083b1220000 ---p 00020000 00:2c 323                        /tmp/libgdxabdullah/da3a4817/libgdx64.so
7083b1220000-7083b1221000 r--p 00020000 00:2c 323                        /tmp/libgdxabdullah/da3a4817/libgdx64.so
7083b1221000-7083b1222000 rw-p 00021000 00:2c 323                        /tmp/libgdxabdullah/da3a4817/libgdx64.so
7083b1222000-7083b1225000 r--p 00000000 08:08 1481174                    /usr/lib/x86_64-linux-gnu/libxcb-sync.so.1.0.0
7083b1225000-7083b1228000 r-xp 00003000 08:08 1481174                    /usr/lib/x86_64-linux-gnu/libxcb-sync.so.1.0.0
7083b1228000-7083b1229000 r--p 00006000 08:08 1481174                    /usr/lib/x86_64-linux-gnu/libxcb-sync.so.1.0.0
7083b1229000-7083b122a000 r--p 00007000 08:08 1481174                    /usr/lib/x86_64-linux-gnu/libxcb-sync.so.1.0.0
7083b122a000-7083b122b000 rw-p 00008000 08:08 1481174                    /usr/lib/x86_64-linux-gnu/libxcb-sync.so.1.0.0
7083b122b000-7083b122d000 r--p 00000000 08:08 1481161                    /usr/lib/x86_64-linux-gnu/libxcb-dri3.so.0.1.0
7083b122d000-7083b122f000 r-xp 00002000 08:08 1481161                    /usr/lib/x86_64-linux-gnu/libxcb-dri3.so.0.1.0
7083b122f000-7083b1230000 r--p 00004000 08:08 1481161                    /usr/lib/x86_64-linux-gnu/libxcb-dri3.so.0.1.0
7083b1230000-7083b1231000 r--p 00004000 08:08 1481161                    /usr/lib/x86_64-linux-gnu/libxcb-dri3.so.0.1.0
7083b1231000-7083b1232000 rw-p 00005000 08:08 1481161                    /usr/lib/x86_64-linux-gnu/libxcb-dri3.so.0.1.0
7083b1232000-7083b1235000 r--p 00000000 08:08 1576235                    /usr/lib/x86_64-linux-gnu/pipewire-0.3/libpipewire-module-metadata.so
7083b1235000-7083b123f000 r-xp 00003000 08:08 1576235                    /usr/lib/x86_64-linux-gnu/pipewire-0.3/libpipewire-module-metadata.so
7083b123f000-7083b1241000 r--p 0000d000 08:08 1576235                    /usr/lib/x86_64-linux-gnu/pipewire-0.3/libpipewire-module-metadata.so
7083b1241000-7083b1242000 r--p 0000e000 08:08 1576235                    /usr/lib/x86_64-linux-gnu/pipewire-0.3/libpipewire-module-metadata.so
7083b1242000-7083b1243000 rw-p 0000f000 08:08 1576235                    /usr/lib/x86_64-linux-gnu/pipewire-0.3/libpipewire-module-metadata.so
7083b1243000-7083b124a000 r--p 00000000 08:08 1480974                    /usr/lib/x86_64-linux-gnu/libselinux.so.1
7083b124a000-7083b126b000 r-xp 00007000 08:08 1480974                    /usr/lib/x86_64-linux-gnu/libselinux.so.1
7083b126b000-7083b1272000 r--p 00028000 08:08 1480974                    /usr/lib/x86_64-linux-gnu/libselinux.so.1
7083b1272000-7083b1273000 r--p 0002f000 08:08 1480974                    /usr/lib/x86_64-linux-gnu/libselinux.so.1
7083b1273000-7083b1274000 rw-p 00030000 08:08 1480974                    /usr/lib/x86_64-linux-gnu/libselinux.so.1
7083b1274000-7083b1276000 rw-p 00000000 00:00 0 
7083b1276000-7083b1284000 r--p 00000000 00:2c 330                        /tmp/lwjgl_abdullah/3.3.3+5/x64/libglfw.so
7083b1284000-7083b12a3000 r-xp 0000e000 00:2c 330                        /tmp/lwjgl_abdullah/3.3.3+5/x64/libglfw.so
7083b12a3000-7083b12d6000 r--p 0002d000 00:2c 330                        /tmp/lwjgl_abdullah/3.3.3+5/x64/libglfw.so
7083b12d6000-7083b12d7000 ---p 00060000 00:2c 330                        /tmp/lwjgl_abdullah/3.3.3+5/x64/libglfw.so
7083b12d7000-7083b12da000 r--p 00060000 00:2c 330                        /tmp/lwjgl_abdullah/3.3.3+5/x64/libglfw.so
7083b12da000-7083b12dd000 rw-p 00063000 00:2c 330                        /tmp/lwjgl_abdullah/3.3.3+5/x64/libglfw.so
7083b12dd000-7083b1300000 rw-p 00000000 00:00 0 
7083b1300000-7083b1304000 ---p 00000000 00:00 0 
7083b1304000-7083b1400000 rw-p 00000000 00:00 0 
7083b1400000-7083b1404000 ---p 00000000 00:00 0 
7083b1404000-7083b1500000 rw-p 00000000 00:00 0 
7083b1500000-7083b1504000 ---p 00000000 00:00 0 
7083b1504000-7083b1600000 rw-p 00000000 00:00 0 
7083b1600000-7083b1604000 ---p 00000000 00:00 0 
7083b1604000-7083b1700000 rw-p 00000000 00:00 0 
7083b1700000-7083b1704000 ---p 00000000 00:00 0 
7083b1704000-7083b1800000 rw-p 00000000 00:00 0 
7083b1800000-7083b1804000 ---p 00000000 00:00 0 
7083b1804000-7083b1900000 rw-p 00000000 00:00 0 
7083b1900000-7083b1904000 ---p 00000000 00:00 0 
7083b1904000-7083b1a00000 rw-p 00000000 00:00 0 
7083b1a00000-7083b1f8e000 r--p 00000000 08:08 1465884                    /usr/lib/locale/locale-archive
7083b1f8e000-7083b1f8f000 rw-s 00000000 00:01 12307                      /memfd:xshmfence (deleted)
7083b1f8f000-7083b1f90000 r--p 00000000 08:08 1481166                    /usr/lib/x86_64-linux-gnu/libxcb-present.so.0.0.0
7083b1f90000-7083b1f91000 r-xp 00001000 08:08 1481166                    /usr/lib/x86_64-linux-gnu/libxcb-present.so.0.0.0
7083b1f91000-7083b1f92000 r--p 00002000 08:08 1481166                    /usr/lib/x86_64-linux-gnu/libxcb-present.so.0.0.0
7083b1f92000-7083b1f93000 r--p 00002000 08:08 1481166                    /usr/lib/x86_64-linux-gnu/libxcb-present.so.0.0.0
7083b1f93000-7083b1f94000 rw-p 00003000 08:08 1481166                    /usr/lib/x86_64-linux-gnu/libxcb-present.so.0.0.0
7083b1f94000-7083b1f96000 r--p 00000000 08:08 1576223                    /usr/lib/x86_64-linux-gnu/pipewire-0.3/libpipewire-module-adapter.so
7083b1f96000-7083b1f9a000 r-xp 00002000 08:08 1576223                    /usr/lib/x86_64-linux-gnu/pipewire-0.3/libpipewire-module-adapter.so
7083b1f9a000-7083b1f9c000 r--p 00006000 08:08 1576223                    /usr/lib/x86_64-linux-gnu/pipewire-0.3/libpipewire-module-adapter.so
7083b1f9c000-7083b1f9d000 r--p 00007000 08:08 1576223                    /usr/lib/x86_64-linux-gnu/pipewire-0.3/libpipewire-module-adapter.so
7083b1f9d000-7083b1f9e000 rw-p 00008000 08:08 1576223                    /usr/lib/x86_64-linux-gnu/pipewire-0.3/libpipewire-module-adapter.so
7083b1f9e000-7083b1fa0000 r--p 00000000 08:08 1576225                    /usr/lib/x86_64-linux-gnu/pipewire-0.3/libpipewire-module-client-device.so
7083b1fa0000-7083b1fad000 r-xp 00002000 08:08 1576225                    /usr/lib/x86_64-linux-gnu/pipewire-0.3/libpipewire-module-client-device.so
7083b1fad000-7083b1fae000 r--p 0000f000 08:08 1576225                    /usr/lib/x86_64-linux-gnu/pipewire-0.3/libpipewire-module-client-device.so
7083b1fae000-7083b1faf000 r--p 00010000 08:08 1576225                    /usr/lib/x86_64-linux-gnu/pipewire-0.3/libpipewire-module-client-device.so
7083b1faf000-7083b1fb0000 rw-p 00011000 08:08 1576225                    /usr/lib/x86_64-linux-gnu/pipewire-0.3/libpipewire-module-client-device.so
7083b1fb0000-7083b1fbc000 r--p 00000000 08:08 1480403                    /usr/lib/x86_64-linux-gnu/libdbus-1.so.3.38.3
7083b1fbc000-7083b1fed000 r-xp 0000c000 08:08 1480403                    /usr/lib/x86_64-linux-gnu/libdbus-1.so.3.38.3
7083b1fed000-7083b1ffe000 r--p 0003d000 08:08 1480403                    /usr/lib/x86_64-linux-gnu/libdbus-1.so.3.38.3
7083b1ffe000-7083b1fff000 r--p 0004d000 08:08 1480403                    /usr/lib/x86_64-linux-gnu/libdbus-1.so.3.38.3
7083b1fff000-7083b2000000 rw-p 0004e000 08:08 1480403                    /usr/lib/x86_64-linux-gnu/libdbus-1.so.3.38.3
7083b2000000-7083b4021000 rw-p 00000000 00:00 0 
7083b4021000-7083b8000000 ---p 00000000 00:00 0 
7083b8000000-7083b8021000 rw-p 00000000 00:00 0 
7083b8021000-7083bc000000 ---p 00000000 00:00 0 
7083bc000000-7083bc021000 rw-p 00000000 00:00 0 
7083bc021000-7083c0000000 ---p 00000000 00:00 0 
7083c0000000-7083c000d000 r--p 00000000 08:08 1576242                    /usr/lib/x86_64-linux-gnu/pipewire-0.3/libpipewire-module-protocol-native.so
7083c000d000-7083c002c000 r-xp 0000d000 08:08 1576242                    /usr/lib/x86_64-linux-gnu/pipewire-0.3/libpipewire-module-protocol-native.so
7083c002c000-7083c0037000 r--p 0002c000 08:08 1576242                    /usr/lib/x86_64-linux-gnu/pipewire-0.3/libpipewire-module-protocol-native.so
7083c0037000-7083c0042000 r--p 00036000 08:08 1576242                    /usr/lib/x86_64-linux-gnu/pipewire-0.3/libpipewire-module-protocol-native.so
7083c0042000-7083c0043000 rw-p 00041000 08:08 1576242                    /usr/lib/x86_64-linux-gnu/pipewire-0.3/libpipewire-module-protocol-native.so
7083c0043000-7083c0045000 r--p 00000000 08:08 1576250                    /usr/lib/x86_64-linux-gnu/pipewire-0.3/libpipewire-module-rt.so
7083c0045000-7083c0049000 r-xp 00002000 08:08 1576250                    /usr/lib/x86_64-linux-gnu/pipewire-0.3/libpipewire-module-rt.so
7083c0049000-7083c004b000 r--p 00006000 08:08 1576250                    /usr/lib/x86_64-linux-gnu/pipewire-0.3/libpipewire-module-rt.so
7083c004b000-7083c004c000 r--p 00007000 08:08 1576250                    /usr/lib/x86_64-linux-gnu/pipewire-0.3/libpipewire-module-rt.so
7083c004c000-7083c004d000 rw-p 00008000 08:08 1576250                    /usr/lib/x86_64-linux-gnu/pipewire-0.3/libpipewire-module-rt.so
7083c004d000-7083c0052000 r--p 00000000 08:08 1580758                    /usr/lib/x86_64-linux-gnu/spa-0.2/support/libspa-support.so
7083c0052000-7083c006d000 r-xp 00005000 08:08 1580758                    /usr/lib/x86_64-linux-gnu/spa-0.2/support/libspa-support.so
7083c006d000-7083c0073000 r--p 00020000 08:08 1580758                    /usr/lib/x86_64-linux-gnu/spa-0.2/support/libspa-support.so
7083c0073000-7083c007b000 r--p 00025000 08:08 1580758                    /usr/lib/x86_64-linux-gnu/spa-0.2/support/libspa-support.so
7083c007b000-7083c007c000 rw-p 0002d000 08:08 1580758                    /usr/lib/x86_64-linux-gnu/spa-0.2/support/libspa-support.so
7083c007c000-7083c007d000 r--p 00000000 08:08 1480132                    /usr/lib/x86_64-linux-gnu/libX11-xcb.so.1.0.0
7083c007d000-7083c007e000 r-xp 00001000 08:08 1480132                    /usr/lib/x86_64-linux-gnu/libX11-xcb.so.1.0.0
7083c007e000-7083c007f000 r--p 00002000 08:08 1480132                    /usr/lib/x86_64-linux-gnu/libX11-xcb.so.1.0.0
7083c007f000-7083c0080000 r--p 00002000 08:08 1480132                    /usr/lib/x86_64-linux-gnu/libX11-xcb.so.1.0.0
7083c0080000-7083c0081000 rw-p 00003000 08:08 1480132                    /usr/lib/x86_64-linux-gnu/libX11-xcb.so.1.0.0
7083c0081000-7083c0082000 r--p 00000000 08:08 1480149                    /usr/lib/x86_64-linux-gnu/libXinerama.so.1.0.0
7083c0082000-7083c0083000 r-xp 00001000 08:08 1480149                    /usr/lib/x86_64-linux-gnu/libXinerama.so.1.0.0
7083c0083000-7083c0084000 r--p 00002000 08:08 1480149                    /usr/lib/x86_64-linux-gnu/libXinerama.so.1.0.0
7083c0084000-7083c0085000 r--p 00002000 08:08 1480149                    /usr/lib/x86_64-linux-gnu/libXinerama.so.1.0.0
7083c0085000-7083c0086000 rw-p 00003000 08:08 1480149                    /usr/lib/x86_64-linux-gnu/libXinerama.so.1.0.0
7083c0086000-7083c00af000 r--p 00000000 00:2c 328                        /tmp/lwjgl_abdullah/3.3.3+5/x64/liblwjgl.so
7083c00af000-7083c00e1000 r-xp 00029000 00:2c 328                        /tmp/lwjgl_abdullah/3.3.3+5/x64/liblwjgl.so
7083c00e1000-7083c00fa000 r--p 0005b000 00:2c 328                        /tmp/lwjgl_abdullah/3.3.3+5/x64/liblwjgl.so
7083c00fa000-7083c00fb000 r--p 00073000 00:2c 328                        /tmp/lwjgl_abdullah/3.3.3+5/x64/liblwjgl.so
7083c00fb000-7083c00fc000 rw-p 00074000 00:2c 328                        /tmp/lwjgl_abdullah/3.3.3+5/x64/liblwjgl.so
7083c00fc000-7083c0100000 ---p 00000000 00:00 0 
7083c0100000-7083c01fc000 rw-p 00000000 00:00 0 
7083c01fc000-7083c0200000 ---p 00000000 00:00 0 
7083c0200000-7083c05ff000 rw-p 00000000 00:00 0 
7083c05ff000-7083c099f000 rwxp 00000000 00:00 0 
7083c099f000-7083c7b37000 ---p 00000000 00:00 0 
7083c7b37000-7083c7da7000 rwxp 00000000 00:00 0 
7083c7da7000-7083c80c8000 ---p 00000000 00:00 0 
7083c80c8000-7083c8338000 rwxp 00000000 00:00 0 
7083c8338000-7083cf600000 ---p 00000000 00:00 0 
7083cf600000-7083d7fc3000 r--s 00000000 08:08 1486672                    /usr/lib/jvm/java-25-openjdk-amd64/lib/modules
7083d7fc3000-7083d7fc5000 rw-s 1004d0000 00:11 67                        anon_inode:i915.gem
7083d7fc5000-7083d7fc6000 rw-s 00000000 00:01 12296                      /memfd:xshmfence (deleted)
7083d7fc6000-7083d7fc9000 r--p 00000000 08:08 1480139                    /usr/lib/x86_64-linux-gnu/libXcursor.so.1.0.2
7083d7fc9000-7083d7fcf000 r-xp 00003000 08:08 1480139                    /usr/lib/x86_64-linux-gnu/libXcursor.so.1.0.2
7083d7fcf000-7083d7fd1000 r--p 00009000 08:08 1480139                    /usr/lib/x86_64-linux-gnu/libXcursor.so.1.0.2
7083d7fd1000-7083d7fd2000 r--p 0000a000 08:08 1480139                    /usr/lib/x86_64-linux-gnu/libXcursor.so.1.0.2
7083d7fd2000-7083d7fd3000 rw-p 0000b000 08:08 1480139                    /usr/lib/x86_64-linux-gnu/libXcursor.so.1.0.2
7083d7fd3000-7083d7fd5000 r--p 00000000 08:08 1480155                    /usr/lib/x86_64-linux-gnu/libXrender.so.1.3.0
7083d7fd5000-7083d7fdc000 r-xp 00002000 08:08 1480155                    /usr/lib/x86_64-linux-gnu/libXrender.so.1.3.0
7083d7fdc000-7083d7fdd000 r--p 00009000 08:08 1480155                    /usr/lib/x86_64-linux-gnu/libXrender.so.1.3.0
7083d7fdd000-7083d7fde000 r--p 00009000 08:08 1480155                    /usr/lib/x86_64-linux-gnu/libXrender.so.1.3.0
7083d7fde000-7083d7fdf000 rw-p 0000a000 08:08 1480155                    /usr/lib/x86_64-linux-gnu/libXrender.so.1.3.0
7083d7fdf000-7083d7fe1000 r--p 00000000 08:08 1480154                    /usr/lib/x86_64-linux-gnu/libXrandr.so.2.2.0
7083d7fe1000-7083d7fe8000 r-xp 00002000 08:08 1480154                    /usr/lib/x86_64-linux-gnu/libXrandr.so.2.2.0
7083d7fe8000-7083d7fea000 r--p 00009000 08:08 1480154                    /usr/lib/x86_64-linux-gnu/libXrandr.so.2.2.0
7083d7fea000-7083d7feb000 r--p 0000a000 08:08 1480154                    /usr/lib/x86_64-linux-gnu/libXrandr.so.2.2.0
7083d7feb000-7083d7fec000 rw-p 0000b000 08:08 1480154                    /usr/lib/x86_64-linux-gnu/libXrandr.so.2.2.0
7083d7fec000-7083d7fef000 r--p 00000000 08:08 1480148                    /usr/lib/x86_64-linux-gnu/libXi.so.6.1.0
7083d7fef000-7083d7ffc000 r-xp 00003000 08:08 1480148                    /usr/lib/x86_64-linux-gnu/libXi.so.6.1.0
7083d7ffc000-7083d7ffe000 r--p 00010000 08:08 1480148                    /usr/lib/x86_64-linux-gnu/libXi.so.6.1.0
7083d7ffe000-7083d7fff000 r--p 00012000 08:08 1480148                    /usr/lib/x86_64-linux-gnu/libXi.so.6.1.0
7083d7fff000-7083d8000000 rw-p 00013000 08:08 1480148                    /usr/lib/x86_64-linux-gnu/libXi.so.6.1.0
7083d8000000-7083da99a000 rw-p 00000000 00:00 0 
7083da99a000-7083dc000000 ---p 00000000 00:00 0 
7083dc000000-7083dc001000 rw-s 00000000 00:01 12301                      /memfd:xshmfence (deleted)
7083dc001000-7083dc002000 rw-s 107403000 00:11 67                        anon_inode:i915.gem
7083dc002000-7083dc004000 r--p 00000000 08:08 1480145                    /usr/lib/x86_64-linux-gnu/libXfixes.so.3.1.0
7083dc004000-7083dc007000 r-xp 00002000 08:08 1480145                    /usr/lib/x86_64-linux-gnu/libXfixes.so.3.1.0
7083dc007000-7083dc008000 r--p 00005000 08:08 1480145                    /usr/lib/x86_64-linux-gnu/libXfixes.so.3.1.0
7083dc008000-7083dc009000 r--p 00005000 08:08 1480145                    /usr/lib/x86_64-linux-gnu/libXfixes.so.3.1.0
7083dc009000-7083dc00a000 rw-p 00006000 08:08 1480145                    /usr/lib/x86_64-linux-gnu/libXfixes.so.3.1.0
7083dc00a000-7083dc00e000 r--p 00000000 08:08 1480144                    /usr/lib/x86_64-linux-gnu/libXext.so.6.4.0
7083dc00e000-7083dc019000 r-xp 00004000 08:08 1480144                    /usr/lib/x86_64-linux-gnu/libXext.so.6.4.0
7083dc019000-7083dc01c000 r--p 0000f000 08:08 1480144                    /usr/lib/x86_64-linux-gnu/libXext.so.6.4.0
7083dc01c000-7083dc01d000 r--p 00011000 08:08 1480144                    /usr/lib/x86_64-linux-gnu/libXext.so.6.4.0
7083dc01d000-7083dc01e000 rw-p 00012000 08:08 1480144                    /usr/lib/x86_64-linux-gnu/libXext.so.6.4.0
7083dc01e000-7083dc01f000 r--p 00000000 08:08 1480161                    /usr/lib/x86_64-linux-gnu/libXxf86vm.so.1.0.0
7083dc01f000-7083dc022000 r-xp 00001000 08:08 1480161                    /usr/lib/x86_64-linux-gnu/libXxf86vm.so.1.0.0
7083dc022000-7083dc023000 r--p 00004000 08:08 1480161                    /usr/lib/x86_64-linux-gnu/libXxf86vm.so.1.0.0
7083dc023000-7083dc024000 r--p 00004000 08:08 1480161                    /usr/lib/x86_64-linux-gnu/libXxf86vm.so.1.0.0
7083dc024000-7083dc025000 rw-p 00005000 08:08 1480161                    /usr/lib/x86_64-linux-gnu/libXxf86vm.so.1.0.0
7083dc025000-7083dc027000 r--p 00000000 08:08 1480143                    /usr/lib/x86_64-linux-gnu/libXdmcp.so.6.0.0
7083dc027000-7083dc029000 r-xp 00002000 08:08 1480143                    /usr/lib/x86_64-linux-gnu/libXdmcp.so.6.0.0
7083dc029000-7083dc02b000 r--p 00004000 08:08 1480143                    /usr/lib/x86_64-linux-gnu/libXdmcp.so.6.0.0
7083dc02b000-7083dc02c000 r--p 00005000 08:08 1480143                    /usr/lib/x86_64-linux-gnu/libXdmcp.so.6.0.0
7083dc02c000-7083dc02d000 rw-p 00006000 08:08 1480143                    /usr/lib/x86_64-linux-gnu/libXdmcp.so.6.0.0
7083dc02d000-7083dc02e000 r--p 00000000 08:08 1480136                    /usr/lib/x86_64-linux-gnu/libXau.so.6.0.0
7083dc02e000-7083dc030000 r-xp 00001000 08:08 1480136                    /usr/lib/x86_64-linux-gnu/libXau.so.6.0.0
7083dc030000-7083dc031000 r--p 00003000 08:08 1480136                    /usr/lib/x86_64-linux-gnu/libXau.so.6.0.0
7083dc031000-7083dc032000 r--p 00003000 08:08 1480136                    /usr/lib/x86_64-linux-gnu/libXau.so.6.0.0
7083dc032000-7083dc033000 rw-p 00004000 08:08 1480136                    /usr/lib/x86_64-linux-gnu/libXau.so.6.0.0
7083dc033000-7083dc03f000 r--p 00000000 08:08 1481181                    /usr/lib/x86_64-linux-gnu/libxcb.so.1.1.0
7083dc03f000-7083dc053000 r-xp 0000c000 08:08 1481181                    /usr/lib/x86_64-linux-gnu/libxcb.so.1.1.0
7083dc053000-7083dc05c000 r--p 00020000 08:08 1481181                    /usr/lib/x86_64-linux-gnu/libxcb.so.1.1.0
7083dc05c000-7083dc05d000 r--p 00028000 08:08 1481181                    /usr/lib/x86_64-linux-gnu/libxcb.so.1.1.0
7083dc05d000-7083dc05e000 rw-p 00029000 08:08 1481181                    /usr/lib/x86_64-linux-gnu/libxcb.so.1.1.0
7083dc05e000-7083dc0df000 rw-p 00000000 00:00 0 
7083dc0df000-7083dc1e0000 rw-p 00000000 00:00 0 
7083dc1e0000-7083dc5e4000 rw-p 00000000 00:00 0 
7083dc5e4000-7083dc8e7000 rw-p 00000000 00:00 0 
7083dc8e7000-7083dcad7000 rw-p 00000000 00:00 0 
7083dcad7000-7083de767000 ---p 00000000 00:00 0 
7083de767000-7083de7ad000 rw-p 00000000 00:00 0 
7083de7ad000-7083deb3f000 ---p 00000000 00:00 0 
7083deb3f000-7083deb7e000 rw-p 00000000 00:00 0 
7083deb7e000-7083def10000 ---p 00000000 00:00 0 
7083def10000-7083df31a000 rw-p 00000000 00:00 0 
7083df31a000-7083df400000 ---p 00000000 00:00 0 
7083df400000-7083df4a3000 r--p 00000000 08:08 1481029                    /usr/lib/x86_64-linux-gnu/libstdc++.so.6.0.35
7083df4a3000-7083df5fe000 r-xp 000a3000 08:08 1481029                    /usr/lib/x86_64-linux-gnu/libstdc++.so.6.0.35
7083df5fe000-7083df68a000 r--p 001fe000 08:08 1481029                    /usr/lib/x86_64-linux-gnu/libstdc++.so.6.0.35
7083df68a000-7083df699000 r--p 0028a000 08:08 1481029                    /usr/lib/x86_64-linux-gnu/libstdc++.so.6.0.35
7083df699000-7083df69c000 rw-p 00299000 08:08 1481029                    /usr/lib/x86_64-linux-gnu/libstdc++.so.6.0.35
7083df69c000-7083df6a0000 rw-p 00000000 00:00 0 
7083df6a0000-7083df6a1000 rw-s 107402000 00:11 67                        anon_inode:i915.gem
7083df6a1000-7083df6a2000 rw-s 108997000 00:11 67                        anon_inode:i915.gem
7083df6a2000-7083df6a3000 r--p 00000000 08:08 1443715                    /usr/lib/x86_64-linux-gnu/librt.so.1
7083df6a3000-7083df6a4000 r-xp 00001000 08:08 1443715                    /usr/lib/x86_64-linux-gnu/librt.so.1
7083df6a4000-7083df6a5000 r--p 00002000 08:08 1443715                    /usr/lib/x86_64-linux-gnu/librt.so.1
7083df6a5000-7083df6a6000 r--p 00002000 08:08 1443715                    /usr/lib/x86_64-linux-gnu/librt.so.1
7083df6a6000-7083df6a7000 rw-p 00003000 08:08 1443715                    /usr/lib/x86_64-linux-gnu/librt.so.1
7083df6a7000-7083df6a8000 rw-s 00000000 00:01 43                         /memfd:pipewire-memfd:flags=0x0000000f,type=2,size=2312 (deleted)
7083df6a8000-7083df6a9000 r--p 00000000 08:08 1481173                    /usr/lib/x86_64-linux-gnu/libxcb-shm.so.0.0.0
7083df6a9000-7083df6aa000 r-xp 00001000 08:08 1481173                    /usr/lib/x86_64-linux-gnu/libxcb-shm.so.0.0.0
7083df6aa000-7083df6ab000 r--p 00002000 08:08 1481173                    /usr/lib/x86_64-linux-gnu/libxcb-shm.so.0.0.0
7083df6ab000-7083df6ac000 r--p 00002000 08:08 1481173                    /usr/lib/x86_64-linux-gnu/libxcb-shm.so.0.0.0
7083df6ac000-7083df6ad000 rw-p 00003000 08:08 1481173                    /usr/lib/x86_64-linux-gnu/libxcb-shm.so.0.0.0
7083df6ad000-7083df6ae000 rw-s 00000000 00:01 11498                      /memfd:pipewire-memfd:flags=0x0000000f,type=2,size=4096 (deleted)
7083df6ae000-7083df6af000 rw-s 00000000 00:01 11497                      /memfd:pipewire-memfd:flags=0x0000000f,type=2,size=2312 (deleted)
7083df6af000-7083df6b0000 rw-s 00000000 00:01 11496                      /memfd:pipewire-memfd:flags=0x0000000f,type=2,size=2312 (deleted)
7083df6b0000-7083df6b7000 r--s 00000000 08:08 1574058                    /usr/lib/x86_64-linux-gnu/gconv/gconv-modules.cache
7083df6b7000-7083df6b9000 r--p 00000000 08:08 1580756                    /usr/lib/x86_64-linux-gnu/spa-0.2/support/libspa-dbus.so
7083df6b9000-7083df6bc000 r-xp 00002000 08:08 1580756                    /usr/lib/x86_64-linux-gnu/spa-0.2/support/libspa-dbus.so
7083df6bc000-7083df6bd000 r--p 00005000 08:08 1580756                    /usr/lib/x86_64-linux-gnu/spa-0.2/support/libspa-dbus.so
7083df6bd000-7083df6be000 r--p 00005000 08:08 1580756                    /usr/lib/x86_64-linux-gnu/spa-0.2/support/libspa-dbus.so
7083df6be000-7083df6bf000 rw-p 00006000 08:08 1580756                    /usr/lib/x86_64-linux-gnu/spa-0.2/support/libspa-dbus.so
7083df6bf000-7083df6c0000 r--p 00000000 08:08 1580757                    /usr/lib/x86_64-linux-gnu/spa-0.2/support/libspa-journal.so
7083df6c0000-7083df6c2000 r-xp 00001000 08:08 1580757                    /usr/lib/x86_64-linux-gnu/spa-0.2/support/libspa-journal.so
7083df6c2000-7083df6c3000 r--p 00003000 08:08 1580757                    /usr/lib/x86_64-linux-gnu/spa-0.2/support/libspa-journal.so
7083df6c3000-7083df6c4000 r--p 00003000 08:08 1580757                    /usr/lib/x86_64-linux-gnu/spa-0.2/support/libspa-journal.so
7083df6c4000-7083df6c5000 rw-p 00004000 08:08 1580757                    /usr/lib/x86_64-linux-gnu/spa-0.2/support/libspa-journal.so
7083df6c5000-7083df6c6000 rw-p 00000000 00:00 0 
7083df6c6000-7083df6c8000 r--p 00000000 08:08 1486671                    /usr/lib/jvm/java-25-openjdk-amd64/lib/libzip.so
7083df6c8000-7083df6cd000 r-xp 00002000 08:08 1486671                    /usr/lib/jvm/java-25-openjdk-amd64/lib/libzip.so
7083df6cd000-7083df6cf000 r--p 00007000 08:08 1486671                    /usr/lib/jvm/java-25-openjdk-amd64/lib/libzip.so
7083df6cf000-7083df6d0000 r--p 00008000 08:08 1486671                    /usr/lib/jvm/java-25-openjdk-amd64/lib/libzip.so
7083df6d0000-7083df6d1000 rw-p 00009000 08:08 1486671                    /usr/lib/jvm/java-25-openjdk-amd64/lib/libzip.so
7083df6d1000-7083df6d2000 r--p 00000000 08:08 1486668                    /usr/lib/jvm/java-25-openjdk-amd64/lib/libsimdsort.so
7083df6d2000-7083df70d000 r-xp 00001000 08:08 1486668                    /usr/lib/jvm/java-25-openjdk-amd64/lib/libsimdsort.so
7083df70d000-7083df713000 r--p 0003c000 08:08 1486668                    /usr/lib/jvm/java-25-openjdk-amd64/lib/libsimdsort.so
7083df713000-7083df714000 r--p 00041000 08:08 1486668                    /usr/lib/jvm/java-25-openjdk-amd64/lib/libsimdsort.so
7083df714000-7083df715000 rw-p 00042000 08:08 1486668                    /usr/lib/jvm/java-25-openjdk-amd64/lib/libsimdsort.so
7083df715000-7083df71d000 rw-p 00000000 00:00 0 
7083df71d000-7083df800000 ---p 00000000 00:00 0 
7083df800000-7083dfae2000 r--p 00000000 08:08 1486680                    /usr/lib/jvm/java-25-openjdk-amd64/lib/server/libjvm.so
7083dfae2000-7083e0b87000 r-xp 002e2000 08:08 1486680                    /usr/lib/jvm/java-25-openjdk-amd64/lib/server/libjvm.so
7083e0b87000-7083e0e8f000 r--p 01387000 08:08 1486680                    /usr/lib/jvm/java-25-openjdk-amd64/lib/server/libjvm.so
7083e0e8f000-7083e0f7a000 r--p 0168e000 08:08 1486680                    /usr/lib/jvm/java-25-openjdk-amd64/lib/server/libjvm.so
7083e0f7a000-7083e0fa5000 rw-p 01779000 08:08 1486680                    /usr/lib/jvm/java-25-openjdk-amd64/lib/server/libjvm.so
7083e0fa5000-7083e1021000 rw-p 00000000 00:00 0 
7083e1021000-7083e1022000 r--p 00000000 08:08 1443713                    /usr/lib/x86_64-linux-gnu/libpthread.so.0
7083e1022000-7083e1023000 r-xp 00001000 08:08 1443713                    /usr/lib/x86_64-linux-gnu/libpthread.so.0
7083e1023000-7083e1024000 r--p 00002000 08:08 1443713                    /usr/lib/x86_64-linux-gnu/libpthread.so.0
7083e1024000-7083e1025000 r--p 00002000 08:08 1443713                    /usr/lib/x86_64-linux-gnu/libpthread.so.0
7083e1025000-7083e1026000 rw-p 00003000 08:08 1443713                    /usr/lib/x86_64-linux-gnu/libpthread.so.0
7083e1026000-7083e1027000 r--p 00000000 08:08 1443703                    /usr/lib/x86_64-linux-gnu/libdl.so.2
7083e1027000-7083e1028000 r-xp 00001000 08:08 1443703                    /usr/lib/x86_64-linux-gnu/libdl.so.2
7083e1028000-7083e1029000 r--p 00002000 08:08 1443703                    /usr/lib/x86_64-linux-gnu/libdl.so.2
7083e1029000-7083e102a000 r--p 00002000 08:08 1443703                    /usr/lib/x86_64-linux-gnu/libdl.so.2
7083e102a000-7083e102b000 rw-p 00003000 08:08 1443703                    /usr/lib/x86_64-linux-gnu/libdl.so.2
7083e102b000-7083e102e000 r--p 00000000 08:08 1486662                    /usr/lib/jvm/java-25-openjdk-amd64/lib/libnet.so
7083e102e000-7083e1036000 r-xp 00003000 08:08 1486662                    /usr/lib/jvm/java-25-openjdk-amd64/lib/libnet.so
7083e1036000-7083e1038000 r--p 0000b000 08:08 1486662                    /usr/lib/jvm/java-25-openjdk-amd64/lib/libnet.so
7083e1038000-7083e1039000 r--p 0000c000 08:08 1486662                    /usr/lib/jvm/java-25-openjdk-amd64/lib/libnet.so
7083e1039000-7083e103a000 rw-p 0000d000 08:08 1486662                    /usr/lib/jvm/java-25-openjdk-amd64/lib/libnet.so
7083e103a000-7083e1064000 r--p 00000000 08:08 2244795                    /usr/share/locale-langpack/ar/LC_MESSAGES/libc.mo
7083e1064000-7083e1100000 rw-p 00000000 00:00 0 
7083e1100000-7083e1104000 ---p 00000000 00:00 0 
7083e1104000-7083e1200000 rw-p 00000000 00:00 0 
7083e1200000-7083e1228000 r--p 00000000 08:08 1443701                    /usr/lib/x86_64-linux-gnu/libc.so.6
7083e1228000-7083e13c0000 r-xp 00028000 08:08 1443701                    /usr/lib/x86_64-linux-gnu/libc.so.6
7083e13c0000-7083e140e000 r--p 001c0000 08:08 1443701                    /usr/lib/x86_64-linux-gnu/libc.so.6
7083e140e000-7083e1412000 r--p 0020e000 08:08 1443701                    /usr/lib/x86_64-linux-gnu/libc.so.6
7083e1412000-7083e1414000 rw-p 00212000 08:08 1443701                    /usr/lib/x86_64-linux-gnu/libc.so.6
7083e1414000-7083e1421000 rw-p 00000000 00:00 0 
7083e1421000-7083e1422000 rw-p 00000000 00:00 0 
7083e1422000-7083e1423000 rw-p 00000000 00:00 0 
7083e1423000-7083e1424000 r-xp 00059000 00:2c 328                        /tmp/lwjgl_abdullah/3.3.3+5/x64/liblwjgl.so
7083e1424000-7083e1425000 rw-p 00000000 00:00 0 
7083e1425000-7083e142c000 r--p 00000000 08:08 1486663                    /usr/lib/jvm/java-25-openjdk-amd64/lib/libnio.so
7083e142c000-7083e1436000 r-xp 00007000 08:08 1486663                    /usr/lib/jvm/java-25-openjdk-amd64/lib/libnio.so
7083e1436000-7083e143a000 r--p 00011000 08:08 1486663                    /usr/lib/jvm/java-25-openjdk-amd64/lib/libnio.so
7083e143a000-7083e143b000 r--p 00015000 08:08 1486663                    /usr/lib/jvm/java-25-openjdk-amd64/lib/libnio.so
7083e143b000-7083e143c000 rw-p 00016000 08:08 1486663                    /usr/lib/jvm/java-25-openjdk-amd64/lib/libnio.so
7083e143c000-7083e147d000 rw-p 00000000 00:00 0 
7083e147d000-7083e1489000 r--p 00000000 08:08 1486649                    /usr/lib/jvm/java-25-openjdk-amd64/lib/libjava.so
7083e1489000-7083e1498000 r-xp 0000c000 08:08 1486649                    /usr/lib/jvm/java-25-openjdk-amd64/lib/libjava.so
7083e1498000-7083e149d000 r--p 0001b000 08:08 1486649                    /usr/lib/jvm/java-25-openjdk-amd64/lib/libjava.so
7083e149d000-7083e149e000 r--p 00020000 08:08 1486649                    /usr/lib/jvm/java-25-openjdk-amd64/lib/libjava.so
7083e149e000-7083e149f000 rw-p 00021000 08:08 1486649                    /usr/lib/jvm/java-25-openjdk-amd64/lib/libjava.so
7083e149f000-7083e14a0000 rw-p 00000000 00:00 0 
7083e14a0000-7083e14a4000 r--p 00000000 08:08 1480528                    /usr/lib/x86_64-linux-gnu/libgcc_s.so.1
7083e14a4000-7083e14c8000 r-xp 00004000 08:08 1480528                    /usr/lib/x86_64-linux-gnu/libgcc_s.so.1
7083e14c8000-7083e14cc000 r--p 00028000 08:08 1480528                    /usr/lib/x86_64-linux-gnu/libgcc_s.so.1
7083e14cc000-7083e14cd000 r--p 0002c000 08:08 1480528                    /usr/lib/x86_64-linux-gnu/libgcc_s.so.1
7083e14cd000-7083e14ce000 rw-p 0002d000 08:08 1480528                    /usr/lib/x86_64-linux-gnu/libgcc_s.so.1
7083e14ce000-7083e14e0000 r--p 00000000 08:08 1443704                    /usr/lib/x86_64-linux-gnu/libm.so.6
7083e14e0000-7083e1580000 r-xp 00012000 08:08 1443704                    /usr/lib/x86_64-linux-gnu/libm.so.6
7083e1580000-7083e15f2000 r--p 000b2000 08:08 1443704                    /usr/lib/x86_64-linux-gnu/libm.so.6
7083e15f2000-7083e15f3000 r--p 00123000 08:08 1443704                    /usr/lib/x86_64-linux-gnu/libm.so.6
7083e15f3000-7083e15f4000 rw-p 00124000 08:08 1443704                    /usr/lib/x86_64-linux-gnu/libm.so.6
7083e15f4000-7083e15f6000 rw-p 00000000 00:00 0 
7083e15f6000-7083e15f9000 r--p 00000000 08:08 1442342                    /usr/lib/x86_64-linux-gnu/libz.so.1.3.1
7083e15f9000-7083e160c000 r-xp 00003000 08:08 1442342                    /usr/lib/x86_64-linux-gnu/libz.so.1.3.1
7083e160c000-7083e1612000 r--p 00016000 08:08 1442342                    /usr/lib/x86_64-linux-gnu/libz.so.1.3.1
7083e1612000-7083e1613000 r--p 0001c000 08:08 1442342                    /usr/lib/x86_64-linux-gnu/libz.so.1.3.1
7083e1613000-7083e1614000 rw-p 0001d000 08:08 1442342                    /usr/lib/x86_64-linux-gnu/libz.so.1.3.1
7083e1614000-7083e1619000 rw-p 00000000 00:00 0 
7083e1619000-7083e1620000 ---p 00000000 00:00 0 
7083e1620000-7083e1628000 rw-s 00000000 00:2c 341                        /tmp/hsperfdata_abdullah/9457
7083e1628000-7083e1629000 ---p 00000000 00:00 0 
7083e1629000-7083e162a000 r--p 00000000 00:00 0 
7083e162a000-7083e162b000 ---p 00000000 00:00 0 
7083e162b000-7083e162d000 r--p 00000000 08:08 1486652                    /usr/lib/jvm/java-25-openjdk-amd64/lib/libjimage.so
7083e162d000-7083e1630000 r-xp 00002000 08:08 1486652                    /usr/lib/jvm/java-25-openjdk-amd64/lib/libjimage.so
7083e1630000-7083e1631000 r--p 00005000 08:08 1486652                    /usr/lib/jvm/java-25-openjdk-amd64/lib/libjimage.so
7083e1631000-7083e1632000 r--p 00006000 08:08 1486652                    /usr/lib/jvm/java-25-openjdk-amd64/lib/libjimage.so
7083e1632000-7083e1633000 rw-p 00007000 08:08 1486652                    /usr/lib/jvm/java-25-openjdk-amd64/lib/libjimage.so
7083e1633000-7083e1635000 r--p 00000000 08:08 1486653                    /usr/lib/jvm/java-25-openjdk-amd64/lib/libjli.so
7083e1635000-7083e1640000 r-xp 00002000 08:08 1486653                    /usr/lib/jvm/java-25-openjdk-amd64/lib/libjli.so
7083e1640000-7083e1643000 r--p 0000d000 08:08 1486653                    /usr/lib/jvm/java-25-openjdk-amd64/lib/libjli.so
7083e1643000-7083e1644000 r--p 00010000 08:08 1486653                    /usr/lib/jvm/java-25-openjdk-amd64/lib/libjli.so
7083e1644000-7083e1645000 rw-p 00011000 08:08 1486653                    /usr/lib/jvm/java-25-openjdk-amd64/lib/libjli.so
7083e1645000-7083e1647000 rw-p 00000000 00:00 0 
7083e1647000-7083e164b000 r--p 00000000 00:00 0                          [vvar]
7083e164b000-7083e164d000 r--p 00000000 00:00 0                          [vvar_vclock]
7083e164d000-7083e164f000 r-xp 00000000 00:00 0                          [vdso]
7083e164f000-7083e1650000 r--p 00000000 08:08 1443698                    /usr/lib/x86_64-linux-gnu/ld-linux-x86-64.so.2
7083e1650000-7083e167f000 r-xp 00001000 08:08 1443698                    /usr/lib/x86_64-linux-gnu/ld-linux-x86-64.so.2
7083e167f000-7083e168a000 r--p 00030000 08:08 1443698                    /usr/lib/x86_64-linux-gnu/ld-linux-x86-64.so.2
7083e168a000-7083e168c000 r--p 0003b000 08:08 1443698                    /usr/lib/x86_64-linux-gnu/ld-linux-x86-64.so.2
7083e168c000-7083e168d000 rw-p 0003d000 08:08 1443698                    /usr/lib/x86_64-linux-gnu/ld-linux-x86-64.so.2
7083e168d000-7083e168e000 rw-p 00000000 00:00 0 
7ffd15c88000-7ffd15cac000 rw-p 00000000 00:00 0                          [stack]
ffffffffff600000-ffffffffff601000 --xp 00000000 00:00 0                  [vsyscall]
Total number of mappings: 779

JVMTI agents: none


VM Arguments:
jvm_args: -DImplementation-Title=com.shatteredpixel.shatteredpixeldungeon -DImplementation-Version=896 -DSpecification-Title=Shattered Pixel Dungeon -DSpecification-Version=3.3.8-INDEV -Dfile.encoding=UTF-8 -Duser.country=YE -Duser.language=ar -Duser.variant 
java_command: com.shatteredpixel.shatteredpixeldungeon.desktop.DesktopLauncher
java_class_path (initial): /home/abdullah/shattered-ar-copy/desktop/build/classes/java/main:/home/abdullah/shattered-ar-copy/desktop/build/resources/main:/home/abdullah/shattered-ar-copy/core/build/libs/core-3.3.8.jar:/home/abdullah/shattered-ar-copy/services/updates/githubUpdates/build/libs/githubUpdates-3.3.8.jar:/home/abdullah/shattered-ar-copy/services/news/shatteredNews/build/libs/shatteredNews-3.3.8.jar:/home/abdullah/shattered-ar-copy/SPD-classes/build/libs/SPD-classes-3.3.8.jar:/home/abdullah/.gradle/caches/modules-2/files-2.1/com.badlogicgames.gdx/gdx-freetype/1.14.0/90299d782fca725677549b88bc1958f968e09bd8/gdx-freetype-1.14.0.jar:/home/abdullah/.gradle/caches/modules-2/files-2.1/com.badlogicgames.gdx/gdx-backend-lwjgl3/1.14.0/122cf51d4a3bcd4e14e8fbd16ae2b65f27fe2d57/gdx-backend-lwjgl3-1.14.0.jar:/home/abdullah/.gradle/caches/modules-2/files-2.1/com.badlogicgames.gdx/gdx-platform/1.14.0/d0ecc53f2c20576f1ba4ac9ba157cf48f7bd9821/gdx-platform-1.14.0-natives-desktop.jar:/home/abdullah/.gradle/caches/modules-2/files-2.1/com.badlogicgames.gdx/gdx-freetype-platform/1.14.0/f6fa9182df2efab018b7a3378a9a729fd94a19ab/gdx-freetype-platform-1.14.0-natives-desktop.jar:/home/abdullah/.gradle/caches/modules-2/files-2.1/com.badlogicgames.gdx-controllers/gdx-controllers-desktop/2.2.4/44c8bdf023f04ea9a84ad105d5e2f59ff5d7768a/gdx-controllers-desktop-2.2.4.jar:/home/abdullah/.gradle/caches/modules-2/files-2.1/org.lwjgl/lwjgl-tinyfd/3.3.3/82d755ca94b102e9ca77283b9e2dc46d1b15fbe5/lwjgl-tinyfd-3.3.3.jar:/home/abdullah/.gradle/caches/modules-2/files-2.1/org.lwjgl/lwjgl-tinyfd/3.3.3/a6697981b0449a5087c1d546fc08b4f73e8f98c9/lwjgl-tinyfd-3.3.3-natives-windows.jar:/home/abdullah/.gradle/caches/modules-2/files-2.1/org.lwjgl/lwjgl-tinyfd/3.3.3/6598081e346a03038a8be68eb2de614a1c2eac68/lwjgl-tinyfd-3.3.3-natives-macos.jar:/home/abdullah/.gradle/caches/modules-2/files-2.1/org.lwjgl/lwjgl-tinyfd/3.3.3/406feedb977372085a61eb0fee358183f4f4c67a/lwjgl-tinyfd-3.3.3-natives-macos-arm64.jar:/home/abdullah/.gradle/caches/modules-2/files-2.1/org.lwjgl/lwjgl-tinyfd/3.3.3/d8d58daa0c3e5fd906fee96f5fddbcbc07cc308b/lwjgl-tinyfd-3.3.3-natives-linux.jar:/home/abdullah/.gradle/caches/modules-2/files-2.1/org.lwjgl/lwjgl-tinyfd/3.3.3/2823a8c955c758d0954d282888075019ef99cec7/lwjgl-tinyfd-3.3.3-natives-linux-arm64.jar:/home/abdullah/shattered-ar-copy/services/build/libs/services-3.3.8.jar:/home/abdullah/.gradle/caches/modules-2/files-2.1/com.badlogicgames.gdx-controllers/gdx-controllers-core/2.2.4/d8a18ff371fb01c1763e9fe5ea050e39d2d66437/gdx-controllers-core-2.2.4.jar:/home/abdullah/.gradle/caches/modules-2/files-2.1/com.badlogicgames.gdx/gdx/1.14.0/8accfce8d9313d9ddd23a2c9e315179783085ef2/gdx-1.14.0.jar:/home/abdullah/.gradle/caches/modules-2/files-2.1/org.lwjgl/lwjgl-glfw/3.3.3/efa1eb78c5ccd840e9f329717109b5e892d72f8e/lwjgl-glfw-3.3.3.jar:/home/abdullah/.gradle/caches/modules-2/files-2.1/org.lwjgl/lwjgl-glfw/3.3.3/a03684c5e4b1b1dbbe0d29dbbdc27b985b6840f2/lwjgl-glfw-3.3.3-natives-linux.jar:/home/abdullah/.gradle/caches/modules-2/files-2.1/org.lwjgl/lwjgl-glfw/3.3.3/d9af485c32545b37dd5359b163161d42d7534dcf/lwjgl-glfw-3.3.3-natives-linux-arm32.jar:/home/abdullah/.gradle/caches/modules-2/files-2.1/org.lwjgl/lwjgl-glfw/3.3.3/492a0f11f85b85899a6568f07511160c1b87cd38/lwjgl-glfw-3.3.3-natives-linux-arm64.jar:/home/abdullah/.gradle/caches/modules-2/files-2.1/org.lwjgl/lwjgl-glfw/3.3.3/a1bf400f6bc64e6195596cb1430dafda46090751/lwjgl-glfw-3.3.3-natives-macos.jar:/home/abdullah/.gradle/caches/modules-2/files-2.1/org.lwjgl/lwjgl-glfw/3.3.3/ee8cc78d0a4a5b3b4600fade6d927c9fc320c858/lwjgl-glfw-3.3.3-natives-macos-arm64.jar:/home/abdullah/.gradle/caches/modules-2/files-2.1/org.lwjgl/lwjgl-glfw/3.3.3/e449e28b4891fc423c54c85fbc5bb0b9efece67a/lwjgl-glfw-3.3.3-natives-windows.jar:/home/abdullah/.gradle/caches/modules-2/files-2.1/org.lwjgl/lwjgl-glfw/3.3.3/32334f3fd5270a59bad9939a93115acb6de36dcf/lwjgl-glfw-3.3.3-natives-windows-x86.jar:/home/abdullah/.gradle/caches/modules-2/files-2.1/org.lwjgl/lwjgl-jemalloc/3.3.3/b543467b7ff3c6920539a88ee602d34098628be5/lwjgl-jemalloc-3.3.3.jar:/home/abdullah/.gradle/caches/modules-2/files-2.1/org.lwjgl/lwjgl-jemalloc/3.3.3/4f86728bf449b1dd61251c4e0ac01df1389cb51e/lwjgl-jemalloc-3.3.3-natives-linux.jar:/home/abdullah/.gradle/caches/modules-2/files-2.1/org.lwjgl/lwjgl-jemalloc/3.3.3/109b6931880d02d4e65ced38928a16e41d19873e/lwjgl-jemalloc-3.3.3-natives-linux-arm32.jar:/home/abdullah/.gradle/caches/modules-2/files-2.1/org.lwjgl/lwjgl-jemalloc/3.3.3/eff8b86798191192fe2cba2dc2776109f30c239d/lwjgl-jemalloc-3.3.3-natives-linux-arm64.jar:/home/abdullah/.gradle/caches/modules-2/files-2.1/org.lwjgl/lwjgl-jemalloc/3.3.3/2906637657a57579847238c9c72d2c4bde7083f8/lwjgl-jemalloc-3.3.3-natives-macos.jar:/home/abdullah/.gradle/caches/modules-2/files-2.1/org.lwjgl/lwjgl-jemalloc/3.3.3/e9412c3ff8cb3a3bad1d3f52909ad74d8a5bdad1/lwjgl-jemalloc-3.3.3-natives-macos-arm64.jar:/home/abdullah/.gradle/caches/modules-2/files-2.1/org.lwjgl/lwjgl-jemalloc/3.3.3/426222fc027602a5f21b9c0fe79cde6a4c7a011f/lwjgl-jemalloc-3.3.3-natives-windows.jar:/home/abdullah/.gradle/caches/modules-2/files-2.1/org.lwjgl/lwjgl-jemalloc/3.3.3/f6063b6e0f23be483c5c88d84ce51b39dc69126c/lwjgl-jemalloc-3.3.3-natives-windows-x86.jar:/home/abdullah/.gradle/caches/modules-2/files-2.1/org.lwjgl/lwjgl-openal/3.3.3/daada81ceb5fc0c291fbfdd4433cb8d9423577f2/lwjgl-openal-3.3.3.jar:/home/abdullah/.gradle/caches/modules-2/files-2.1/org.lwjgl/lwjgl-openal/3.3.3/3037360cc4595079bea240af250b6d1a527e0905/lwjgl-openal-3.3.3-natives-linux.jar:/home/abdullah/.gradle/caches/modules-2/files-2.1/org.lwjgl/lwjgl-openal/3.3.3/e1702aa09d20359d6cf5cb2999fa7685a785eca7/lwjgl-openal-3.3.3-natives-linux-arm32.jar:/home/abdullah/.gradle/caches/modules-2/files-2.1/org.lwjgl/lwjgl-openal/3.3.3/ad8f302118a65bb8d615f8a2a680db58fb8f835e/lwjgl-openal-3.3.3-natives-linux-arm64.jar:/home/abdullah/.gradle/caches/modules-2/files-2.1/org.lwjgl/lwjgl-openal/3.3.3/8df8338bfa77f2ebabef4e58964bd04d24805cbf/lwjgl-openal-3.3.3-natives-macos.jar:/home/abdullah/.gradle/caches/modules-2/files-2.1/org.lwjgl/lwjgl-openal/3.3.3/c78b078de2fb52f45aa55d04db889a560f3544f/lwjgl-openal-3.3.3-natives-macos-arm64.jar:/home/abdullah/.gradle/caches/modules-2/files-2.1/org.lwjgl/lwjgl-openal/3.3.3/cf83862ae95d98496b26915024c7e666d8ab1c8f/lwjgl-openal-3.3.3-natives-windows.jar:/home/abdullah/.gradle/caches/modules-2/files-2.1/org.lwjgl/lwjgl-openal/3.3.3/87b8d5050e3adb46bb58fe1cb2669a4a48fce10d/lwjgl-openal-3.3.3-natives-windows-x86.jar:/home/abdullah/.gradle/caches/modules-2/files-2.1/org.lwjgl/lwjgl-opengl/3.3.3/2f6b0147078396a58979125a4c947664e98293a/lwjgl-opengl-3.3.3.jar:/home/abdullah/.gradle/caches/modules-2/files-2.1/org.lwjgl/lwjgl-opengl/3.3.3/62c70a4b00ca5391882b0f4b787c1588d24f1c86/lwjgl-opengl-3.3.3-natives-linux.jar:/home/abdullah/.gradle/caches/modules-2/files-2.1/org.lwjgl/lwjgl-opengl/3.3.3/dbba17fc5ac0985d14a57c11f9537617d67b9952/lwjgl-opengl-3.3.3-natives-linux-arm32.jar:/home/abdullah/.gradle/caches/modules-2/files-2.1/org.lwjgl/lwjgl-opengl/3.3.3/2096f6b94b2d68745d858fbfe53aacf5f0c8074c/lwjgl-opengl-3.3.3-natives-linux-arm64.jar:/home/abdullah/.gradle/caches/modules-2/files-2.1/org.lwjgl/lwjgl-opengl/3.3.3/1bd45997551ae8a28469f3a2b678f4b7289e12c0/lwjgl-opengl-3.3.3-natives-macos.jar:/home/abdullah/.gradle/caches/modules-2/files-2.1/org.lwjgl/lwjgl-opengl/3.3.3/d213ddef27637b1af87961ffa94d6b27036becc8/lwjgl-opengl-3.3.3-natives-macos-arm64.jar:/home/abdullah/.gradle/caches/modules-2/files-2.1/org.lwjgl/lwjgl-opengl/3.3.3/e6c1eec8be8a71951b830a4d69efc01c6531900c/lwjgl-opengl-3.3.3-natives-windows.jar:/home/abdullah/.gradle/caches/modules-2/files-2.1/org.lwjgl/lwjgl-opengl/3.3.3/d32d833dcaa2f355a886eaf21f0408b5f03241d/lwjgl-opengl-3.3.3-natives-windows-x86.jar:/home/abdullah/.gradle/caches/modules-2/files-2.1/org.lwjgl/lwjgl-stb/3.3.3/25dd6161988d7e65f71d5065c99902402ee32746/lwjgl-stb-3.3.3.jar:/home/abdullah/.gradle/caches/modules-2/files-2.1/org.lwjgl/lwjgl-stb/3.3.3/fd1271ccd9d85eff2fa31f3fd543e02ccfaf5041/lwjgl-stb-3.3.3-natives-linux.jar:/home/abdullah/.gradle/caches/modules-2/files-2.1/org.lwjgl/lwjgl-stb/3.3.3/1ae28ff044699ff29b0e980ffabd73fba8a664b3/lwjgl-stb-3.3.3-natives-linux-arm32.jar:/home/abdullah/.gradle/caches/modules-2/files-2.1/org.lwjgl/lwjgl-stb/3.3.3/ddc177afc2be1ee8d93684b11363b80589a13fe1/lwjgl-stb-3.3.3-natives-linux-arm64.jar:/home/abdullah/.gradle/caches/modules-2/files-2.1/org.lwjgl/lwjgl-stb/3.3.3/472792c98fb2c1557c060cb9da5fca6a9773621f/lwjgl-stb-3.3.3-natives-macos.jar:/home/abdullah/.gradle/caches/modules-2/files-2.1/org.lwjgl/lwjgl-stb/3.3.3/51c6955571fbcdb7bb538c6aa589b953b584c6af/lwjgl-stb-3.3.3-natives-macos-arm64.jar:/home/abdullah/.gradle/caches/modules-2/files-2.1/org.lwjgl/lwjgl-stb/3.3.3/1d9facdf6541de114b0f963be33505b7679c78cb/lwjgl-stb-3.3.3-natives-windows.jar:/home/abdullah/.gradle/caches/modules-2/files-2.1/org.lwjgl/lwjgl-stb/3.3.3/b5c874687b9aac1a936501d4ed2c49567fd1b575/lwjgl-stb-3.3.3-natives-windows-x86.jar:/home/abdullah/.gradle/caches/modules-2/files-2.1/org.lwjgl/lwjgl/3.3.3/29589b5f87ed335a6c7e7ee6a5775f81f97ecb84/lwjgl-3.3.3.jar:/home/abdullah/.gradle/caches/modules-2/files-2.1/org.lwjgl/lwjgl/3.3.3/1713758e3660ba66e1e954396fd18126038b33c0/lwjgl-3.3.3-natives-linux.jar:/home/abdullah/.gradle/caches/modules-2/files-2.1/org.lwjgl/lwjgl/3.3.3/2075c51a80f0ef0f22ba616ba54007ac2b0debd4/lwjgl-3.3.3-natives-linux-arm32.jar:/home/abdullah/.gradle/caches/modules-2/files-2.1/org.lwjgl/lwjgl/3.3.3/f35d8b6ffe1ac1e3a5eb1d4e33de80f044ad5fd8/lwjgl-3.3.3-natives-linux-arm64.jar:/home/abdullah/.gradle/caches/modules-2/files-2.1/org.lwjgl/lwjgl/3.3.3/33a6efa288390490ce6eb6c3df47ac21ecf648cf/lwjgl-3.3.3-natives-macos.jar:/home/abdullah/.gradle/caches/modules-2/files-2.1/org.lwjgl/lwjgl/3.3.3/226246e75f6bd8d4e1895bdce8638ef87808d114/lwjgl-3.3.3-natives-macos-arm64.jar:/home/abdullah/.gradle/caches/modules-2/files-2.1/org.lwjgl/lwjgl/3.3.3/a5ed18a2b82fc91b81f40d717cb1f64c9dcb0540/lwjgl-3.3.3-natives-windows.jar:/home/abdullah/.gradle/caches/modules-2/files-2.1/org.lwjgl/lwjgl/3.3.3/9e670718e050aeaeea0c2d5b907cffb142f2e58f/lwjgl-3.3.3-natives-windows-x86.jar:/home/abdullah/.gradle/caches/modules-2/files-2.1/com.badlogicgames.jlayer/jlayer/1.0.1-gdx/7cca83cec5c1b2f011362f4d85aabd71a73b049d/jlayer-1.0.1-gdx.jar:/home/abdullah/.gradle/caches/modules-2/files-2.1/org.jcraft/jorbis/0.0.17/8872d22b293e8f5d7d56ff92be966e6dc28ebdc6/jorbis-0.0.17.jar:/home/abdullah/.gradle/caches/modules-2/files-2.1/com.badlogicgames.jamepad/jamepad/2.26.5.0/5c39b34fa0c39e3dd4607085d27d51b599ea30a0/jamepad-2.26.5.0.jar:/home/abdullah/.gradle/caches/modules-2/files-2.1/org.json/json/20170516/949abe1460757b8dc9902c562f83e49675444572/json-20170516.jar:/home/abdullah/.gradle/caches/modules-2/files-2.1/com.badlogicgames.gdx/gdx-jnigen-loader/2.5.2/f35e90affe07c46b4f5e5958a1a4c1820c4890e2/gdx-jnigen-loader-2.5.2.jar
Launcher Type: SUN_STANDARD

[Global flags]
     intx CICompilerCount                          = 3                                         {product} {ergonomic}
     uint ConcGCThreads                            = 1                                         {product} {ergonomic}
     uint G1ConcRefinementThreads                  = 4                                         {product} {ergonomic}
   size_t G1HeapRegionSize                         = 1048576                                   {product} {ergonomic}
   size_t InitialHeapSize                          = 130023424                                 {product} {ergonomic}
   size_t MarkStackSize                            = 4194304                                   {product} {ergonomic}
   size_t MarkStackSizeMax                         = 536870912                                 {product} {ergonomic}
   size_t MaxHeapSize                              = 2048917504                                {product} {ergonomic}
   size_t MaxNewSize                               = 1228931072                                {product} {ergonomic}
   size_t MinHeapDeltaBytes                        = 1048576                                   {product} {ergonomic}
   size_t MinHeapSize                              = 8388608                                   {product} {ergonomic}
    uintx NonNMethodCodeHeapSize                   = 5836800                                {pd product} {ergonomic}
    uintx NonProfiledCodeHeapSize                  = 122912768                              {pd product} {ergonomic}
    uintx ProfiledCodeHeapSize                     = 122912768                              {pd product} {ergonomic}
    uintx ReservedCodeCacheSize                    = 251662336                              {pd product} {ergonomic}
     bool SegmentedCodeCache                       = true                                      {product} {ergonomic}
   size_t SoftMaxHeapSize                          = 2048917504                             {manageable} {ergonomic}
     bool UseCompressedOops                        = true                           {product lp64_product} {ergonomic}
     bool UseG1GC                                  = true                                      {product} {ergonomic}

Logging:
Log output configuration:
 #0: stdout all=warning uptime,level,tags foldmultilines=false
 #1: stderr all=off uptime,level,tags foldmultilines=false

Release file:
IMPLEMENTOR="Ubuntu"
JAVA_RUNTIME_VERSION="25.0.4+7-1-26.04-Ubuntu"
JAVA_VERSION="25.0.4"
JAVA_VERSION_DATE="2026-07-21"
LIBC="gnu"
MODULES="java.base java.compiler java.datatransfer java.xml java.prefs java.desktop java.instrument java.logging java.management java.security.sasl java.naming java.rmi java.management.rmi java.net.http java.scripting java.security.jgss java.transaction.xa java.sql java.sql.rowset java.xml.crypto java.se java.smartcardio jdk.accessibility jdk.internal.jvmstat jdk.attach jdk.charsets jdk.internal.opt jdk.zipfs jdk.compiler jdk.crypto.cryptoki jdk.crypto.ec jdk.dynalink jdk.internal.ed jdk.editpad jdk.internal.vm.ci jdk.graal.compiler jdk.graal.compiler.management jdk.hotspot.agent jdk.httpserver jdk.incubator.vector jdk.internal.le jdk.internal.md jdk.jartool jdk.javadoc jdk.jcmd jdk.management jdk.management.agent jdk.jconsole jdk.jdeps jdk.jdwp.agent jdk.jdi jdk.jfr jdk.jlink jdk.jpackage jdk.jshell jdk.jsobject jdk.jstatd jdk.localedata jdk.management.jfr jdk.naming.dns jdk.naming.rmi jdk.net jdk.nio.mapmode jdk.sctp jdk.security.auth jdk.security.jgss jdk.unsupported jdk.unsupported.desktop jdk.xml.dom"
OS_ARCH="x86_64"
OS_NAME="Linux"
SOURCE=""

Environment Variables:
PATH=/home/abdullah/.opencode/bin:/home/abdullah/.local/bin:/usr/local/sbin:/usr/local/bin:/usr/sbin:/usr/bin:/sbin:/bin:/usr/games:/usr/local/games:/snap/bin
SHELL=/usr/bin/zsh
DISPLAY=:0
WAYLAND_DISPLAY=wayland-0
LANG=ar_YE.UTF-8
LC_NUMERIC=ar_YE.UTF-8
LC_TIME=ar_YE.UTF-8
TERM=xterm-256color

Active Locale:
LC_ALL=ar_YE.UTF-8
LC_COLLATE=ar_YE.UTF-8
LC_CTYPE=ar_YE.UTF-8
LC_MESSAGES=ar_YE.UTF-8
LC_MONETARY=ar_YE.UTF-8
LC_NUMERIC=ar_YE.UTF-8
LC_TIME=ar_YE.UTF-8

Signal Handlers:
   SIGSEGV: crash_handler in libjvm.so, mask=11100100010111111101111111111110, flags=SA_RESTART|SA_SIGINFO, unblocked
    SIGBUS: crash_handler in libjvm.so, mask=11100100010111111101111111111110, flags=SA_RESTART|SA_SIGINFO, unblocked
    SIGFPE: crash_handler in libjvm.so, mask=11100100010111111101111111111110, flags=SA_RESTART|SA_SIGINFO, unblocked
   SIGPIPE: javaSignalHandler in libjvm.so, mask=11100100010111111101111111111110, flags=SA_RESTART|SA_SIGINFO, blocked
   SIGXFSZ: javaSignalHandler in libjvm.so, mask=11100100010111111101111111111110, flags=SA_RESTART|SA_SIGINFO, blocked
    SIGILL: crash_handler in libjvm.so, mask=11100100010111111101111111111110, flags=SA_RESTART|SA_SIGINFO, unblocked
   SIGUSR2: SR_handler in libjvm.so, mask=00000000000000000000000000000000, flags=SA_RESTART|SA_SIGINFO, blocked
    SIGHUP: UserHandler in libjvm.so, mask=11100100010111111101111111111110, flags=SA_RESTART|SA_SIGINFO, blocked
    SIGINT: UserHandler in libjvm.so, mask=11100100010111111101111111111110, flags=SA_RESTART|SA_SIGINFO, blocked
   SIGTERM: UserHandler in libjvm.so, mask=11100100010111111101111111111110, flags=SA_RESTART|SA_SIGINFO, blocked
   SIGQUIT: UserHandler in libjvm.so, mask=11100100010111111101111111111110, flags=SA_RESTART|SA_SIGINFO, blocked
   SIGTRAP: crash_handler in libjvm.so, mask=11100100010111111101111111111110, flags=SA_RESTART|SA_SIGINFO, unblocked


Compilation memory statistics disabled.

Periodic native trim disabled

---------------  S Y S T E M  ---------------

OS:
DISTRIB_ID=Ubuntu
DISTRIB_RELEASE=26.04
DISTRIB_CODENAME=resolute
DISTRIB_DESCRIPTION="Ubuntu 26.04.1 LTS"
uname: Linux 7.0.0-30-generic #30-Ubuntu SMP PREEMPT_DYNAMIC Fri Jul 31 18:22:54 UTC 2026 x86_64
OS uptime: 0 days 0:47 hours
libc: glibc 2.43 NPTL 2.43 
rlimit (soft/hard): STACK 8192k/infinity , CORE infinity/infinity , NPROC 25802/25802 , NOFILE 524288/524288 , AS infinity/infinity , CPU infinity/infinity , DATA infinity/infinity , FSIZE infinity/infinity , MEMLOCK 8192k/8192k
load average: 2.72 2.46 2.30

/proc/meminfo:
MemTotal:        8002896 kB
MemFree:          383472 kB
MemAvailable:    1449340 kB
Buffers:           29844 kB
Cached:          1958896 kB
SwapCached:         1804 kB
Active:          2150948 kB
Inactive:        4181832 kB
Active(anon):    1708684 kB
Inactive(anon):  3419740 kB
Active(file):     442264 kB
Inactive(file):   762092 kB
Unevictable:      121632 kB
Mlocked:             252 kB
SwapTotal:       6926600 kB
SwapFree:        4773616 kB
Zswap:                 0 kB
Zswapped:              0 kB
Dirty:             18612 kB
Writeback:             0 kB
AnonPages:       4464064 kB
Mapped:           755416 kB
Shmem:            784620 kB
KReclaimable:     162340 kB
Slab:             306492 kB
SReclaimable:     162340 kB
SUnreclaim:       144152 kB
KernelStack:       15504 kB
PageTables:        62032 kB
SecPageTables:      2828 kB
NFS_Unstable:          0 kB
Bounce:                0 kB
WritebackTmp:          0 kB
CommitLimit:    10928048 kB
Committed_AS:   19575320 kB
VmallocTotal:   34359738367 kB
VmallocUsed:       76732 kB
VmallocChunk:          0 kB
Percpu:             3248 kB
HardwareCorrupted:     0 kB
AnonHugePages:         0 kB
ShmemHugePages:        0 kB
ShmemPmdMapped:        0 kB
FileHugePages:      4096 kB
FilePmdMapped:         0 kB
CmaTotal:              0 kB
CmaFree:           80228 kB
Unaccepted:            0 kB
Balloon:               0 kB
HugePages_Total:       0
HugePages_Free:        0
HugePages_Rsvd:        0
HugePages_Surp:        0
Hugepagesize:       2048 kB
Hugetlb:               0 kB
DirectMap4k:      224676 kB
DirectMap2M:     4894720 kB
DirectMap1G:     3145728 kB

/sys/kernel/mm/transparent_hugepage/enabled: always [madvise] never
/sys/kernel/mm/transparent_hugepage/hpage_pmd_size: 2097152
/sys/kernel/mm/transparent_hugepage/shmem_enabled: always within_size advise [never] deny force
/sys/kernel/mm/transparent_hugepage/defrag (defrag/compaction efforts parameter): always defer defer+madvise [madvise] never

Process Memory:
Virtual Size: 6062608K (peak: 6063888K)
Resident Set Size: 268208K (peak: 268208K) (anon: 177940K, file: 86124K, shmem: 4144K)
Swapped out: 0K
C-Heap outstanding allocations: 86860K, retained: 26875K
glibc malloc tunables: (default)

/proc/sys/kernel/threads-max (system-wide limit on the number of threads): 51604
/proc/sys/vm/max_map_count (maximum number of memory map areas a process may have): 1048576
/proc/sys/vm/swappiness (control to define how aggressively the kernel swaps out anonymous memory): 60
/proc/sys/kernel/pid_max (system-wide limit on number of process identifiers): 4194304

container information not found.
Steal ticks since vm start: 0
Steal ticks percentage since vm start:  0.000

CPU: total 4 (initial active 4) (2 cores per cpu, 2 threads per core) family 6 model 61 stepping 4 microcode 0x2f, cx8, cmov, fxsr, ht, mmx, 3dnowpref, sse, sse2, sse3, ssse3, sse4.1, sse4.2, popcnt, lzcnt, tsc, tscinvbit, avx, avx2, aes, erms, clmul, bmi1, bmi2, rtm, adx, fma, vzeroupper, clflush, rdtscp, f16c
CPU Model and flags from /proc/cpuinfo:
model name	: Intel(R) Core(TM) i7-5600U CPU @ 2.60GHz
flags		: fpu vme de pse tsc msr pae mce cx8 apic sep mtrr pge mca cmov pat pse36 clflush dts acpi mmx fxsr sse sse2 ss ht tm pbe syscall nx pdpe1gb rdtscp lm constant_tsc arch_perfmon pebs bts rep_good nopl xtopology nonstop_tsc cpuid aperfmperf pni pclmulqdq dtes64 monitor ds_cpl vmx smx est tm2 ssse3 sdbg fma cx16 xtpr pdcm pcid sse4_1 sse4_2 x2apic movbe popcnt tsc_deadline_timer aes xsave avx f16c rdrand lahf_lm abm 3dnowprefetch cpuid_fault epb pti ssbd ibrs ibpb stibp tpr_shadow flexpriority ept vpid ept_ad fsgsbase tsc_adjust bmi1 hle avx2 smep bmi2 erms invpcid rtm rdseed adx smap intel_pt xsaveopt dtherm ida arat pln pts vnmi md_clear flush_l1d

Online cpus: 0-3
Offline cpus: 
BIOS frequency limitation: <Not Available>
Frequency switch latency (ns): 20000
Available cpu frequencies: <Not Available>
Current governor: schedutil
Core performance/turbo boost: <Not Available>

Memory: 4k page, physical 8002896k(1449340k free), swap 6926600k(4773616k free)
Page Sizes: 4k

vm_info: OpenJDK 64-Bit Server VM (25.0.4+7-1-26.04-Ubuntu) for linux-amd64 JRE (25.0.4+7-1-26.04-Ubuntu), built on 2026-07-23T10:44:21Z with gcc 15.2.0

END.
